:020000022000DC
:1070000000000420F1C7030031C8030033C80300A7
:1070100035C8030037C8030039C80300000000006A
:107020000000000000000000000000006DC7030029
:107030003DC80300000000008DC7030041C80300E5
:1070400045CA030043C8030043C80300B1DB020084
:1070500061DC020043C8030043C8030043C80300C7
:1070600043C8030043C8030043C8030043C80300E8
:1070700043C8030043C8030043C8030043C80300D8
:1070800043C80300F1C4030043C8030043C803001E
:1070900043C8030043C80300758B030043C80300C3
:1070A00043C8030043C8030043C8030043C80300A8
:1070B00043C8030043C803000000000000000000B4
:1070C00043C8030043C8030043C80300D12304009E
:1070D00043C8030043C8030043C80300F17B020018
:1070E00043C8030043C8030043C803000000000076
:1070F0000000000043C80300000000004924040011
:10710000000000000000000000000000000000007F
:10711000000000000000000000000000000000006F
:10712000000000000000000000000000000000005F
:10713000000000000000000000000000000000004F
:10714000000000000000000000000000000000003F
:10715000000000000000000000000000000000002F
:10716000000000000000000000000000000000001F
:10717000000000000000000000000000000000000F
:1071800000000000000000000000000000000000FF
:1071900000000000000000000000000000000000EF
:1071A00000000000000000000000000000000000DF
:1071B00000000000000000000000000000000000CF
:1071C00000000000000000000000000000000000BF
:1071D00000000000000000000000000000000000AF
:1071E000000000000000000000000000000000009F
:1071F000000000000000000000000000000000008F
:10720000F1EE103A43F08073E1EE103A704700BFA0
:1072100010B5054C237833B9044B13B10448AFF3D0
:1072200000800123237010BD806300200000000057
:107230005490040008B5034B1BB103490348AFF356
:10724000008008BD0000000084630020549004000A
:10725000154B002B08BF134B9D46A3F5803A002128
:107260008B460F461348144A121A1BF0A8FF0F4B07
:10727000002B00D098470E4B002B00D098470020E1
:10728000002104000D000D48002802D00C48AFF387
:1072900000801BF001FF2000290015F0FBFA1BF015
:1072A000D5FE00BF00000800000004200000000020
:1072B000000000008063002008A6002000000000FD
:1072C000000000000146014800F0EEB9BC63002058
:1072D00038B500F02FF940B10024054620460134AE
:1072E00000F0B4FDE0B28542F9D838BD70B592B077
:1072F0001D460C46164601A8422200211BF05FFFE6
:10730000412D02D8002012B070BD621CD2B20223FF
:107310008DF806408DF80E408DF826408DF81E2021
:107320008DF827208DF8312040F20945052240F2E2
:1073300001248DF807308DF808308DF809308DF86C
:1073400012308DF821308DF822308DF833308DF8E1
:107350003B30ADF80C502423ADF810408DF81520CB
:107360008DF823201B4D8DF81630042201248DF852
:1073700020308DF8243006958DF81C408DF81F20A4
:107380008DF830203046144D0A9540F60836082313
:107390004FF411640A22ADF804608DF82C30ADF87A
:1073A0002E4040238DF8342001A9062640F20755CF
:1073B0000A4C8DF825604222ADF838508DF83C30EB
:1073C0008DF84330CDF83F401BF0D5FE422012B07F
:1073D00070BD00BF2001052407058003070580025A
:1073E000A0F11000FFF782BF007EFF2806D010B585
:1073F00000F08EFC044618B1204610BD00207047F6
:1074000015F074FC204610BD007EFF280ED000B59C
:1074100083B00DF1070100F0BFFC20B19DF807001B
:1074200003B05DF804FB4FF0FF30F9E74FF0FF3099
:10743000704700BF007EFF2811D000B583B0012245
:107440000DF1070100F070FC20B94FF0FF3003B0E0
:107450005DF804FB9DF8070003B05DF804FB4FF0F6
:10746000FF307047007EFF2801D000F0EFBC70476E
:10747000007EFF2801D000F02FBD0020704700BF24
:10748000F8B50646007EFF281CD017465AB10D46B7
:10749000144600F017FC2946224680B1307E00F0E9
:1074A00085FC241A01D13846F8BD054415F01EFCB0
:1074B000307E00F007FC294622460028EED13F1B13
:1074C0003846F1E70020F8BD70B50368184A5B68DC
:1074D00082B093428DF8071024D10546007EFF2824
:1074E0001DD000F0EFFB0DF10706012431462246C6
:1074F00088B1287E00F05AFC241A02D1012002B083
:1075000070BD064415F0F2FB287E00F0DBFB31462F
:1075100022460028EDD1C4F1010002B070BD002068
:1075200002B070BD01220DF10701984702B070BD95
:1075300081740200014B1878704700BFB8630020C7
:10754000037EFF2B00D07047064B1A78002AFAD131
:10755000054902764161012200F1100103481A70C9
:1075600000F042B8B86300202C600400BC63002027
:10757000007EFF2807D000B583B000F0A3FB20B148
:1075800003B05DF804FB00207047019015F0AEFBDE
:10759000019803B05DF804FB01B900B1704700B574
:1075A00083B0694600F0A4FB009BB3F5966F02D050
:1075B00003B05DF804FB00F031FBF9E730B4084B91
:1075C000084AFF2002F108054FF47A740021303296
:1075D00018761D609C601A615960596130BC704713
:1075E0009C6300203C600400F8B5B0F818214469A1
:1075F000B0F81A31054608680E469B1A144407680D
:1076000095F81C119BB222463046B84750B3221859
:10761000944229D2766806E0052B32D023780BB34A
:107620001C44A24220D96378042BF5D1E378002BC7
:10763000F4D195F81C11013185F81C11002EEDD004
:1076400095F840110729E9D801F1480745F8276066
:10765000217295F84011013185F840111E462378BA
:10766000002BDDD10020F8BDB5F818216B6910445E
:1076700080B2A5F81801588095F81C211A710120D4
:10768000F8BD94F90230002B08DB95F81E31591C27
:1076900085F81E11A1780B43A370BFE795F81D3143
:1076A000591C85F81D11F5E72DE9F0472A4DDFF843
:1076B000B490DFF8B4A0AC4604468846BCE80F009E
:1076C00088B003AF0FC703AE0FCE05F1140E2546E9
:1076D0000FC59EE80700DCF800303B806B4636683B
:1076E0002E8003C36B4603CB04F1180700234FF42D
:1076F000807E012640F2094CA06184F82020676159
:1077000040F2EF22154FE1610420C4F818914FF4C4
:10771000E131A4F81CE1C4F82C31C4F83031C4F8CC
:107720003431C4F83831C4F83C31C4F820C184F88D
:107730004001A28084F81E61A671C4F824A1C4F897
:1077400028710748FFF7FCFE404600F055FA304626
:1077500008B0BDE8F08700BF70600400B0600400AE
:107760009C63002009000001A06004002DE9F04F97
:1077700005468BB0002900F0E480032930D090F852
:1077800040318B4240F2EE8001F14803774F50F8D0
:1077900023400021084605F5A276235C04EB000C8B
:1077A000B3B103F14002D2B2012A0BD9F42B09D8AC
:1077B0001A064CD44FF00108A3F55842B2F5006FF9
:1077C00080F09A80013004EB000C235C002BE8D1A0
:1077D000CBB201335B0043F4407305F5A17C30E08C
:1077E00002A800F01DFA05F5A17C019010B3431E1C
:1077F000DBB205F5A37B5E4F0DF1080A0BEB830BA3
:10780000E64606AE97E80F001AF8018B86E80F00EF
:1078100008F00F090AACA14404EB181819F8109CE1
:1078200018F8103CAEF80490AEF802300EF1040ED9
:10783000DE45E7D1019B5B00DBB201335B0043F423
:107840004073A5F8423160460BB0BDE8F08F03F0FD
:10785000E002C02A5ED003F0F002E02A7AD003F002
:10786000F802F02AAED103F007024FF004089CF8AA
:10787000013003F0C00EBEF1800FA3D19CF802E0EE
:107880000EF0C00903F03F03B9F1800F43EA821301
:1078900098D10EF03F0EB8F1030F4EEA831332D0A9
:1078A0009CF8032002F0C00CBCF1800F8AD102F0DA
:1078B0003F0242EA8313A3F58032BA4282D8A3F58D
:1078C000584CBCF5006FFFF47DAFB3F5803F00F17D
:1078D000040012D31E293FF77BAF4B004FEA922CD6
:1078E0003344C2F30902ACF5205CA2F5105226F82D
:1078F00011C05A80023150E7404420292FD026F889
:107900001130013149E7A3F50062B2F5784FFFF479
:1079100053AF57E79CF8012002F0C00CBCF1800F78
:1079200003F01F037FF44EAF02F03F0242EA8313DD
:10793000A3F18002B2F5F06FBFF444AF4FF002083C
:107940003AE7D0F82031A0F8443100F5A17C4FF49B
:10795000417376E703F00F024FF0030887E740F228
:1079600042333AE74FF0000C6DE700BFFFFF0F0016
:107970009060040000487047BC630020014B5869C8
:10798000704700BFBC6300200A4601460148FFF76C
:10799000EDBE00BFBC630020024B186800B1006957
:1079A000704700BF4065002030B40848BDF808505B
:1079B000046844B1646934B10846A44611461A46C5
:1079C0002B4630BC6047002030BC7047406500202B
:1079D00030B40848BDF80850046844B1A46934B113
:1079E0000846A44611461A462B4630BC604730BCB8
:1079F000704700BF4065002000207047024B1868A8
:107A000008B190F850007047446500202DE9F04718
:107A1000244C2468002C3FD04FEAC0091E4609EBD5
:107A2000000304EB83031746D3F818A088460546E5
:107A3000BAF1000F32D050461CF08DFA4D4404EBE1
:107A40008504D4E90754DFF864C0174B08280246C0
:107A5000514628BF08224046002D08BF6546002C2D
:107A600008BF1C461BF087FB28461CF074FA102840
:107A70000246294628BF102238461BF07CFB2046D0
:107A80001CF069FA042802462146304628BF042229
:107A9000BDE8F0471BF06FBBBDE8F087DFF810A032
:107AA0000820CBE744650020DC600400CC600400C3
:107AB000C0600400F8B50B4F3B6883B1C5002E18B9
:107AC00003EB8606044672691AB190473B6886F854
:107AD0002A002C4403EB840393F82A00F8BD1846CF
:107AE000F8BD00BF44650020054B1B683BB100EBAF
:107AF000C00003EB8003586A1B8D08601380704739
:107B0000446500200A781E2A01D10020704710B574
:107B100020221C460521002300F0AEFF204610BDA8
:107B200070B40A4C039A24685CB100EBC00504EB06
:107B30008504A4682CB10E4630461946234670BC15
:107B400018474FF0FF3070BC704700BF44650020FD
:107B500070B40A4C039A24685CB100EBC00504EBD6
:107B60008504E4682CB10E4630461946234670BCA5
:107B700018474FF0FF3070BC704700BF44650020CD
:107B8000054B1B6833B100EBC00003EB80031B699E
:107B900003B11847704700BF4465002000B5114B82
:107BA000402283B083F8272304F062F84FF080432B
:107BB00002A80024D3F8385400F8084D14F0C4FE8D
:107BC00002A8094B40F8043D14F00EFF14F01EFF0C
:107BD000EB0702D401F0F2FEFCE7204603F08CFE36
:107BE000F8E700BF00E100E0ED7B020003F084BE97
:107BF000002003F0D9BA00BF00B5002383B00322F0
:107C0000CDE9002303490448C82213F0A1FB03B0C7
:107C10005DF804FBE06004009D7B020015F04EBAA5
:107C20004FF08052536E1BBA0360136E1BBA436051
:107C30000820704700487047E860040070B51F4C8A
:107C40002368E3B1C9B91578C5F34115012D11D0E9
:107C5000022D16D15478012C25D0022C0DD19388F9
:107C6000072B0ED1164C114623892246BDE87040E1
:107C700002F06ABE5178222905D0012070BD184655
:107C800070BD084670BD11465288003218BF0122EF
:107C90001A7602F041FE2268136A002BEDD0107EA6
:107CA0009847284670BDDC6934B1114623782246D6
:107CB000BDE8704002F048BE204670BD4865002017
:107CC0000460002010B5044601F0DAFD08B9002078
:107CD00010BD01F0DDFD0028F9D1044B4FF45A72BC
:107CE00002FB0434207900F0010010BD4C65002037
:107CF000064A4FF45A7303FB002050F8063F0B600E
:107D0000838882798A718B80704700BF4C65002020
:107D100008B5044A4FF45A7303FB0020103001F0F9
:107D200027FC08BD4C6500202DE9F0414FF45A7541
:107D300005FB00F5174E05F11004344492B22046BD
:107D400001F040FC0746204601F02AFC3F2802D8FB
:107D50003846BDE8F08106EB0508002098F80310CE
:107D600002F016FD0028F3D0204601F019FC3F2850
:107D700005D898F80310002002F03CFDE8E705F56F
:107D80003A72324498F803104023002002F05EFD5E
:107D9000DEE700BF4C650020034A4FF45A7303FB33
:107DA0000020103001F07CBC4C6500202DE9F84328
:107DB0004FF45A7505FB00F5224E05F12C043444AE
:107DC00092B2204601F0AAFC0746204601F0D0FB03
:107DD0003F2802D83846BDE8F88301F051FD00285D
:107DE000F8D001F055FD80460028F3D1204601F07F
:107DF000BFFB0028EED006EB0509404699F80210BB
:107E000002F0C6FC0028E5D005F54A753544204649
:107E10002946402201F0D6FB034668B12A4699F86C
:107E20000210404602F012FD0028D3D1064B1B6819
:107E3000DB07CFD500BECDE799F8021002F0DAFCDF
:107E4000C8E700BF4C650020F0ED00E02DE9F041EF
:107E5000054601F015FD10B90020BDE8F08101F0E4
:107E600017FD06460028F7D14FF45A7404FB05F4B9
:107E7000174F04F12C053D44284601F079FB0028FA
:107E8000EAD007EB0408304698F8021002F080FCB4
:107E90000028E1D004F54A74274428463946402298
:107EA00001F090FB044668B13A4698F8021030465B
:107EB000234602F0CBFC48B9064B1B68DB07CBD549
:107EC00000BECAE798F8021002F094FC2046C4E70E
:107ED0004C650020F0ED00E008B5044A4FF45A73F9
:107EE00003FB00202C3001F05BFB08BD4C6500203B
:107EF000F0B51B4C83B000214FF45A722046012587
:107F00000E461BF05CF9FF234FF4424204F1480196
:107F10006371E2802B460827009604F110004FF4AD
:107F200080722773258101F0E7FA2B464FF48072A7
:107F300004F5A471009504F12C0001F0DDFA04F5BC
:107F40001271284612F052FC04F52671A0622846F0
:107F5000666212F04BFCC4E9100603B0F0BD00BF2E
:107F60004C65002010B5094B002203F12C0403F1ED
:107F700010001A601A7101F03BFC204601F038FC39
:107F800020460121BDE8104001F05ABC4C6500209C
:107F90002DE9F0414B79022B82B004D00025284610
:107FA00002B0BDE8F0818B79022BF7D1304EB37867
:107FB0002BB1304B1B68DB07F0D500BEEEE78B78AA
:107FC00033700C780C4407466378242B4FF0090576
:107FD0000BD1082A02D822E0AA4220D323781C44DD
:107FE0001D446378242BADB2F6D0052B2CD0042B86
:107FF00015D163790A2B12D11F4A94F8008001929F
:10800000022301320092384604EB08011A4602F0BE
:1080100023FB0028CDD00E3518FA85F5ADB21748F0
:1080200001F0BEFA3F28BAD9F178002002F0B0FB87
:108030000028B4D0114801F0B3FA3F28F17811D8E4
:10804000002002F0D7FBAAE72146384602F080FB69
:108050000028AED0A378737023781C441D44ADB2C1
:108060006378C4E7064A4023002002F0EFFB96E75E
:108070004C650020F0ED00E04E6500205C650020BE
:108080003468002038B5137803F06003202B01D04A
:10809000002038BD254C938825789D42F8D153782F
:1080A000203B032BF4D8DFE803F0271E070281B33F
:1080B000022933D0012038BD59B30229FAD155889D
:1080C0001B482571E94301F0010101F0B9FB194B8F
:1080D000002BEFD0C5F3400205F001010020FFF7AF
:1080E0005BFA012038BD0029E4D111460723124A6A
:1080F00002F02AFC012038BD0029F6D00229D9D18E
:108100000E4B002BD6D00C490020AFF3008001208D
:1081100038BD114602F000FC012038BD084B002B91
:10812000C8D051880020AFF30080C3E74C65002021
:10813000786500209975020052650020000000005B
:10814000000000002DE9F047574CE2788A420D46C6
:1081500007461E4656D19AB204F53A7104F1100052
:1081600001F0DCFA514BD3B16379FF2B17D0B6B1D4
:1081700004F2E72808EB060AA8F2D72902E0C24574
:108180000DD0637918F8012F9A42F8D1484601F0D2
:10819000FFF90028F3D16179AFF30080EFE7444B9A
:1081A00023B1444801F0F4F900285DD0414801F0C2
:1081B000F7F93F285BD8A378AB4203D001252846C6
:1081C000BDE8F0873C4B13B10020AFF3008001F015
:1081D00057FB20BB394801F0CBF90028EED1002E27
:1081E000ECD016F03F06E9D1A178384602F0D0FA7B
:1081F00005460028E2D0A17838463346324602F0E0
:1082000025FBDCE7A3788B42DCD02D4B1D6815F0F5
:108210000105D4D000BE00252846BDE8F08701F056
:1082200037FB05460028D5D1244801F0A1F90028E4
:10823000D0D0A178284602F0ABFA0028CAD0214954
:108240004022A1F53F7001F0BDF9034638B328463E
:108250001C4AA17802F0FAFA0028AFD1184B1B682B
:10826000DB07B7D500BEB5E7AFF300809EE7E17846
:10827000002002F08DFA00289DD00E4801F090F900
:108280003F2804D8E178002002F0B4FA93E74023B5
:108290000D4AE178002002F0D9FAA3788CE7A178A2
:1082A00002F0A8FA96E700BF4C650020000000002D
:1082B000000000005C6500200000000078650020E0
:1082C000F0ED00E074680020346800208C2200216A
:1082D00001481AF074BF00BFB46800208C2200214E
:1082E00001481AF06CBF00BFB46800202DE9F041CE
:1082F0004B79032B82B004D00024204602B0BDE8A5
:10830000F0810D79C5EBC5041234A4B2944205D9AD
:10831000224B1B68DA07EFD500BEEDE7204F7A78D5
:10832000002AF5D191F800E001EB0E0C9CF80180D9
:10833000B8F1210FECD1C7F888C0884611F80E10AB
:1083400007F1010E614407F1020C2A46CDE900CE87
:10835000064602F081F90028DAD098F80630B9789C
:10836000012B04BF98F80730FB700122D7F8883042
:108370003A7198F80220B3F807303A70FB80002970
:10838000BBD030464023074A02F060FA0028B4D13F
:10839000024B1B68DB07B0D500BEAEE7F0ED00E096
:1083A000B4680020FC6800202DE9F041137803F048
:1083B0001F04012C82B003D0002002B0BDE8F08180
:1083C000DFF8D881968898F80070F6B2B742F3D1FA
:1083D00013F0600305460F46164617D100293BD11E
:1083E0005378062BE8D153881B0A212B00F090808C
:1083F000222BE1D10846FFF7CFFAB8F80630024643
:108400003146284602F0A0FA2046D6E7202BD3D1E9
:108410005378013B0A2BCFD801A252F823F000BFBA
:10842000C9840200B78402004D840200B9830200AF
:10843000B9830200B9830200B9830200B983020044
:10844000A18402007B8402005D84020021B93146D0
:108450000123494A02F078FA0120AEE7D1B102299E
:10846000FAD17188454BC9B288F80410002BF3D0BB
:108470000020AFF3008001209FE70029ECD1718834
:108480003F4B090A88F8051023B13846AFF3008046
:10849000002891D03146284602F03EFA01208CE7B0
:1084A000002941D1F388402B86D83146354A02F065
:1084B0004BFA012081E70029CED131460123324A0F
:1084C00002F042FA012078E70029C5D1F4887388C8
:1084D000402C204628BF402013F0FF014FEA132212
:1084E0003CD0012C3AD90138284B88F8081080B2CA
:1084F000012700900020FFF757FA3B189BB27BBB87
:10850000234A1268D2077FF557AF00BE184654E7DA
:10851000D8F88820002A3FF44FAF1378314602B0D4
:10852000BDE8F04102F010BA022995D1F4887388B1
:10853000402C204628BF402013F0FF014FEA1322B1
:1085400005D0012C03D998F848308B420FD00D4B41
:1085500000900020FFF73CFA01202EE70D4BC8E702
:10856000314628460B4A02F0EFF9012025E7013891
:1085700080B2094BECE700BFB868002000000000A3
:1085800000000000FC680020B9680020BD680020E1
:10859000F0ED00E0BC680020FD680020B468002019
:1085A000F0B51C4CA57866788D4283B00BD1B542EE
:1085B00016D1194A22B1DAB218490020AFF300806F
:1085C000012003B0F0BDB142F3D0154B1B68DB07AF
:1085D00003D500BE002003B0F0BD002003B0F0BD05
:1085E00000229BB2114607460093104604F148034F
:1085F000FFF7EEF93846402304F14802A17802F073
:1086000025F90028DCD1064B1B68DA07E5D500BE4A
:10861000D7E700BFB468002000000000BC6800205D
:10862000F0ED00E030B5154C83B000210D464FF45D
:108630001A7220461AF0C3FD04F1480104F110003B
:1086400000950123802200F057FF0123802204F1CE
:10865000C801009504F12C0000F04EFF04F5A47150
:10866000012012F0C3F804F5CC71A062012065620C
:1086700012F0BCF8C4E9100503B030BD64A10020BD
:1086800010B5084C002304F11000C4E90033C4E91C
:10869000023301F0ADF804F12C00BDE8104001F008
:1086A000A7B800BF64A100202DE9F0474B79012B4A
:1086B00003D000242046BDE8F0878B79012BF8D148
:1086C000CB79002BF5D10B78CD1899B26C78242C8E
:1086D0000BD1914202D9ECE78A42EAD32B781D44B0
:1086E0000B446C78242C99B2F6D0042CE1D16B7930
:1086F000012BDED1AB79032BDBD1EB79002BD8D169
:10870000DFF8B88098F8013013B998F802702FB1EB
:10871000274B1B68DB07CCD500BECAE7AB7888F8CF
:1087200000302E7892462A798B1981469CB22E44CD
:1087300032B91FE0337897421C44A4B21E4419D2C8
:10874000A24517D37378052BF4D13146484601F082
:10875000FFFF0028DCD0B378DA0914BF88F80130B5
:1087600088F8023033782A7901371C44FFB2A4B26A
:108770001E44DFE70F4800F013FF3F289AD998F80E
:108780000210002002F004F8002893D0094800F0FD
:1087900007FF3F2898F8021003D8002002F02AF8BB
:1087A00088E7054A4023002002F050F882E700BF26
:1087B000F0ED00E074A100204CA3002064A1002093
:1087C00000207047F8B53D4CA2788A421F4613D16D
:1087D0009AB204F5F47104F1100000F09FFF384BD9
:1087E00013B10020AFF30080364800F0D9FE3F28D7
:1087F0002CD801252846F8BD63788B4208D0324B2F
:108800001D6815F00105F5D000BE00252846F8BD0D
:10881000064604F12C0000F0ABFE40BB2B4800F0F4
:10882000A7FE0028E5D1002FE3D017F03F07E0D1E5
:108830006178304601F0ACFF05460028D9D0617858
:1088400030463B463A4602F001F8D3E7A1780020D3
:1088500001F09EFF05460028CBD01A4800F0A0FE8C
:108860003F28A17820D8002001F0C4FFC2E761783A
:10887000002001F08DFF0028D0D0402204F50A71BD
:1088800004F12C0000F09EFE034698B104F50A7234
:108890006178002001F0DAFF0028AAD10A4B1B689A
:1088A000DB07BBD500BEB9E7094A4023002001F031
:1088B000CDFF9FE7617801F09DFFAFE764A1002045
:1088C0000000000074A10020F0ED00E090A1002065
:1088D0004CA3002030B4114B9C689A6B93F83C5029
:1088E00083F82C10A21A022183F830109A6225B95D
:1088F00042F2050183F83E50998744B13AB11A7BA0
:10890000D20906D193F82F1030BC01F0DBBF30BC88
:10891000704793F82E1030BC01F0D4BF406B00209C
:1089200038B5214B214C05461BB1607BAFF300806D
:10893000A8B1A06BA36894F82F101D4A1B1AB3F5B9
:10894000007F28BF4FF4007328469BB201F07EFFE2
:1089500020B9184B1B68DB0700D500BE38BDA268E4
:10896000A36B84F83E0042F20771D31A0120A1875D
:108970000221A36284F82C0084F83010002AEDD084
:10898000002BEBD0237BDB0906D194F82F1028466F
:10899000BDE8384001F096BF94F82E102846BDE897
:1089A000384001F08FBF00BF00000000406B002086
:1089B00040690020F0ED00E070B52C4CE28AA3681D
:1089C00052BA92B282B0054612B1B3FBF2F292B241
:1089D000A66BD4F81110607B9B1BB3F5007F28BFFA
:1089E0004FF4007309BA0093B6FBF2F302FB136273
:1089F00019441F4BFFF794F8031E16DB94F82E1052
:108A00000CD09BB228461A4A01F020FF58B9194BE6
:108A10001B68DB0707D500BE02B070BD0093284677
:108A20001A4601F0E5FD02B070BDA268A36B43F2E7
:108A300003300021D31AA08784F83E1001200221C0
:108A4000A36284F82C0084F83010002AEBD0002BAD
:108A5000E9D0237BDB0914BF94F82E1094F82F1073
:108A6000284602B0BDE8704001F02CBF406B0020EA
:108A700040690020F0ED00E010B4054C012084F8BE
:108A80003C1084F83D2084F83E305DF8044B70477C
:108A9000406B00204022002101481AF090BB00BF2B
:108AA000406B00204022002101481AF088BB00BF23
:108AB000406B00204B79082B01D0002070478B7948
:108AC000062BFAD1CB79502BF7D1162A06D81C4B9E
:108AD0001B68D907F1D500BE0020704770B5194D4D
:108AE0008B7885F82D300B7882B005F12F0205F1D7
:108AF0002E0619440223CDE900261A46044601F049
:108B0000ABFD48B90E4B1B68DA0702D500BE02B0B8
:108B100070BD002002B070BD20461F2300242A46ED
:108B200095F82F1085F8304001F090FE30B9044BD5
:108B30001B68DB0702D500BE1720E8E71720E6E731
:108B4000F0ED00E0406B002079B970B50B4611786C
:108B500001F07F04022C84B0054608D001F06001CA
:108B6000202938D0002004B070BD0120704754780F
:108B7000012CF3D151880029F4D13E4E918896F80A
:108B80003030042BC9B270D096F82E208A425AD0C9
:108B900096F82F408C4253D1002B51D1214601F041
:108BA00083FE00284CD12146284601F0A7FE00286C
:108BB00046D1002386F83030284696F82F102D4AEB
:108BC0001F2301F043FE00283AD12B4B1B68DB0723
:108BD000C8D500BEC7E75178FE2916D0FF29C1D1FC
:108BE0005388002BBED1D488A3B2002BBAD1214E1A
:108BF0001146284686F83030C6E90D33B48786F82A
:108C00003E3001F089FE0120ADE751880029A9D14D
:108C1000D1880129A6D119488DF80F1038B10192D9
:108C2000FEF7ECFE019A00289CD0431EDBB204AC98
:108C3000114604F8013D28462246012301F084FE36
:108C4000012004B070BD022BFAD1B46BB3681B1BBA
:108C500011460324B36206F120020D2386F830404A
:108C600001F0F4FD0028B0D0EAE701F02BFE204629
:108C700079E700BF406B0020F0ED00E0FD790200D5
:108C8000F0B5A24C94F83050012D8FB01E46074627
:108C900044D02AD3032D04D0022D5FD001200FB081
:108CA000F0BD94F82E308B42F8D10D2EF6D1E37B37
:108CB000282B00F022812A2B40F01581944B13B110
:108CC000607BFEF75DFF002084F830001F238F4A91
:108CD00094F82F10384601F0B9FD002872D18D4B61
:108CE0001B68DA0771D500BED9E794F82F208A42B5
:108CF000D4D11F2B03D1884B2168994267D004231C
:108D000094F82E1084F83030384601F0DBFD3846F8
:108D100094F82F1001F0D6FD0020C0E7E27BA36B92
:108D2000282A12D02A2A00F08A80217B626B1E44F6
:108D3000CB09A66377D0B2420DD9764B1B68DB070F
:108D400040D500BE94F83050A6E7626B1E449642B0
:108D5000A663C0F0B880022384F8303094F82E1057
:108D6000384601F0CBFD002898D1A368A26B94F897
:108D70002E10934202D9207BC00950D19A1A0325A4
:108D8000A26238460D23654A84F8305001F05EFD3A
:108D90000028A4D082E704AA05A9FEF7A5FE059B3A
:108DA00023B1BDF81020002A40F0928294F83C30A4
:108DB00023B940F2024284F83E30A28701213846AE
:108DC000FFF788FD94F8305066E7002067E7544BC2
:108DD000E57B6168236200236162A362012184F85C
:108DE0002C30A363282DA36884F83010636300F04F
:108DF000C0802A2D53D0002B00F01481217BC9099B
:108E000040F01081B3F5007F00F22B8211469BB237
:108E1000444A01F01BFD00283FF461AFD2E7384619
:108E200001F050FD3AE793B2607B3E4A04F10F0136
:108E3000FEF768FE00287BDBA66B626B7BE7E28AAD
:108E400052BA92B21AB1A168B1FBF2F292B2D4F85E
:108E50001110344DB3FBF2FC09BA02FB1C32607BEB
:108E6000009661442B46FEF773FE0028C0F2B680E0
:108E700086422DD9361A38B1A36B291803443246DD
:108E80002846A3631AF082F9002394F82F10009368
:108E90003246384601F0ACFB94F83050FCE6E18AEB
:108EA00049BA89B2002B68D0207BC00940F08B8082
:108EB000002900F0EC81B3FBF1F1002900F00482FD
:108EC000282D38460CD1FFF777FD94F83050E3E6B3
:108ED000D4E90D231E449642A663BFF43CAF384646
:108EE000FFF71EFD6EE7104B002B3FF4ECAE04F1D4
:108EF0000F01607BAFF30080E5E60C4B002B3FF4E5
:108F0000E2AE607BAFF30080DDE600BF406B002087
:108F1000817B0200F0ED00E055534243606B00207E
:108F2000555342534069002000000000000000003B
:108F3000A368A66B94F83C1084F82C509A1B02206E
:108F4000A26284F8300021B942F2050084F83E1094
:108F5000A087002B3FF471AF002A3FF46EAF237B54
:108F6000DB0940F0A98194F82F10384601F0AAFCE3
:108F700062E7E18A49BA89B20BBB00293FF4EBAE44
:108F800094F83C00A362022184F82C1084F830107D
:108F900000287FF4E3AE42F205000021A08784F8A8
:108FA0003E10002B3FF4DAAE237BDB0940F07C81DE
:108FB0001146384601F086FC94F830506CE6207B70
:108FC000C0097FF475AF94F83C00A362022184F8D5
:108FD0002C1084F830100028DDD0E5E7A36BA268E0
:108FE0001E4443F203300021931BA08784F83E10F7
:108FF00001200221A663A36284F82C0084F83010BB
:10900000002A3FF4ABAE002B3FF4A8AE237BDB0974
:1090100040F04A8194F82F10384601F053FC94F840
:10902000305039E6607B252D00F2228101A252F8F2
:1090300025F000BF5192020071920200719202006D
:10904000FD91020071920200719202007192020081
:1090500071920200719202007192020071920200FC
:1090600071920200719202007192020071920200EC
:10907000719202007192020071920200B791020097
:1090800071920200719202007192020071920200CC
:1090900071920200719202007192020071910200BD
:1090A0003B910200719202007192020071920200E3
:1090B000719202007192020071920200719202009C
:1090C000CD90020071920200978D020005AD002341
:1090D0000DF10E0204A96B600593AB60FEF704FD71
:1090E000049A002A3FF462AEBDF80E30002B3FF424
:1090F0005DAE12BA5BBA08200221ADF81E300692AE
:109100008DF817008DF81C1095E80700744B83E864
:1091100007000C20A368002B00F0A380984228BF12
:10912000184683B260636E4A94F82E10384601F0F8
:109130008DFB00283FF4D3AD44E66A4B002B00F0D2
:109140008C80E17CC1F3400301F001020909AFF317
:109150000080002840F0818094F83C30002B7FF4A0
:109160002DAE40F202420023A28784F83E3025E66D
:109170009DF816305C49002203F0800362F3C713A8
:109180008DF8163003238DF815208DF817208DF8F3
:109190001430002900F09A80AFF300809DF816305B
:1091A0004F4A80F0010060F3C7138DF81630059B1D
:1091B00013600420AEE74FF0203302250022CDE9F2
:1091C000052207A909AA08938026079309930D93FE
:1091D000CDE90A330C938DF816500DAB8DF817506E
:1091E00005AD8DF81560FEF711FC0FCD3C4E0FC696
:1091F0000FCD0FC62B68336024208BE794F83C20FA
:1092000094F83D0094F83E10354E4FF0000C4FF0AE
:109210000003CDE905CCCDE907CC62F303038DF85B
:109220001630F0220A23ADF824C08DF820008DF806
:1092300021108DF814208DF81B3005AD0FCD0FC611
:109240002B68A4F83CC084F83EC03380122061E74C
:10925000FEF730FC00283FF47FAFA368002B3FF4FB
:109260007AAD01213846FFF735FB94F8305013E50D
:1092700094F83C20002A7FF4A1AD9BB2184A1B4908
:10928000FEF740FC0028FFF699ADE6D042E7012149
:1092900094F83C0084F82C100221A36284F830106A
:1092A00000287FF47EAE76E694F82E10384601F062
:1092B00009FB94F83050EFE494F82E10384601F092
:1092C00001FBD4E90D2636E50221E1E7012065E73F
:1092D000013B03491BBA12BAC1E90032082019E761
:1092E0004069002000000000000000004F6B0020DB
:1092F00030B5154C83B000210D464FF4EE72204678
:1093000019F05DFF04F13C01201D0095012340226E
:1093100000F0F2F80123402204F17C01009504F1F1
:10932000200000F0E9F804F1BC01012011F05EFA20
:1093300004F58671E0610120A56111F057FAC4E9D6
:109340000D0503B030BD00BF806B002010B5064C8A
:109350002046002340F8043B00F04AFA04F12000C4
:10936000BDE8104000F044BA806B00204B79FF2B21
:1093700001D0002070472DE9F041324D6B7882B06A
:109380000BB9AB781BB1002002B0BDE8F0810C78BE
:109390008B782B70074608790E460C4418B3637817
:1093A000052B0AD0A3189C4202D306E0A34204D99D
:1093B00021780C4461780529F8D1DFF89480CDF844
:1093C000048008F101030246009321460223384637
:1093D00001F042F9A0B13379A978C3EBC3031C446F
:1093E00031B9697891B9A01B80B202B0BDE8F081B3
:1093F00008F25B123846402301F028FA0028F0D129
:10940000114B1B68DA07BED500BEBDE7002001F096
:109410004BFA07460028E6D10C494022A1F5BE7060
:1094200000F0D0F80028DED003466978074A3846B5
:1094300001F00CFA0028D6D1034B1B68DB07D2D50C
:1094400000BED0E7806B0020F0ED00E01C6D002036
:10945000816B002038B5234CA5788D420AD0637803
:109460008B424FF0000004D101F01EFA054600B314
:10947000012038BD9AB204F5AE71201D00F04EF9FE
:10948000194B13B10020AFF30080A178002001F048
:109490000BFA05460028EBD1144800F081F83F286C
:1094A000E6D9A178124A2846402301F0CFF90120DD
:1094B00038BD402204F5CE7104F1200000F082F89E
:1094C0000028D5D0034604F5CE722846617801F015
:1094D000BDF90028CCD1074B1B68DB07C8D500BEFF
:1094E000C6E700BF806B002000000000846B0020F6
:1094F000DC6C0020F0ED00E02DE9F041B2F5004F0A
:109500009DF8188030D8044640691E460F4615461F
:1095100018B14FF0FF3111F0D7FBA06918B14FF02F
:10952000FF3111F0D1FB6A0092B260692760511ED1
:1095300000235242E381A580E68084F80880A1815F
:109540006281238218B11A46194610F075FFA0698E
:1095500038B100231A46194610F06EFF0120BDE80D
:10956000F0810120BDE8F0810020BDE8F08100BF5E
:10957000C189028A89B292B28B1A91429BB202D2FD
:1095800042899B1A9BB28088984228BF1846704730
:10959000C289038A9BB2981AB0FA80F040097047DA
:1095A000C189028A89B292B28B1A914210B49BB2DD
:1095B000848802D240891B1A9BB2E01A80B25DF8FF
:1095C000044B70472DE9F843044680690E46174660
:1095D00018B14FF0FF3111F077FBE089218A80B29A
:1095E00089B2451A8842ADB202D26389ED1AADB292
:1095F000A388AB420AD2C21A984292B245D261897C
:10960000521A92B22282218A1D4689B2002D40D080
:10961000BD4228BF3D468B4203D8C91A89B28B424E
:10962000FBD95B1AB4F8068022689FB2BD4208FBE2
:10963000012124D917FB08F91FFA89F94A46304657
:1096400019F099FDEA1B12FB08F206EB090092B231
:10965000216819F090FD228A92B253199BB29A4266
:1096600019D9628913449BB2A069238220B10023D7
:109670001A46194610F0E0FE2846BDE8F88308FBBC
:1096800005F2304619F077FDE5E7A1899142B9D29C
:10969000B5E7238A9BB2A2899A42E5D2E1E700BFEF
:1096A00070B5054680690E4618B14FF0FF3111F0D4
:1096B0000BFBEC892B8AA4B29BB2E01A9C4280B2CD
:1096C00002D26A89801A80B2AA88824208D2A11A7C
:1096D000944289B21CD26889091A89B2298210463B
:1096E000D0B1934203D39B1A9BB29A42FBD9EA882A
:1096F0002968304602FB031119F03DFD0124A869D9
:1097000020B100231A46194610F096FE204670BD7F
:10971000A8898842E2D2DEE70446F0E72DE9F04767
:10972000154612B92846BDE8F087044640690F4641
:1097300018B14FF0FF3111F0C7FAE689227A218A79
:10974000A388B4F80680B6B289B282B39D4204D32E
:10975000ED1A08FB05770E461D469E42304603D3A0
:10976000C01A80B29842FBD21B1A22681FFA83F9F2
:109770004D4508FB002027D808FB05F2394619F0B3
:10978000FAFCAB199BB29E4202D8A2899A4202D23D
:10979000628913449BB26069E3810028C2D0002330
:1097A0001A46194610F048FE2846BDE8F087721A9E
:1097B0008E4292B202D26189521A92B29A1A92B22F
:1097C000954228BF1546C8E719FB08FA1FFA8AFA1E
:1097D0005246394619F0CFFCA5EB090212FB08F2FC
:1097E00007EB0A0192B2206819F0C5FCC9E700BF77
:1097F00010B50446406918B14FF0FF3111F064FA1A
:10980000A06918B14FF0FF3111F05EFAA3886069CA
:109810005B009BB2591E5A420023E381A181628101
:10982000238218B11A46194610F006FEA06920B12D
:1098300000231A46194610F0FFFD012010BD00BF9D
:1098400038B5044640690D4618B14FF0FF3111F0AC
:109850003BFAA06918B14FF0FF3111F035FA606999
:10986000257220B100231A46194610F0E5FDA069C3
:1098700020B100231A46194610F0DEFD012038BD44
:10988000024B5878003018BF01207047B46D00209B
:10989000024B1878C0F38000704700BFB46D002001
:1098A000014B1878704700BFEB6D00202DE9F043A5
:1098B000374D2C7883B01CB1204603B0BDE8F0834F
:1098C000372221460646334819F079FC32490120F7
:1098D00010F08CFF314B1860002832D030490B4615
:1098E0004A6833F8080B4988009410F001FD2D4BAD
:1098F000186030B32C4B6BB32C4FDFF8B880DFF817
:10990000B8903846AFF300803B78C8F800000DE00F
:10991000D8F8003004EB440203EBC2031B689847FD
:109920003B780134E4B21A1DA24225DBA342EFD8F2
:10993000E31ADBB2042B1CD803EB430309EBC3038C
:10994000ECE71B4B1B68DB07B6D500BE204603B017
:10995000BDE8F083DFF86080144F012458F8183B0D
:1099600098473A780432A24204F1010404DB062C41
:10997000F4D100231B68FFDE304601F05FF930466A
:1099800001F05EF9012420462C7003B0BDE8F0839D
:10999000EB6D0020B46D0020646D0020EC6D0020A4
:1099A000B8600020F06D002000000000606D002015
:1099B000F0ED00E05C6D0020246104002DE9F04F23
:1099C0008BB002F063F9002800F0DC81DFF85C83E3
:1099D000DFF85C93DFF850A3DFF858B3D8F8000045
:1099E0004FF0FF3207A910F0DDFF002800F0CA8118
:1099F0009DF81D30013B072B00F2B881DFE813F022
:109A00001F01FA00C800B900AD0040000E000800B8
:109A1000089B002BE2D009989847DFE79DF82010BB
:109A2000BC4B01F07F0403EB440303EBD11393F829
:109A300025006FF3000083F8250093F825006FF3ED
:109A4000820083F82500002C00F0CC81B24ADB7C38
:109A5000002A00F0C081B14A1278934280F0B981A7
:109A6000DBF8002003EB430312EBC30300F0858116
:109A70001C699DF82120099B9DF81C00A047ADE7BB
:109A8000A44C9DF81C60237843F00103237094F8E4
:109A900025306FF3000384F8253094F825306FF3F8
:109AA000820384F8253094F826306FF3000384F89D
:109AB000263094F826306FF3820384F82630002095
:109AC00000F0ACFF9DF8203003F06002602A00F047
:109AD0006A81402A00F06E8103F01F03012B00F021
:109AE000C581C0F0A281022B40F05D819DF8241059
:109AF00001F07F03082B00F2568158002318CF098C
:109B00003B44854DDB7C002D00F0F481834D2D78A6
:109B1000AB4280F0ED81DBF8005003EB430305EB33
:109B2000C3030093002A00F0EC815BB1009CE06865
:109B300000F074FFE368304608AA00219847002827
:109B40007FF44CAF9DF81C00002101F0CDFA80217C
:109B50009DF81C0001F0C8FA40E76E4B1B78D9074E
:109B60007FF53CAF6E4B002B3FF438AFAFF3008076
:109B700034E7684B1A78D0077FF530AF694A002A7E
:109B80003FF42CAF1878C0F3C000AFF3008025E796
:109B9000624D614A2B78002A00F085800024A342A0
:109BA000194614D9DBF8003004EB440203EBC2037E
:109BB0005B69BBB19DF81C00984729780134E4B279
:109BC0000B1D9C423FF70AAF0B46A342EAD8E31AAB
:109BD000DBB2042B7BD803EB43030AEBC3035B69C3
:109BE000002BE7D10134E4B20B1DA342FFF6F6AE21
:109BF0000B46EAE7494D484A2B789DF81C40002A5D
:109C000000F0F88000260FE0DBF8003006EB46029B
:109C100003EBC2035B68204698472B780136F6B207
:109C20001A1DB242C0F28880B342EDD8F31ADBB2FB
:109C3000042B35D803EB43030AEBC303EAE7374DA4
:109C4000354A2B789DF81C40DAB100260EE0DBF88F
:109C5000003006EB460203EBC2035B6820469847E0
:109C60002B780136F6B21A1DB24233DBB342EED87E
:109C7000F31ADBB2042B13D803EB43030AEBC30341
:109C8000EBE7294F01267B68204698472B78043361
:109C90009E4207F1180706F101061BDC062EF2D1E1
:109CA00000235B68FFDE204E01247269002A00F069
:109CB000B3809DF81C0090472B78191D8C4206F14B
:109CC000180604F101043FF789AE062CEDD10023FC
:109CD0005B69FFDE0F4C37220021204619F06FFA36
:109CE0004FF0FF33C4F80730C4F80B30C4F80F301E
:109CF000C4F80330C4F81330C4F81730C4F81B306C
:109D0000C4F81F30A4F8233000F07EFE9DF8203008
:109D1000A37063E6B46D002000000000606D0020B9
:109D2000000000000000000024610400F06D00202D
:109D3000F0ED00E05C6D002037220021BE4819F0F4
:109D40003EFABE4A4FF0FF3353619361D3611384EF
:109D5000136053609360D360136100F055FEB84BFD
:109D6000002B3FF43BAEAFF3008037E6D9F800306C
:109D7000DA077FF533AE00BE30E6B24B1B68DC0776
:109D800000D500BE0BB0BDE8F08F581EC0B2FDF785
:109D9000F5FD18B14378022B00F06382D9F800304A
:109DA000DB0700D500BED9F80030DD077FF5CAAE6D
:109DB00000BEC7E6A44800283FF4C4AE00F02EFE63
:109DC000304608AA0021FDF739FF00287FF406AECF
:109DD000B8E69B1ADBB2042BCFD803EB43030AEBA4
:109DE000C30345E6099B9DF821209DF81C0000F067
:109DF0002BFEF3E5954F01267B68204698472B788C
:109E000004339E4207F1180706F1010694DC062E82
:109E1000F2D100235B68FFDE1A1D944206F118069A
:109E200004F101047FF751AFD8E5202A00F07A81D0
:109E3000002AB8D19DF82130092BB4D801A252F8DC
:109E400023F000BF59A002001BA00200A79D020042
:109E500079A00200A79D020001A00200AF9F0200AE
:109E6000A79D02009B9F02006D9F02009DF8243079
:109E70000F2B3FF667AE2344754ADB7882B3754AF1
:109E8000127893422AD2DBF8004003EB430314EB31
:109E9000C3043FF457AEE06800F0C0FDE36808AAD1
:109EA00000213046984700287FF498AD9DF8203077
:109EB00013F060047FF446AE9DF821300A3B012B7D
:109EC0003FF640AE00F0AAFD9DF821300A2B00F0CD
:109ED0006E8108A9304600F01FFD7FE59B1ADBB2BA
:109EE000042B3FF62FAE03EB43030AEBC304D2E788
:109EF0005B1BDBB2042B40F22D81002A7FF422AEE3
:109F000000929DF82130012B04D0C0F02C81032B4E
:109F10007FF449AFBDF822509DB9012B00F0348188
:109F200025183D4420356B799B070AD4304601F053
:109F3000DBF86B7943F002036B716B7943F001033B
:109F40006B71009D002D3FF449ADE86800F066FD9F
:109F5000EB6808AA002130469847002000F05EFD1B
:109F600094F82630DF073FF539ADB2E79DF822308F
:109F700003931A4663789A4207D06378002B40F027
:109F80001F81039B002B7FF400AF9DF80C306370A2
:109F9000304608A900F0C0FC20E50AAA637802F860
:109FA0000E3D3046012308A900F0CEFC16E5BDF8B1
:109FB0002200030A5A1EC0B20E2A3FF6C3AD01A109
:109FC00051F822F00DA10200F1A00200E1A0020070
:109FD000459B0200459B0200BBA00200F1A00200CD
:109FE000459B0200459B0200459B0200459B0200E9
:109FF000459B0200459B0200459B020095A0020084
:10A0000008A800F011FD30469DF8221000F01EFE59
:10A01000237843F002032370E0E4BDF82230012BE3
:10A020007FF490AD237830466FF3C30308A9237003
:10A0300000F072FCD2E400BFB46D0020B76D0020C8
:10A0400000000000F0ED00E03D7C0200246104000F
:10A0500000000000606D00202378990801F00201E3
:10A06000C3F340130AAA0B4322F80E3D30460223E5
:10A0700008A900F069FCB1E4BDF82230012B7FF49F
:10A0800061AD2378304643F0080308A9237000F03F
:10A0900043FCA3E4B14B002B3FF454ADFDF7CAFDE4
:10A0A000024600283FF47FAE3046538808A900F0EE
:10A0B0004BFC00287FF492AC44E5A94B002B3FF405
:10A0C00041ADAFF30080024600283FF43BAD30467F
:10A0D000137808A900F038FC00287FF47FAC31E544
:10A0E000BDF82410FDF750FC02460028EFD129E509
:10A0F000022B00F06D819B4B002B3FF423ADAFF39F
:10A1000000800246002A3FF44EAECDE7FDF732FC58
:10A110001223024608A9304600F016FC00287FF4FE
:10A120005DAC0FE59DF824300F2B3FF60BAD2344BB
:10A130008D4ADB782AB18D4A127893421BD39B1A41
:10A14000DBB2042B3FF6FEAC03EB43030AEBC30484
:10A15000E068EDE403EB43030AEBC3030093002A3A
:10A160007FF4E4ACCDE623183B4420330AAA5B79A4
:10A17000C3F3400378E7DBF8004003EB430314EB41
:10A18000C3043FF4DFACE3E723181F4420377B7997
:10A190009A077FF5D6AE304600F0ECFF7B7965F389
:10A1A00041037B717B7965F300037B71C9E60AAAE1
:10A1B00008A902F80E4D3046012300F0C5FB0DE45E
:10A1C000304600F0E7FD694D674AA1782B78009191
:10A1D0008AB300270EE0DBF8003007EB470203EB01
:10A1E000C2035B68304698472B780137FFB21A1DCF
:10A1F000BA420BDBBB42EED8FB1ADBB2042B3FF6B4
:10A200004FAD03EB43030AEBC303EAE73722002118
:10A21000574818F0D4FF574A9DF80030A3704FF00C
:10A22000FF3353619361D361138413605360936070
:10A23000D3601361A5E6504B2A4601271D461346FD
:10A240006A68019330469047019B19780431B942FE
:10A2500005F1180507F10107D8DB062F3FF420AD03
:10A26000EEE7C2792378511161F30413921162F37E
:10A270004513237043880496C318059300F109071A
:10A28000059BBB4240F29C807B780B2B00F09380B7
:10A29000012300937B78042B7FF480AD059B324A29
:10A2A000DB1B9BB20293314B1B7842B3002201921D
:10A2B000164619E0DBF8005006EB460305EBC30534
:10A2C000AB68029A049839469847082803D9029B3C
:10A2D000834280F08480254B1B780136F6B21A1D2C
:10A2E000B2420196FFF65AAD9E42E3D3F31ADDB2B5
:10A2F000042D21D805EB45050AEBC505E0E71E4D09
:10A30000019215E0AB68029A0498394698470828EC
:10A310002B4602D9029A824211D2144B019A1B7821
:10A32000013204339342019205F11805FFF636AD70
:10A33000019B052BDEB2E5D100239B68FFDE0546BD
:10A34000009A012A4ED0009B33B3B97862180B46AD
:10A35000D278FF2A7FF422AD002216E0357C02007D
:10A36000000000000000000000000000606D002000
:10A37000B46D0020B76D0020246104005318DBB2D7
:10A38000E018C078FF287FF409AD23440132DE7065
:10A39000009BD2B29342F1D833462A463946184838
:10A3A00001F0A8FC174B019A1B7804339A422F4402
:10A3B0007FF766AFF2E43B78FA7800921F4469E7D2
:10A3C000114B049E002B3FF4E0ADAFF30080DCE5C1
:10A3D000FDF7D4FA0246002A3FF4E5AC64E62B46CA
:10A3E0000546ADE79B6809490098094A8B4208BFBA
:10A3F00002200146934208BF02210091A5E700BF59
:10A40000C76D0020606D002000000000917F0200F9
:10A41000A986020030B589B000248D1E8DF8091080
:10A420008DF80800CDF80E40CDF80A40ADF8124086
:10A43000032D62D8DFE805F0264108023A4B19786F
:10A44000C90760D409B030BD374B1978C807F9D5B2
:10A450001978364841F00401197000682AB30023C6
:10A4600005AA02A910F0F8F9059B002BEAD0304BA1
:10A470004FF080525A6040BFBFF34F8FBFF36F8FD2
:10A4800009B030BD284929480B7800686FF30003F4
:10A490000B700C7800236FF341040C704B700C7838
:10A4A00063F382040C70002ADAD1134602A94FF03C
:10A4B000FF320FF0C1FF09B030BD1B490B785B07BD
:10A4C000C0D50B788DF8140018466FF38200174C36
:10A4D000087000230521CDF81A30CDF81630ADF8FC
:10A4E0001E3020688DF81510B2B101AA05A910F030
:10A4F000B3F9019B002BA5D0B9E70C4B1868002AD3
:10A50000D3D00023ACE7197808486FF382011970A3
:10A510000068002AA3D1C8E7134605A94FF0FF320F
:10A520000FF08AFF8EE700BFB46D0020F06D0020B1
:10A5300000ED00E030B5154D85B0002301248DF805
:10A540000400CDF80630CDF80A308DF80810ADF8CB
:10A550000E3028688DF8054082B16A4601A910F0D6
:10A560007BF9009B43B10A4B4FF080525A6040BFC9
:10A57000BFF34F8FBFF36F8F05B030BD134601A9F6
:10A580004FF0FF320FF058FFF6E700BFF06D0020EC
:10A5900000ED00E030B50B4685B049688DF8040049
:10A5A0001868114D02AC03C4002306212868ADF8D9
:10A5B00006308DF8051082B16A4601A910F04CF9F9
:10A5C000009B43B1094B4FF080525A6040BFBFF32C
:10A5D0004F8FBFF36F8F05B030BD134601A94FF009
:10A5E000FF320FF029FFF6E7F06D002000ED00E0EC
:10A5F00070B584B0164E9DF82040039207250022C6
:10A60000CDF806208DF80400ADF80A208DF808106A
:10A610008DF8093030688DF805508CB1134601A9CA
:10A620006A4610F019F9009B43B10A4B4FF0805273
:10A630005A6040BFBFF34F8FBFF36F8F04B070BD40
:10A6400023464FF0FF3201A90FF0F6FEF6E700BFF8
:10A65000F06D002000ED00E02DE9F84FDDE90A671C
:10A66000002A46D093464A78052A0C460FD191F825
:10A6700003A00AF0030A534509D18B7803F07F0346
:10A68000082B0DD91C4B1B68DA0700D500BE1A4BEE
:10A690001B68DB0702D40020BDE8F88F00BEFAE794
:10A6A00081460025DFF854800CE06378052BEED15D
:10A6B000E37803F003035345E9D1A37803F07F0364
:10A6C000082BDFD898F80210204601F0E1FA0028A4
:10A6D000D8D02146484600F0CBFA0028D7D0A3783E
:10A6E000DA0914BF3B703370237801355D451C4493
:10A6F000DBD10120BDE8F88FF0ED00E0B46D002063
:10A7000030B5114D85B000230824029001930391C8
:10A7100028688DF8054082B16A4601A910F09CF8BE
:10A72000009B43B1094B4FF080525A6040BFBFF3CA
:10A730004F8FBFF36F8F05B030BD134601A94FF0A7
:10A74000FF320FF079FEF6E7F06D002000ED00E03B
:10A7500038B58B7803F07F03082B06D90A4B1B68AA
:10A76000DB0700D500BE002038BD084B05460C466F
:10A770000846997801F08CFA0028EFD02146284647
:10A78000BDE8384000F074BAF0ED00E0B46D002090
:10A7900070B5164C01F07F0304EB430404EBD114B5
:10A7A0002034607910F0010504D16379590704D58C
:10A7B000284670BD0025284670BD0D4E4FF0FF3174
:10A7C000306810F081FA6379DA0707D463795B07A0
:10A7D00004D4637943F004036371012500233068D6
:10A7E0001A4619460FF028FE284670BDB46D0020A9
:10A7F000EC6D002038B5134D0C4628684FF0FF3142
:10A8000010F062FA104904F07F0301EB430101EB01
:10A81000D41120314B7913F0010310D14C79C4F3DA
:10A82000800424B14A7963F382024A71012400232F
:10A8300028681A4619460FF0FFFD204638BD00244F
:10A84000F5E700BFEC6D0020B46D002070B5144C2E
:10A8500001F07F0604EB460404EBD1142034657943
:10A86000ED0706D50F4B1B68DA0700D500BE0020A8
:10A8700070BD657945F00105657100F0DBFA0028CF
:10A88000F6D16379074A60F300036371637960F37B
:10A89000820363711368DB07E9D500BE70BD00BF9A
:10A8A000B46D0020F0ED00E0054B01F07F0203EBFA
:10A8B000420303EBD11191F8250000F0010070472D
:10A8C000B46D002010B50C4C01F07F0204EB420483
:10A8D00004EBD11494F825309B0700D510BD20342B
:10A8E00000F002FC637943F002036371637943F083
:10A8F0000103637110BD00BFB46D0020054B01F072
:10A900007F0203EB420303EBD11191F82500C0F362
:10A9100040007047B46D00200A4630B4094C4968C5
:10A9200005461068234603C30023C4E9023392F9A5
:10A9300000209A422846ACBF802119461A4630BCF6
:10A94000FFF784BFB46E0020F0B50E462B4C49686B
:10A9500007463068A260254603C50021E181F588DD
:10A96000AB4228BF2B4683B0A381ADB13BB3002AD5
:10A970003DD094F90000402B28BF402300282CDB59
:10A980001F4A3846FFF762FF98B91E4B1B68DB076A
:10A9900012D500BE03B0F0BD96F90030002BACBF5D
:10A9A0008021002138462B462A46FFF74FFF00281A
:10A9B000EBD0012003B0F0BD002003B0F0BD94F94E
:10A9C0000020002AACBF194680211A463846FFF7FE
:10A9D0003DFF0028D9D00120ECE71146084801933B
:10A9E0001A4618F0C8FB064A019B8021EEE7054B8A
:10A9F0001B68D907E0D500BE1046CBE7B46E002037
:10AA0000C86E0020F0ED00E0034B0022C3E90022F5
:10AA1000C3E902221A617047B46E0020014B18612D
:10AA2000704700BFB46E00200346064A59680068AC
:10AA300010B41346002403C3C2E902445DF8044B7A
:10AA4000704700BFB46E002070B5424C2278C9092F
:10AA5000B1EBD21F82B0064616D033B13E4B1B6815
:10AA6000DA0743D4002002B070BD3C4B13B121463D
:10AA7000AFF300802369002B42D03046354A0221D3
:10AA80009847012002B070BD94F90020A068002A08
:10AA900008DB0028E6D01A463149019318F06BFB19
:10AAA000A068019BE589E2881D44ADB21844AA4222
:10AAB000A060E58101D03F2B25D8236923B1254A29
:10AAC00001213046984798B194F9002000239A421A
:10AAD000ACBF8021194630461A46FFF7B7FE78B959
:10AAE0001D4B1B68DB07BDD500BEBCE700BEB9E748
:10AAF0000146304600F0F8FA3046802100F0F4FAC2
:10AB0000012002B070BDA28994F90010531B9BB2C2
:10AB1000402B28BF402300290ADB95424FF000015B
:10AB200012D00F4A3046FFF791FE0028D8D0E7E751
:10AB300095420BD001461A460948019318F01BFBB9
:10AB40008021074A019BEDE70A46EBE780210022BE
:10AB5000E8E700BFB46E0020F0ED00E00000000068
:10AB6000C86E002042DF704743DF704744DF704704
:10AB700012DF70472C4B5B68C3F3080313B9EFF384
:10AB800010839BB1294B93F8D820002A36D101229B
:10AB900083F8D8200260BFF36F8FBFF34F8F244A32
:10ABA000904227D0043A904224D07047214A5368FB
:10ABB0001B06E7D5802110B4C2F88410BFF34F8F75
:10ABC000BFF36F8F194B93F8D840E4B9012283F893
:10ABD000D8200260BFF36F8FBFF34F8F144A9042AB
:10ABE0001DD0043A90421AD0124B80225A605DF870
:10ABF000044B7047002283F8D82070470146012299
:10AC00000D48FFF77DBD5160C2F88410BFF34F8F30
:10AC1000BFF36F8F93F8D840002CF4D1D6E7002211
:10AC200083F8D820E0E700BF00ED00E0086F0020C7
:10AC30005070024000E100E075AB0200704700BFB9
:10AC4000014B80225A60704700E100E0074BD3F8C7
:10AC50000014D3F8002400200A434FF48001C3F805
:10AC60000024C3F85801C3F8041370470070024071
:10AC7000F0B488788D88CC78424FC10900F07F020B
:10AC800002EB42034E00DB000E4403EB86033B4421
:10AC900004F00304C5F30A05012C1D812BD0012308
:10ACA00003FA02F5B9B1384902329340C1F80433CE
:10ACB000D1F810352B43C1F81035334B40F4807276
:10ACC000C3F81805C3F80C25BFF36F8FBFF34F8F80
:10ACD0000120F0BC70472C4C02F10C06B340C4F8C4
:10ACE0000433D4F8143502F594722B43C4F81435A8
:10ACF00044F82210E1E7082A08D0244B186810F025
:10AD00000100E6D000BE0020F0BC7047E9B9B7F8FA
:10AD1000D4301BB11C4B8022C3F81C251A4A0023D7
:10AD2000C2F85031D2F8003313F4001308BFC2F850
:10AD30005431154B4FF44012C3F80423D3F81425B3
:10AD400042F48072C3F81425B7E7B7F8C8200E4B59
:10AD50000021C3F82C1112B18022C3F81C250A4A25
:10AD6000D2F8003313F4001308BFC2F85431064B75
:10AD7000074AC3F80423D3F8102542F48072C3F8BD
:10AD800010259AE7086F002000700240F0ED00E007
:10AD900000082000214B8022F0B4C3F88420BFF3C8
:10ADA0004F8FBFF36F8F1E4A1E4E0D2101250023CA
:10ADB0001D4CA1F10A004FEA810C05FA01F7644429
:10ADC00005FA00F0013138431429C6F8080363601E
:10ADD000A362C2E90033C2E90233C2E9043302F1DB
:10ADE0001802E5D11149124AC6F80823C6F81C35E5
:10ADF000C1F8C0307362C1F8C430B364C1F8C83060
:10AE0000C6F81455C1F8CC30C6F81055C1E9343332
:10AE1000024B80225A60F0BC704700BF00E100E0A6
:10AE2000206F002000700240D06F0240086F0020A9
:10AE30000008300001F07F00F0B54FEA400CCE0969
:10AE40000F460CEB000571009D4CED00314405EB05
:10AE5000810104EB010E6250002283B0AEF8043091
:10AE6000AEF80620002832D1002B39D1954BD3F80B
:10AE70008034C3F3C0139E4232D0934B5B68C3F35C
:10AE80000803002B4DD1EFF31083002B49D18F4BDA
:10AE90005A68150645D58022C3F88420BFF34F8F2A
:10AEA000BFF36F8F94F8D810002940F0E980884AEA
:10AEB000012384F8D8301360BFF36F8FBFF34F8F37
:10AEC000002384F8D830814B80225A603AE04EB992
:10AED00063199A7A002A40F08580012003B0F0BD02
:10AEE000002E40D0844404EBCC0400EB8003618A44
:10AEF000228AA58AE468521A9B0092B203F1804329
:10AF000003F51C337349C3F80046AA4228BF2A46FA
:10AF100001EB8000C3F80426FFF72CFE012003B0EC
:10AF2000F0BD94F8D83003F0FF02002B42D16849FD
:10AF3000012384F8D8300B60BFF36F8FBFF34F8FBE
:10AF400084F8D820604B5A68C2F30802003218BF58
:10AF5000012200230092184639461A46FFF748FBA3
:10AF6000012003B0F0BD584B5B68C3F308033BBB43
:10AF7000EFF3108323BB554B5A68100620D580226F
:10AF8000C3F88420BFF34F8FBFF36F8F94F8D810AE
:10AF9000002977D1504A012384F8D8301360BFF3D9
:10AFA0006F8FBFF34F8F002384F8D830474B802238
:10AFB0005A6092E7012246494848FFF7A1FBC1E7E2
:10AFC00094F8D83003F0FF02002B5DD142490123F1
:10AFD00084F8D8300B60BFF36F8FBFF34F8F84F8C6
:10AFE000D8207AE708289E722ED1364BD3F8C02499
:10AFF000D1033FF572AFD4F8C0003349C3F8A007BE
:10B00000C3F8A4274B68C3F30803002B42D1EFF326
:10B010001083002B3ED12D4B5A6812063AD5802260
:10B02000C3F88420BFF34F8FBFF36F8F94F8D8100D
:10B0300000293CD12A4A012384F8D8301360BFF399
:10B040006F8FBFF34F8FB1E765591E499A8800F59E
:10B05000947400EB800651F82440DB88D21A93B236
:10B06000A4B201EB86011F4AC1F80057A34228BFD2
:10B070002346C1F8043702EB8000FFF77BFD2CE785
:10B080005A6009E75A607BE7012213491348FFF72A
:10B0900037FB22E794F8D8305BB9114A012384F8D2
:10B0A000D8301360BFF36F8FBFF34F8F15E75A602F
:10B0B000B6E701220A490948FFF722FB0DE700BF66
:10B0C000086F00200070024000ED00E000E100E0A9
:10B0D00050700240047002404C70024075AB020098
:10B0E0004870024028700240F8B511F07F0314D078
:10B0F000082B0DD01C4C41F48072C909C4F81825E6
:10B1000006D103EB4302194DD200A818867A66B91E
:10B11000BFF36F8FBFF34F8FF8BD134B01225A65FA
:10B12000BFF36F8FBFF34F8FF8BD03F59476817235
:10B1300054F826608188B0F806C0AF580C48A1EBDF
:10B140000C018AB2B5B203EB830C04EB8C04AA4267
:10B1500028BF2A46C4F8007700EB8300C4F8042710
:10B16000FFF708FDD4E700BF00700240086F002021
:10B170002870024011F0770F12D00A4B41F4807210
:10B18000C3F80C15C3F80C25CA09C3F8181504BF79
:10B1900001F5947143F82120BFF36F8FBFF34F8FF8
:10B1A000704700BF007002402DE9F04F8C4B8D4C72
:10B1B000D3F80003002387B01E461F46012520FA5E
:10B1C00003F11A19C9074FEA820209D5116839B18A
:10B1D00005FA03F117600E43BFF36F8FBFF34F8F74
:10B1E0000133192BEBD1F70700F1CE81DFF80C8288
:10B1F000350508D57A4BD3F8A83601229BB2A8F8BA
:10B20000D23088F8D720B40214D5754BD3F8142562
:10B21000D00500F11082D3F81025D00540F1F0815F
:10B2200098F8D730002B40F0128201220321002031
:10B23000FFF7F0F871021FD5694BD3F8004404F40E
:10B24000E062C3F80024E20500F1EA81670510D549
:10B25000634B0122C3F808259A65D3F8002312F442
:10B26000001208BFC3F854215D4B4FF40012C3F81D
:10B270000423A50500F1CE8134022BD5584BD3F819
:10B280008024D2B28DF81020D3F88414C9B28DF87E
:10B290001110D3F888048DF81200D3F88C048DF8BF
:10B2A0001300D3F890048DF81400D3F894048DF8AB
:10B2B0001500D3F898048DF81600D3F89C348DF857
:10B2C0001730500601D1052904D0012204A900201D
:10B2D000FFF760F9444B33404BB198F8D830002B5E
:10B2E00040F03C81414B1B68DA0700F1AE81DFF88A
:10B2F0000C91DFF8ECA0DFF808B1C8464D460024F9
:10B3000010E0224408EBC2020123D188A980D28830
:10B310000093002318463946FFF76AF9082F45D0F5
:10B320000134183504F10C0326FA03F3DB07E7B206
:10B33000F4D504EB84030AEB83032968D3F80837B8
:10B340006200DBB21019194408EBC0002960C18803
:10B350009BB2194489B2082CC180D2D02989994264
:10B36000CFD1C388A9889942CBD9002FD6D1204B01
:10B370005B68C3F30803002B40F07282EFF3108385
:10B38000002B40F06D821B4B5A68100640F168821A
:10B390008022C3F88420BFF34F8FBFF36F8F98F8DC
:10B3A000D810002900F08E825A60F2E7124B334029
:10B3B000002B00F0C3800A4BD3F86C74C3F86C7494
:10B3C000BFF36F8FBFF34F8F16F4806640F0B980E4
:10B3D000CDE90266024EDFF82CA000241CE000BF7D
:10B3E00000700240409C0010FCFB1F00F0ED00E0EC
:10B3F00000ED00E000E100E000040001086F002023
:10B400004C700240019C0010002C00F0AD81072D13
:10B410003BD0013409F1180927FA04F304EB840C3A
:10B4200004EB4402D90706EB8C0C08EBC202E5B230
:10B43000EAD5DCF80836D9F80C10DBB201EB030EC4
:10B44000C9F80CE0518A0B449BB25382518AB9F877
:10B4500010B004EB0A008B454FF000034FEA800068
:10B4600045F080017ED9538AB9F81420CCF800E663
:10B47000ABEB030B1FFA8BF3934228BF1346CCF8B8
:10B480000436FFF777FB072DC3D1FB0371D4039B71
:10B49000002B6ED1BE0309D5B8F81E20B8F81C30B9
:10B4A000934200F26681012388F822307D0309D59A
:10B4B000B8F83620B8F83430934200F20181012305
:10B4C00088F83A303C0309D5B8F84E20B8F84C302B
:10B4D000934200F21F81012388F85230F80209D507
:10B4E000B8F86620B8F86430934200F2598101231D
:10B4F00088F86A30B90209D5B8F87E20B8F87C30EF
:10B50000934200F26281012388F882307A0209D5E1
:10B51000B8F89620B8F89430934200F26B8101237A
:10B5200088F89A303B0209D5B8F8AE20B8F8AC30AC
:10B53000934200F27481012388F8B23007B0BDE86D
:10B54000F08FD3F88024D3F8803483F08003C3F3E2
:10B55000C0130393C2F3C01302933BE7002388F8A0
:10B56000D830C4E60120528A00901846FFF740F810
:10B570004DE7B8F80620B8F80430934200F2DF80B7
:10B58000012388F80A3085E7BE4BBF4ADFF83083D5
:10B59000BE4800240125C2F81455C2F81055546065
:10B5A00094625C609C629C60DC62DC601C631C6179
:10B5B0005C635C619C639C61DC63DC611C64546261
:10B5C0009464C2F85841D2F80034D2F800140B4306
:10B5D000C2F80034D2F80033C2F808332146C2F86A
:10B5E00004034046DC2217F0EAFD40232A462146A8
:10B5F0002046A8F81430A8F80830FEF79BFFF7E5BE
:10B600004FF40012C3F80823032101220020FEF7A3
:10B6100001FF0FE6012205210020FEF7FBFE2BE6CD
:10B620000122C3F82C2504210020FEF7F3FE670554
:10B630007FF51FAE0CE6D3F8C024D10314D5D3F8A0
:10B640001035DF057FF5F1ADEAE500BE4FE60024D9
:10B650000121B8F8D220009123462046882188F89D
:10B66000D740FEF7C5FFE0E5D8F8C0008849C3F829
:10B67000A007C3F8A4274B68C3F30803002B34D1F9
:10B68000EFF310838BBB834B5A6812062DD58022B3
:10B69000C3F88420BFF34F8FBFF36F8F98F8D81093
:10B6A00000297BD17C4A012388F8D8301360BFF38E
:10B6B0006F8FBFF34F8F774B80225A60724BBEE77C
:10B6C000714AD8F83040D2F8A814B8F83600C2F859
:10B6D00028471B1A9BB289B28B4228BF0B46C2F87F
:10B6E0002C376E48FFF746FAECE698F8D830002B76
:10B6F00040F0AA80684A012388F8D8301360BFF36D
:10B700006F8FBFF34F8F604BD3F81035DC053FF5DB
:10B7100087AD8AE55C4AD8F84840D2F8AC14B8F84E
:10B720004E00C2F83C471B1A9BB289B28B4228BF1D
:10B730000B46C2F840375A48FFF71CFACEE6524A89
:10B74000D8F80040D2F8A014B8F80600C2F80047B4
:10B750001B1A9BB289B28B4228BF0B46C2F8043732
:10B760005048FFF707FA95E6029B002B3FF451AED5
:10B770005FE6454AD8F81840D2F8A414B8F81E007D
:10B78000C2F814471B1A9BB289B28B4228BF0B46E2
:10B79000C2F818374448FFF7EDF987E65A6077E7B3
:10B7A000394AD8F86040D2F8B014B8F86600C2F848
:10B7B00050471B1A9BB289B28B4228BF0B46C2F876
:10B7C00054373A48FFF7D6F994E62F4AD8F878402C
:10B7D000D2F8B414B8F87E00C2F864471B1A9BB2C2
:10B7E00089B28B4228BF0B46C2F868373048FFF752
:10B7F000C1F98BE6244AD8F89040D2F8B814B8F8CA
:10B800009600C2F878471B1A9BB289B28B4228BFB8
:10B810000B46C2F87C372748FFF7ACF982E61A4A94
:10B82000D8F8A840D2F8BC14B8F8AE00C2F88C47DB
:10B830001B1A9BB289B28B4228BF0B46C2F89037C5
:10B840001D48FFF797F979E6012213491B48FEF7D7
:10B8500057FF0D4BD3F81035DD053FF5E1ACE4E4BF
:10B8600098F8D83003F0FF02002B3BD1012388F871
:10B87000D830CBF80030BFF36F8FBFF34F8F88F80D
:10B88000D8204DE504700240007002400514C0014C
:10B8900000ED00E000E100E048700240307002403E
:10B8A00034700240287002402C7002403870024010
:10B8B0003C700240407002404470024075AB020090
:10B8C000086F0020012388F8D830CBF80030BFF390
:10B8D0006F8FBFF34F8F002388F8D830044B80223E
:10B8E0005A601DE5012259460248FEF709FF17E597
:10B8F00000E100E075AB020030B5012883B000F034
:10B900009B8053D302283CD1B44BD3F80435002B91
:10B9100040F0CB80B14AD2F800341C05FBD54FF47F
:10B920000063C2F80034BFF36F8FBFF34F8FAC4A90
:10B93000AC4B12681B68082A00F0CB80A749AA4AC2
:10B9400080230120C1F81C35C1F80403C2F88431FA
:10B950005360A64D43F204044FF080432268AA428C
:10B9600011D0D3F80C14D3F80C24D003F6D5CA07A1
:10B97000F4D59A4B0122C3F80425BFF36F8FBFF3B0
:10B980004F8F03B030BD02AA002102F8041D1046FB
:10B99000FFF7EEF89DF804000028E2D01046019170
:10B9A000FFF7E4F8019A002AD8D0E2E78B4BD3F8EE
:10B9B0000025002AE5D14FF480014FF40062C3F85E
:10B9C0000813C3F80024BFF36F8FBFF34F8F844B6E
:10B9D0001B68082B00F0AC80804B0122C3F80025C7
:10B9E000BFF36F8FBFF34F8F43F2040203F18D5308
:10B9F00003F57723126803F2DB539A4200F0BF800D
:10BA00004FF08043D3F80C24D3F80C34D90301D57C
:10BA1000D207B6D443F20402744B12689A4200F083
:10BA20000C81734B00221A601B6801934FF0804316
:10BA3000012201991A60A4E7684BD3F80025002A77
:10BA40009FD00022C3F80425BFF36F8FBFF34F8F41
:10BA500065498020C1F88400BFF34F8FBFF36F8F1B
:10BA6000D3F80013C3F80813C3F80025BFF36F8F92
:10BA7000BFF34F8F43F2040103F18D5303F5772396
:10BA8000096803F2DB53994200F08E80594B012282
:10BA90001A60594B5A68C2F30802003218BF0122DB
:10BAA00002210020FEF7B6FC6BE743F204024F4B85
:10BAB00012689A4200F0AC804FF08043D3F80C2417
:10BAC000D3F80C34DB037FF525AFD5077FF522AF24
:10BAD00057E7032B09D8494A1168002979D1484C06
:10BAE00049F275301060216010605A1E022A10D889
:10BAF000424A1168002964D1424D3948394B0068E7
:10BB00001B6849F2753414602960146008287FF4BA
:10BB100015AF032B3FF612AF3B493C4B40F2E370AD
:10BB2000402208601A60BFF36F8FBFF34F8F05E7A5
:10BB30002C4B1B685A1E022A12D8304B1A68002A56
:10BB400040F08D802F4949F2753203201A60086059
:10BB50001A60234A234B12681B68082A7FF43CAF03
:10BB6000032B3FF639AF254B1A68002A73D12449BD
:10BB700049F27532C0201A6008601A602CE702ABE7
:10BB8000002203F8042D1846FEF7F2FF9DF804107A
:10BB900000293FF435AF18460192FEF7E7FF019BFD
:10BBA000002B7FF4EEAE35E702A800F8042DFEF777
:10BBB000DFFF9DF80430002B3FF468AFFEF7D4FFA1
:10BBC00067E70749074B0F4A08681B6800211160A7
:10BBD0009CE70B4A0021116087E700BF007002401C
:10BBE000300100103401001000E100E0DBE5B1514C
:10BBF000000100400400004000ED00E000EC0640C1
:10BC000014EC064014ED064000780240047802402F
:10BC100002AB002203F8042D1846FEF7A9FF9DF899
:10BC2000041000293FF448AF18460192FEF79EFF2A
:10BC3000019B002B7FF4A5AE6CE602A8002300F860
:10BC4000043DFEF795FF9DF80430002B3FF4E9AE6C
:10BC5000FEF788FF95E6044BC0221A60BCE6034B52
:10BC600003221A6075E700BF14EC064014ED06408D
:10BC700008B50020FDF71AFE20B9034B1B68DB074F
:10BC800000D500BE08BD00BFF0ED00E0FDF708BE26
:10BC9000C378828803F003000228C2F30A021DD091
:10BCA00013D801280FD1022940F2FF3308BF4FF407
:10BCB0008063934211D20E4B186810F001000CD033
:10BCC00000BE002070470020704702290CBF4FF4CF
:10BCD000806340239342EED301207047022902D0B3
:10BCE000402AE8D8F8E7B2F5007FE4D1F4E700BFD6
:10BCF000F0ED00E00A44914216D230B44C78052CA5
:10BD000005D00C7821448A42F8D830BC70478C7832
:10BD100004F07F0500EB4505E4092B550C78214420
:10BD20008A42EBD830BC7047704700BF50DF704785
:10BD300012DF7047000000002DE9F043064687B08F
:10BD40000C2011F06FFA022011F072FA002108465F
:10BD500011F074FB0EF056FAC14F30600023184604
:10BD6000CDE90133CDE90333ADF8143047F00107D5
:10BD700011F08EFA4FF4AF40B84701AC0DF1020557
:10BD80000DF11408002011F083FA25F8020F4FF48A
:10BD9000AF40B847A845F5D1618822880023914279
:10BDA00003F1010051D26280002B00F0BC8034F816
:10BDB000022C914203F1FF3537D22280A5B334F82B
:10BDC000042C9142A3F102077DD224F8022C5FB328
:10BDD00034F8062C9142A3F1030580F0A28024F8E8
:10BDE000042C0DB334F8082C8A42A3F104076AD955
:10BDF00024F8062CC7B134F80A2C9142A3F10505AA
:10BE000080F08F8024F8082C75B134F80C2C914206
:10BE100059D2062B24F80A2C06D0BDF804309942DA
:10BE200080F0FD80ADF80630002306AA02EB430344
:10BE3000082804F1020423F8141C08D00346618882
:10BE40002288914203F10100ADD30346EDE7BDF82E
:10BE50000C40844A844F0FF2F819D9E90089A4FBF9
:10BE6000022318EB020007FB043349EB03017AA31A
:10BE7000D3E9002316F024FF80B207EE900AF37A8C
:10BE8000F8EE677A002B59D10123F372B6EE007AEF
:10BE900037EE877AC6ED017AFCEEC77A40F63401B8
:10BEA00017EE903A9BB2A3F6C41292B28A4294BFA4
:10BEB00001220022338132730BD841F26702934290
:10BEC00003D9642206E02B46AFE740F6E4429342F2
:10BED00051D8002206A8002300F8153DB272019344
:10BEE000FFF726FF18B99DF80330002B3AD14FF029
:10BEF0008043D3F8383403F00103327B7373C2B14B
:10BF000031892BB141F2530399428CBF00230123A5
:10BF100040F6DE508142B3731BD8F27307B0BDE820
:10BF2000F0833B4681E70120ADF80410023403465C
:10BF300085E7B273F27307B0BDE8F08396ED017A3E
:10BF4000DFED4A6A77EEC77AA7EEA67AF0EE477A77
:10BF50009CE7B27A082A8CBF00220122F27307B054
:10BF6000BDE8F08301A8FFF7E1FE0028BFD1019BE7
:10BF700003F00103C1E741F23502934278D841F260
:10BF80000D0293425BD840F6E572934250D840F6DA
:10BF9000B372934273D840F68B72934200F2A7803B
:10BFA00040F66D72934200F29B8040F645729342D8
:10BFB00000F28F8040F61D72934200F2838040F6BB
:10BFC000F562934277D840F6CD6293426CD840F642
:10BFD000A562934261D840F67D62934256D840F6FE
:10BFE000556293421DD840F6DD52934240F65661A9
:10BFF00040F6DE5040F6E44491BF0022044605229C
:10C00000084694BF05210A21001B891A1B1B4408FE
:10C0100003FB0143B3FBF0F31A44D2B25AE7012306
:10C0200003E70A2240F656640F2140F67E60EBE7F4
:10C03000552240F6E6745A2141F20E00E4E75A22F6
:10C0400041F20E045F2141F23600DDE7AFF30080DC
:10C050000092C8BF3A6B03000024917F75D606009A
:10C06000A06104000040446AC6040A00EC51383E56
:10C070005F2241F23604642141F26800C4E7502295
:10C0800040F6B474552140F6E670BDE70F2240F645
:10C090007E64142140F6A660B6E7142240F6A6643A
:10C0A0001E2140F6CE60AFE71E2240F6CE64282166
:10C0B00040F6F660A8E7282240F6F664322140F602
:10C0C0001E70A1E7322240F61E743C2140F64670F5
:10C0D0009AE73C2240F64674462140F66E7093E79C
:10C0E000462240F66E744B2140F68C708CE74B2252
:10C0F00040F68C74502140F6B47085E700000000D3
:10C100002AB90368CB1AB3F5FA6FC0F02C812DE978
:10C11000F043002387B0CA4F016006461846CDE9B8
:10C120000133CDE90333ADF8143047F0010711F0C6
:10C13000AFF84FF4AF40B84701AC0DF102050DF177
:10C140001408002011F0A4F825F8020F4FF4AF40B6
:10C15000B847A845F5D1618822880023914203F1B0
:10C16000010054D26280002B00F02A8134F8022CA6
:10C17000914203F1FF353AD22280BDB334F8042C4A
:10C180009142A3F1020780F0E98024F8022C6FB3FA
:10C1900034F8062C8A42A3F1030540F20F8124F8FB
:10C1A000042C1DB334F8082C8A42A3F1040740F292
:10C1B000D58024F8062CCFB134F80A2C9142A3F193
:10C1C000050580F0FB8024F8082C7DB134F80C2C98
:10C1D000914280F0C380062B24F80A2C06D0BDF8CB
:10C1E0000430994280F00481ADF80630002306AA9D
:10C1F00002EB4303082804F1020423F8141C08D0BE
:10C20000034661882288914203F10100AAD30346C4
:10C21000EDE7BDF80C408B4A8B4F0FF21429D9E99A
:10C220000089A4FB022318EB020007FB043349EB4F
:10C23000030181A3D3E9002316F042FD80B207EE8B
:10C24000900AF37AF8EE677A002B00F0898096ED79
:10C25000017ADFED7E6A77EEC77AA7EEA67AF0EE76
:10C26000477AB6EE007A37EE877AC6ED017AFCEEB1
:10C27000C77A40F6340117EE903A9BB2A3F6C41287
:10C2800092B28A4294BF01220022338132736CD869
:10C2900041F26702934200F2A98040F6E4429342E1
:10C2A00063D941F23502934200F2D28041F20D028D
:10C2B000934200F2B68040F6E572934200F2AA8003
:10C2C00040F6B372934200F2CA8040F68B729342FA
:10C2D00000F2D38040F66D72934200F2C78040F6C0
:10C2E0004572934200F2D08040F61D72934200F2F4
:10C2F0008A8040F6F562934200F2E98040F6CD6212
:10C30000934200F2DD8040F6A562934200F2D180B4
:10C3100040F67D62934200F2C58040F6556293423A
:10C3200000F2B98040F6DD52934240F6566140F685
:10C33000DE5040F6E44491BF002204460522084640
:10C3400094BF05210A21001B891A1B1B440803FB0B
:10C350000143B3FBF0F31A44D2B207E02B4646E7A1
:10C360000123F3727DE710467047002206A80023E0
:10C3700000F8153DB2720193FFF7DAFC18B99DF889
:10C380000330002B36D14FF08043D3F8383403F01C
:10C390000103327B7373CAB131892BB141F253036C
:10C3A00099428CBF0023012340F6DE508142B373D3
:10C3B00012D80120F27307B0BDE8F0833B4616E7C0
:10C3C0000120ADF80410023403461AE70120B273CD
:10C3D000F27307B0BDE8F083B27A082A8CBF00225E
:10C3E00001220120F27307B0BDE8F0836422BDE7AB
:10C3F0000123FCE601A8FFF799FC0028C3D1019BAB
:10C4000003F00103C5E7322240F61E743C2140F6DA
:10C41000467098E7552240F6E6745A2141F20E0024
:10C4200091E75A2241F20E045F2141F236008AE779
:10C430000092C8BF3A6B03000024917F75D60600B6
:10C44000A06104000040446AC6040A00EC51383E72
:10C450005F2241F23604642141F2680073E7502202
:10C4600040F6B474552140F6E6706CE7462240F67B
:10C470006E744B2140F68C7065E74B2240F68C744D
:10C48000502140F6B4705EE73C2240F646744621E7
:10C4900040F66E7057E70A2240F656640F2140F6C8
:10C4A0007E6050E70F2240F67E64142140F6A660BD
:10C4B00049E7142240F6A6641E2140F6CE6042E70A
:10C4C0001E2240F6CE64282140F6F6603BE7282283
:10C4D00040F6F664322140F61E7034E7F0B50446AB
:10C4E00085B00DF08FFE374B34B91A68821AB2F559
:10C4F0007A7F01D205B0F0BD334A344C1678227BE6
:10C500001860B6FA86F35B090AB143F00203627B56
:10C510000AB143F00403A27B0AB143F00803E27BB3
:10C520000AB143F010032A4D2A780AB143F02003E0
:10C53000284A1268101A284A12780028C8BF43F007
:10C5400040030AB143F08003244A25481288218918
:10C550008DF80530234B00788DF80E20224F8DF892
:10C560000660120A9E798DF80F2000230A0A8DF8C2
:10C570000B00A07AADF80C303F788DF8091001233C
:10C580008DF80A2001A90C228DF8080017488DF8B3
:10C5900004308DF807708DF80C600AF0FFF9A17A6D
:10C5A00013480AF015FA2B78002BA3D001A90C220E
:10C5B0000E480AF079FAA17A0D480AF00DFB05B091
:10C5C000F0BD00BFA87000201061002000730020A3
:10C5D00018710020B8700020107300203070002007
:10C5E000B47000201473002011610020BC70002082
:10C5F000CC71002010B5014682B01C480CF0B2FA94
:10C6000030B104460AF0F6FB20B920460AF06EFC71
:10C6100002B010BD684621460AF0F8FB694614488E
:10C6200000F002FFD0B90DF0EDFD124B1B68181A97
:10C63000002804DD69460E4801F072F850B90E4931
:10C640000E480DF081FC20460AF046FC20460AF018
:10C65000EDFBDDE70A4909480DF076FC0123094AA4
:10C6600018461370FFF73AFF02B010BDEC8D0020A2
:10C6700014730020B8700020C86104009C6300207F
:10C68000A86104001871002017490988814200D070
:10C69000704738B5154C217809B1012B00D038BD51
:10C6A0001378134A134D642B28BF64233220FF21D3
:10C6B00011FB0301A2FB0121490903202B7010F09B
:10C6C00025FD29780C4800F0D3FE29780B480AF0A4
:10C6D0007FF923781BB1297808480AF07DFA0120F8
:10C6E000BDE83840FFF7FABE126100201871002043
:10C6F0001F85EB5111610020147300201C71002074
:10C7000038B50DF07FFD214B1860214801F0A4F8E9
:10C7100020491F4801F004F900231D4A1E484A2100
:10C7200001F058FC30B31D4B1D491C881D481E4D9F
:10C7300044F620634FF6FF7294420CBF0A461A4635
:10C74000012404700423082113482B7001F0EEFC2F
:10C75000044618B902232B70204638BD00232B70E5
:10C760000DF050FD114B1249186012480DF0ECFB12
:10C77000204638BD0B4A0C4B0F49044614700D4837
:10C7800001221A700DF0E0FB204638BDB070002089
:10C7900034730020801A0600947200201261002079
:10C7A000A08601009E70002010610020A47000206F
:10C7B000106204009C630020F4610400164A138890
:10C7C00010B54FF6FF74A342014601D083420DD14C
:10C7D000124B1180124800221A700CF0C3F920B1DC
:10C7E0000AF084FB0F4B1B784BB910BD0C480CF0C2
:10C7F000B9F90028F9D0BDE810400AF017BB44F69B
:10C8000020620821084801F091FC0028EDD1074B77
:10C8100002221A7010BD00BF1261002018710020A2
:10C82000EC8D00209E70002094720020106100208A
:10C8300030B5054683B091B10C46254825490DF029
:10C84000BBFA21460A2222480DF096FB29462248CF
:10C850000CF088F908B10AF0E9FA03B030BD0146DE
:10C860001D480CF07FF904460028F6D00AF0C2FA01
:10C8700020B920460AF03AFB03B030BD6846214695
:10C880000AF0C4FA6946154800F0CEFDC0B90DF0B3
:10C89000B9FC134B1B68181A002804DD69460F48C1
:10C8A00000F03EFF40B90F4909480DF04DFB20460E
:10C8B0000AF012FB2046CEE70B4905480DF044FB79
:10C8C00001230A4A18461370FFF708FEC5E700BFA8
:10C8D0009C63002040620400EC8D00201473002053
:10C8E000B8700020C8610400A8610400187100201D
:10C8F000414B1A88824200D07047F0B53F4A404D04
:10C90000127800204FF6FF7185B028701980002A38
:10C9100067D13C4E3C4C0DF075FC3C4B3678227B8D
:10C920001860B6FA86F35B090AB143F00203627B32
:10C930000AB143F00403A27B0AB143F00803E27B8F
:10C940000AB143F010032A780AB143F02003304AB9
:10C950001268101A2F4A12780028C8BF43F040030B
:10C96000002A3BD12C4A2D48128821898DF80530A8
:10C970002B4B00788DF80E202A4F8DF80660120A96
:10C980009E798DF80F2000230A0A8DF80B00A07AFB
:10C99000ADF80C303F788DF8091001238DF80A208E
:10C9A00001A90C228DF808001F488DF804308DF87D
:10C9B00007708DF80C6009F0F1FFA17A1B480AF0AE
:10C9C00007F82B7843B101A90C2217480AF06CF83C
:10C9D000A17A16480AF000F905B0F0BD43F08003D3
:10C9E000C0E7134A1348074E082101F09FFB0028B7
:10C9F00090D1022333708DE7126100209E700020D9
:10CA0000187100201061002000730020A870002021
:10CA1000B87000201073002030700020B470002027
:10CA20001473002011610020BC700020CC71002024
:10CA3000A08601009472002070B54FF4E13199484E
:10CA4000994D9A4E9A4CFAF77BFD0221012010F085
:10CA5000F5FC4FF416700DF0E1FB012010F08EFD97
:10CA60000121431A18BF012303202B7010F0E6FCAC
:10CA7000082010F02BFB304600F074FD73798D48D0
:10CA80002370FFF759F9B37953B90DF0BBFB8A4A0C
:10CA90008A4900F5EA33C033824813600DF054FA36
:10CAA000002187480CF01EF8032185480BF0D6FDC5
:10CAB0000022012182480BF007FE002180480BF084
:10CAC000BFFF80497E480BF093FF7F497C480AF006
:10CAD000C9FC7E497A480AF0C7FC18220C21784824
:10CAE0000AF0A0FC002176480AF0A6FC4FF47A6117
:10CAF00073480AF0A9FC002319461A4674480AF044
:10CB000029FE002172480AF03DFE724970480AF081
:10CB1000E5FE71496E480AF0E5FE2B7813B16F48C7
:10CB20000CF074F905226E496E480CF0E5F91B22F1
:10CB30006D496C480CF0D4F918226C4969480CF026
:10CB4000D3F905226A4967480CF0D2F965480CF020
:10CB50000DFA68480BF036FA1221674809F0DEFE3C
:10CB600000222121644809F0F1FE1021624809F0F9
:10CB7000DBFE614809F026FC1A21604809F0CEFE70
:10CB8000212211465D4809F0E1FE01215B4809F0D0
:10CB9000CBFE01225A49594809F0DEFE574809F0F8
:10CBA00011FC1221574809F0B9FE002221215548F5
:10CBB00009F0CCFE0C21534809F0B6FE514809F0AB
:10CBC00001FC51480BF0FEF91221504809F0A6FE75
:10CBD000002221214D4809F0B9FE01214B4809F0FE
:10CBE000A3FE4A4809F0EEFB2378494A642B28BF8C
:10CBF00064233220FF2111FB0301A2FB012149091B
:10CC00000320237010F082FA2178284800F030FCCD
:10CC100021783A4809F0DCFE3E4B1B781BB12178A5
:10CC2000364809F0D9FFFFF76BFD0120FFF756FCEE
:10CC3000394809F01DFB384809F03AFA374809F03D
:10CC400037FA0621344809F01FFA334809F004FA8C
:10CC50002849314809F0BCF9304809F0CFF92B7860
:10CC60001BB11E492D4809F0B3F901212A4809F0EA
:10CC700043FA4FF4A0722021274809F039FA142111
:10CC8000254809F033FA0021234809F091FA244994
:10CC900004480DF059F923490248BDE870400DF0F1
:10CCA00053B900BF9C630020107300201473002050
:10CCB0001161002000730020B8700020EC630400B4
:10CCC000EC8D00205C620400BDC70200F1C80200C8
:10CCD0000C8E002031C80200F5C50200247200202D
:10CCE0007062040054700020786204001064040034
:10CCF0002C64040034700020747100201C7100202A
:10CD000089C60200BC70002018700020CC71002081
:10CD10001F85EB51187100202C940020689400208E
:10CD200034640400506404002DE9F04F87B00DF026
:10CD300069FABE4F05460DF065FA3B780646002BB2
:10CD400040F08780BA4B1B6841F28732C61A964280
:10CD50005AD80DF057FA0446012010F00FFCB549DF
:10CD600010F1FF360B7818BF01269E422CD0DFF859
:10CD70001CC3DCF80020A21A1D2A25D901280E7038
:10CD8000CCF8004000F0DC81AB4BAC49AC4A1C60F5
:10CD900000230B701370AB48FAF726FB00283AD13A
:10CDA00000222946A848FFF7ABF900282FD1FFF74A
:10CDB00095FB29460022A54800F084FC01200DF0D7
:10CDC0002DFA07B0BDE8F08F002BE4D09A4B1B681A
:10CDD000E41AB4F5FA5FC0F0E181994C2378002B96
:10CDE00000F08481954C2378002BD4D10DF00AFA01
:10CDF000974B984900F5EA30C030186091480DF023
:10CE0000A3F801232370C6E7FFF77AFCA1E701200E
:10CE1000FFF764FBCDE78B4902A80A220DF028F941
:10CE200002A80DF0C3F902A88B490DF0A7F900285C
:10CE300000F02E810DF0E6F9854A864900F5EA33C7
:10CE4000C033804813600DF07FF802A80DF06CF934
:10CE5000A6E7824801F048F9002840F0C880804CDD
:10CE6000DFF8F8810095A3465946404601F044F9A1
:10CE7000002800F09F802378082BF5D194ED056AF7
:10CE8000D4ED085AD4ED066A94ED077A754A764BCC
:10CE900066EE067A1E60E5EEA57A1388B5EE005AB6
:10CEA000E6EEA67A01331380704AE7EE077A002394
:10CEB0001370F4EEC57AF1EE10FAF1EEE74A69D498
:10CEC000B0EE025AF4EEC57AF1EE10FA62DC684A6E
:10CED0001278002AC8D0B7EE005AC5EE247A102284
:10CEE00099469E469C4602A9624865EEA75A26EEE0
:10CEF000276A15EE905A4FEA152A65F307036AF37D
:10CF00000F2325FA02FA6AF317434FEA156A6AF308
:10CF10001F6316EE10AA66EEA76A6AF3070902936A
:10CF20004FEA1A2363F30F292AFA02F363F317492E
:10CF30004FEA1A6A16EE903A6AF31F6967EE277A8B
:10CF400063F3070ECDF80C904FEA132917EE90AA61
:10CF500069F30F2E23FA02F969F3174E1B0E6AF3D9
:10CF6000070C63F31F6E4FEA1A2363F30F2C2AFAA0
:10CF700002F363F3174C4FEA1A6A6AF31F6CCDEDA4
:10CF8000015ACDF810E0CDF814C009F08DFD00284D
:10CF90007FF46AAF384A13884FF6FF718B423FF433
:10CFA00063AF013359464046138001F0A5F80028CD
:10CFB0007FF461AF2C4B009D1B6840F2EE22F31A08
:10CFC000934202D9294B03221A702C4A1368F31A90
:10CFD000B3F57A7FFFF4BDAE224929480B8816606D
:10CFE000FF2B28BFFF2300220A800370B1E6254BE8
:10CFF000254AB3F800C01D4C397844F620634FF63B
:10D00000FF70844518BF1A4604232370002940F09E
:10D01000BD80194A13884FF6FF7100208B4238708B
:10D020003FF497AE0133138093E600BF9E7000205B
:10D03000B07000204D70002050700020AC700020B7
:10D040004C7000209C6300200073002014730020AB
:10D05000B8700020EC630400606304009472002048
:10D06000E86F00209C700020A47000201061002058
:10D07000187100207471002030700020147100209D
:10D08000B470002012610020A0860100A070002072
:10D090005E4902A80DF072F8002857D05C4E318826
:10D0A0004FF6FF7399420BD05A480BF05BFD08B165
:10D0B00009F0BCFE584A00214FF6FF73117033800F
:10D0C000564800F015FB53480AF0AAF90DF09AF8FB
:10D0D000534A544900F5EA33C033534813600CF007
:10D0E00033FF524950480CF02FFFAEE6484E3188CE
:10D0F0004FF6FF7399420BD046480BF033FD08B151
:10D1000009F094FE444A00214FF6FF7311703380FA
:10D11000424800F0EDFA3F480AF082F90DF072F84B
:10D120003F4B404900F5EA30C03018603E480CF0F3
:10D130000BFF01233D493C4823700CF005FF2AE614
:10D140003B493C4A00230B70137024E63A4902A87D
:10D150000DF014F850B33B78002B3FF476AE2C4A18
:10D16000364B1488364844F620614FF6FF729442DD
:10D1700014BF0A461A46082100F0D8FF00283FF4E1
:10D1800064AE304928480CF0DFFE5EE608212C48EA
:10D1900000F0CCFF38B9022323703AE7B4F5FA6FF8
:10D1A000BFF420AEF7E50023237058E6264902A815
:10D1B0000CF0E4FF00283FF448AE244C24491A4800
:10D1C0000CF0FAFD218918480A220CF037FE21499B
:10D1D00015480CF0F1FDA17A13480A220CF0FEFD6F
:10D1E0001D4911480CF0E8FD1C4B0F4819780A2224
:10D1F0000CF0F4FD1A490C480CF0DEFD074B0A4810
:10D2000099790A220CF0B8FE1FE600BF686304009B
:10D2100012610020EC8D0020187100201473002092
:10D22000B8700020EC6304009C63002034630400A9
:10D23000AC7000204C70002070630400A0860100D8
:10D240009472002078630400B4630400007300202B
:10D25000BC630400C8630400D863040010610020AC
:10D26000E463040010B5044B044640F8083B0AF0A0
:10D27000E5FE204610BD00BFE468040010B5044B75
:10D28000044640F8083B0AF0D9FE204610BD00BF16
:10D29000E468040010B5074B044640F8183B09F059
:10D2A00077F82046044B40F8083B0AF0C7FE2046BA
:10D2B00010BD00BFB4690400E46804002DE9F0412A
:10D2C000464E4749474C484FDFF85481474D84B09C
:10D2D00068460AF0D3FE694630460AF08FFE68467B
:10D2E0000AF0ACFE22463946304615F0EDF86846A5
:10D2F0003F49404E0AF0C2FE6946404609F0C6FA70
:10D3000068460AF09BFE22462946404615F0DCF8A6
:10D3100068463949DFF80C810AF0B0FE69463046AC
:10D3200009F0B4FA68460AF089FE224629463046DA
:10D3300015F0CAF868463149314E0AF09FFE694639
:10D34000404609F0A3FA68460AF078FE22462946CC
:10D35000404615F0B9F8684641F60F010AF080FE24
:10D36000694630460AF04AFE68460AF067FE2246E1
:10D3700039463046234E244F15F0A6F8684642F64B
:10D3800019210AF06DFE6946304609F07FFA6846B9
:10D390000AF054FE22462946304615F095F81B4EF9
:10D3A0001B4D38460BF00CFD22461A49384615F045
:10D3B0008BF830460BF0A4FD22463046164915F096
:10D3C00083F828464FF0FF3100F0F8FD224628464A
:10D3D000124915F079F804B0BDE8F08134700020EE
:10D3E0000C6304000060002065D20200916303001A
:10D3F000E46204001C710020BC620400946204001A
:10D4000018700020CC71002024720020547000207D
:10D410009472002095D202007DD20200D1DF02007A
:10D4200074710020BC700020F8B585795DB10E786C
:10D43000037A7608B3420F46044606D0012D02D97E
:10D44000E37BB3420AD00020F8BD06220131093047
:10D4500015F082FE0028F1D10120F8BD791C04F1FD
:10D460001000062215F078FEB0FA80F04009F8BDF1
:10D4700043798B4208D0012310B54171837604466D
:10D480000CF0C0FEE06110BD704700BF30B5314BFD
:10D4900004469BB0013804F115054FF0FF3210F837
:10D4A000011F4A4042F30001194081EA520141F351
:10D4B00000021A4082EA510141F300021A4082EA56
:10D4C000510242F30001194081EA520242F3000185
:10D4D000194081EA520141F300021A4082EA5101E7
:10D4E00041F300021A4082EA510242F3000119405E
:10D4F000854281EA5202D2D1D243C4F8162016499D
:10D5000001A802F0ABFE01A80122144902F074FF49
:10D5100010B900201BB030BD1A22214601A802F02C
:10D52000ABFD054601A803F033F91A2D04D00B49D1
:10D53000094802F057FDECE70949074802F052FD9F
:10D54000074A0649044802F065FD0028E1D000239F
:10D55000A376DFE72083B8ED2C7D00208C640400E7
:10D5600078640400F0B504469BB0524808F016FBFE
:10D5700000287ED04F4901A802F070FE01A80022C9
:10D580004D4902F039FF0546002857D01A2221469E
:10D5900001A803F087F8064601A803F0F9F8474B05
:10D5A000601E04F115074FF0FF3210F8011F4A40CA
:10D5B00042F30001194081EA520141F300021A408E
:10D5C00082EA510141F300021A4082EA510242F319
:10D5D0000001194081EA520242F30001194081EA38
:10D5E000520141F300021A4082EA510141F3000264
:10D5F0001A4082EA510242F300011940874281EA4F
:10D600005202D2D11A2E06D12D4B2168994202D155
:10D610002379012B45D00023294DC4F8063044F26C
:10D6200001600121C4F80A30C4F80E30C4F8123089
:10D63000C4F816302560A080A17610E02048C4F818
:10D64000065044F201610122C4F80A50C4F80E5099
:10D65000C4F81250C4F816502060A180A2760CF0D5
:10D66000D1FDE0612046FFF711FF054628461BB0BB
:10D67000F0BD054644F2016101221148C4F806508C
:10D68000C4F80A50C4F80E50C4F81250C4F816502A
:10D690002060A180A2760CF0B5FDE06128461BB0A9
:10D6A000F0BDA379022BB6D8D4F81630D2439342FA
:10D6B000B1D1DBE72C7D0020786404002083B8ED35
:10D6C000594E5348837E5BB162B910B4C46940F2CD
:10D6D000DB53091B994207D95DF8044BFFF7D6BE0F
:10D6E00001207047FFF7D2BE10465DF8044B70472B
:10D6F00038B50023012583718360C3600361838291
:10D70000857604460CF07EFDE0610CF07BFDA37E87
:10D710000BB9284638BD2046BDE83840FFF7B6BEF5
:10D72000F8B5867904460F46EEB10D78037A6D0898
:10D73000AB4206D0012E35D9E37BAB420AD00020A4
:10D74000F8BD06220131093015F006FD0028F1D19F
:10D750000120F8BD791C04F11000062215F0FCFC34
:10D760000028ECD1F4E701220923A271397804EBF7
:10D77000C602961BC1F34602327257F8012FE250DF
:10D780002344BA889A800123A3760CF03BFDE06124
:10D790000CF038FDA37E002BDAD02046BDE8F8401F
:10D7A000FFF774BE012602221023DEE7704700BF98
:10D7B00020300CF045BC00BF20300CF033BC00BF63
:10D7C00020300CF043BC00BF38B5437F0BB90020BC
:10D7D00038BD00F1680420460D460CF03FFC0028DF
:10D7E000F5D1204629460CF00BFC012038BD00BFC6
:10D7F0002DE9F0475AB30646DFF8588033681B68B6
:10D800004D1E434517464FF0000400F1680915F816
:10D8100001AF16D1737F13B92046BDE8F0874846A3
:10D820000CF01CFC0028F7D1514648460CF0E8FBF0
:10D830000134A742F0D0336815F801AF1B684345A7
:10D84000E8D05146304698470028F1D1E4E7144625
:10D85000E2E700BFC9D7020010B4837E1F2B4FF050
:10D86000010288BF03F01F03C27603F5E0738CBF8B
:10D87000284A4FF0A04240F20C6142F82310437E48
:10D880001F2B86BF03F01F03224A4FF0A04203F56F
:10D89000E07340F20C6142F8231003694FF0CC7240
:10D8A000C3F8242503690622C3F800250369827E94
:10D8B000C3F808250369427EC3F80C2590F9183097
:10D8C000002B14DA144A03F00F031A446023137672
:10D8D00090F91830002B07DB104903F01F000122DC
:10D8E0005B09824041F823205DF8044B70475909D9
:10D8F000603103F01F030124084A04FA03F342F8DD
:10D90000213090F91830002BDCDB1344602283F8BF
:10D910000023DDE700030050FCEC00E000E100E044
:10D92000C37EE3B10E4B026910B499424FF000047C
:10D93000C2F8004510D90B4B994294BF4FF080615B
:10D940004FF0C86103695DF8044BC3F824150369FF
:10D950000622C3F8002570474FF0CC71F2E77047FC
:10D96000A086010090D003000AB9104670472DE947
:10D97000F041054600F12008404614461E460F4679
:10D980000CF04CFB2B69C3F888752A6901231362DC
:10D990002A69C2F834852A69C2F838452A691360B1
:10D9A0002A6902E0D2F824311BB9D2F84C110029BF
:10D9B000F8D00023C2F84C312A6902E0D2F82411D1
:10D9C00019B9D2F85C110029F8D00023C2F85C31F3
:10D9D0002B696EB9D3F8242152B90122DA612A6980
:10D9E000D2F84831002BFBD00023C2F8483109E0BF
:10D9F00001225A612A69D2F80431002BFBD000239E
:10DA0000C2F804312B69D3F824211AB10022C3F8DB
:10DA100024212B69D3F83C052866C0B2BDE8F0810B
:10DA200010B50446683084F8B0100CF0F7FA012302
:10DA3000637710BDF8B50446026990F8B000002382
:10DA40006377C2F888052269C2F804312369012787
:10DA50001F62236904F16806C3F8446530460D4629
:10DA60000CF0EEFA2369C3F8480523699F60236927
:10DA700002E0D3F824211AB9D3F85021002AF8D0B3
:10DA80000022C3F8502130460CF0DAFA236940BB7B
:10DA90000022C3F86021236915B9D3F824212AB3E1
:10DAA00001225A612269D2F80431002BFBD00023F5
:10DAB000C2F804312369D3F8240168B10022C3F805
:10DAC00024212369D3F8C404C3F8C404022803D072
:10DAD000042814BF04200320F8BDD3F82421002A11
:10DAE000D6D1D3F86021002AF7D0D1E70122DA613C
:10DAF0002269D2F84831002BFBD00023C2F848310C
:10DB0000D8E700BF70B5026990F8B01000234377E2
:10DB1000C2F888150269C2F80431036901261E6241
:10DB2000036900F168050446C3F8445528460CF023
:10DB300087FA2369C3F8480523699E60236902E0D8
:10DB4000D3F824211AB9D3F85021002AF8D00022A2
:10DB5000C3F8502128460CF073FA236918BB002241
:10DB6000C3F86021236901225A612269D2F8043185
:10DB7000002BFBD00021C2F804112369D3F8240143
:10DB800060B1C3F824112369D3F8C404C3F8C404F2
:10DB9000022803D0042814BF0420032070BDD3F84A
:10DBA0002421002ADBD1D3F86021002AF7D0D6E760
:10DBB00070B5294C6369D3F86421002A3AD1D3F8AF
:10DBC0006821E2B9D3F8042162B1227F0021C3F8B1
:10DBD00004113AB1D4F8B820D3F83C0520660AB154
:10DBE00090476369D3F8242142B10022C3F824216D
:10DBF000D3F8D024C3F8D02401225A6170BD00228A
:10DC0000C3F8682115482277012363770CF006FAE0
:10DC1000D4F8B43003B1984763691048C3F8440599
:10DC2000002363770CF00CFA63690122C3F84805FE
:10DC30005A63C7E7002204F12006C3F864210125D6
:10DC4000304625770CF0EAF963694022C3F8346561
:10DC5000C3F838251D63B2E7347300209C7300209D
:10DC600070B5294C6369D3F86421002A3AD1D3F8FE
:10DC70006821E2B9D3F8042162B1227F0021C3F800
:10DC800004113AB1D4F8B820D3F83C0520660AB1A3
:10DC900090476369D3F8242142B10022C3F82421BC
:10DCA000D3F8D024C3F8D02401225A6170BD0022D9
:10DCB000C3F8682115482277012363770CF0AEF989
:10DCC000D4F8B43003B1984763691048C3F84405E9
:10DCD000002363770CF0B4F963690122C3F84805A7
:10DCE0005A63C7E7002204F12006C3F86421012526
:10DCF000304625770CF092F963694022C3F8346509
:10DD0000C3F838251D63B2E7F07300205874002073
:10DD10002DE9F8431A4DDFF878901A4C1A4F28462F
:10DD200000264FF47A7840F8209BC5E901680CF092
:10DD30005DF905F168000CF059F903232B763B6976
:10DD40006B76C4E901682046104B7A6940F8209B45
:10DD5000AA76C5E904336E770CF048F904F168003F
:10DD60000CF044F9D7E9102104204FF040236677E6
:10DD700020766176A276C4E90433BDE8F88300BF5B
:10DD800034730020F0730020986A040000300040D3
:10DD9000A8640400704700BF0B6813B9014B01224F
:10DDA0001A707047B474002008B50CF02BFA4FF4C9
:10DDB0007A7303FB00F008BD0A4B186810B5C468FD
:10DDC000944228BF144682B0A4B20023CDE90033A8
:10DDD000224601230FF03EFE002814BF20460020FB
:10DDE00002B010BDB87400202DE9F04FDFF8BC90F0
:10DDF00085B000AF88461446D9F8000001230422FC
:10DE000007F10C010FF054FE002844D0787B3E7BD4
:10DE100046EA0026C6F30E06A6423CD8D9F8000012
:10DE2000D0F80CA00AF1070323F00703ADEB030DB4
:10DE3000C7F804D0A6B35645344628BF54462246F8
:10DE400001236946A5B20FF033FE20B3751B40468F
:10DE500022466946ADB215F08EF9A04405B30DF126
:10DE6000040B06E02D1B4046ADB215F084F9A0442A
:10DE7000B5B12C1D544528BF5446A2B27968D9F8D3
:10DE80000000012314460FF013FE043CA4B2224606
:10DE900059460028E6D100201437BD46BDE8F08F72
:10DEA00030461437BD46BDE8F08F00BFB87400207F
:10DEB00070B5124B124E93E8030084B00524029013
:10DEC0008DF80C1000253068CDE90055012305229E
:10DED00002A90FF0BFFD50B91E200CF09FF9631E80
:10DEE00013F0FF04EFD14FF0FF3004B070BD4FF4DA
:10DEF00096700CF093F9002004B070BDC464040067
:10DF0000B874002010B5084C206800F01FFD00B95F
:10DF100010BD064906480CF017F8236800200021C0
:10DF2000C3E9020110BD00BFB0740020CC6404003E
:10DF30009C63002038B51E4C94F900305A1C0546ED
:10DF40001BD0184601210FF079FA012194F9000045
:10DF50000FF0F8FA0A200CF061F9002194F90000A2
:10DF60000FF0F0FA0A200CF059F994F900000121A1
:10DF70000FF0E8FA0A200CF051F900220D4905F1E2
:10DF8000580000F0B7FB08B1002038BD0435014649
:10DF90005422284615F013F9284600F041FC0028C9
:10DFA000F2D10146044800F033FC012038BD00BF27
:10DFB000AC74002099DD020005DF0200024A034B29
:10DFC00011700360704700BFAC740020146504003A
:10DFD000704700BF2DE9F047374D2E6804460F46C5
:10DFE0009046994616B130460EF096FC10200EF081
:10DFF00091FC4246064639460FF00CFD30460121A1
:10E000002E600FF011FD0546002839D023682B49FA
:10E010001B68A1652A492B4AE1652B4921662B49DA
:10E02000616693422A49A16631D12A4E96F90000D1
:10E03000431C1AD001210FF001FA012196F90000CA
:10E040000FF080FA0A200CF0E9F8002196F90000A0
:10E050000FF078FA0A200CF0E1F896F9000001219F
:10E060000FF070FA0A200CF0D9F800221A4904F1D6
:10E07000580000F03FFB78B100252846BDE8F08746
:10E08000164917480BF048FF2846BDE8F087494677
:10E090002046BDE8F0471847043401465422204684
:10E0A00015F08DF8204600F0BBFB0028E4D10146B6
:10E0B0000C4800F0ADFBE0E7B8740020B1DE0200D0
:10E0C00095DD020035DF0200E9DD0200B9DD020066
:10E0D000A9DD0200AC74002099DD0200F4640400A4
:10E0E0009C63002005DF0200024B002218781A70A2
:10E0F000704700BFB474002010B50B4B0C460020D5
:10E100000021C4E902011C6000F07CFBD4E9022379
:10E11000134306D12078A0F12A00B0FA80F040091C
:10E1200010BD012010BD00BFB0740020074B10B51A
:10E13000002408461C6019469A609C80C3E9034489
:10E1400000F0AEFBB0FA80F0400910BDBC740020B6
:10E15000704700BF0648074BD0F8BC201971012159
:10E1600019601AB11946D0F8C0001047704700BFB7
:10E17000CCA30020D874002010B54FF4806382B087
:10E18000A0F8AC300023ADF80430C17A4068F9241F
:10E19000022301AA8DF8044001F050FC02B010BD2A
:10E1A000D0F8A830F0B51A785D789978002A04463E
:10E1B00015BF032201220220002087B0002D08BFD6
:10E1C000024609B142F00402D97809B142F00802CE
:10E1D000FD208DF80400D3E9030599689E8894F822
:10E1E000AC708DF80620CDF80910CDF80D00112384
:10E1F00001AAE17A60688DF80570ADF80760CDF886
:10E20000115001F01BFC0023C4E9283007B0F0BD19
:10E210002DE9F04F4FF0000C8BB0054604E00CF1F7
:10E22000010CBCF1400F34D095F81DE0BEF12A0F6F
:10E2300005F10205F3D100EB4C0C9CF81E502AB3FB
:10E240004FF00009019316460F460446C8461FFAD0
:10E2500085FB4FF02A0A019B8DF811A02A4607EB97
:10E2600008010DF11200CDE9023914F084FFD4F851
:10E27000C4208DF8105002A912B1D4F8C8009047FC
:10E2800008EB0B031FFA83F84645E4D80BB0BDE852
:10E29000F08F0025D3E700BF2DE9F84F002A61D0A9
:10E2A000DFF8DCA090460F46064600254FF0020935
:10E2B000795D07EB050B3346002402E00134402C66
:10E2C00057D05A7F8A4203F10203F7D106EB440488
:10E2D000A47F002C4DD0FC290FD0D6F8A030A4B2DA
:10E2E0002BB19B681BB159462246304698472544BE
:10E2F000ADB2A845DCD8BDE8F88FD6F8BC20002A1E
:10E30000EBD0CAF800909BF801308AF804309BF8F3
:10E3100002301B49C3F340008AF8080003F00100F3
:10E320008AF80900C3F38000C3F3C0038AF80A0027
:10E330008AF80B309BF804009BF8033043EA002373
:10E34000AAF80C30DBF80530CAF81030DBF80930D9
:10E35000CAF81430DBF80D30CAF81830D6F8C0000F
:10E360009047BAE7D0F8F4310133C0F8F431BDE892
:10E37000F88FD6F8F8310133C6F8F831BDE8F88FD8
:10E38000D8740020012A05D0D0F8F0310133C0F84C
:10E39000F03170470B78012BF6D10549D0F8BC203D
:10E3A000037200230B60002AF3D0D0F8C00010479E
:10E3B000D87400200B78F82B00D07047F0B5D0F857
:10E3C000A86090F8AC304EB390F8AD709F4225D95C
:10E3D0001A014C78B45432448C785470CC789470D0
:10E3E0004C6854608D6895600D7B91F80DE0DFF806
:10E3F00038C045EA0E2595818D7B9573C97BD17315
:10E4000052680133624508BF0527DBB208BF80F8B8
:10E41000AD70BB4280F8AC3000D2F0BD002286F86F
:10E420005030C0E92822F0BD7FA6980080293DD059
:10E430008129F8B511D001B1F8BD0446234A244919
:10E44000406801F065FA234AA0722349606801F030
:10E450005FFA0123E0726372F8BD5208402A164643
:10E4600028BF4026002AE7D000F11D011C1D00F145
:10E470002105AB4238BFA1421CD3042A1AD9770820
:10E480001C460022013254F8045B41F8045B9742B9
:10E49000F8D826F001018E42CED04A0010441A442A
:10E4A00013F81130437753788377F8BD19460C3051
:10E4B00015F037BD03EB46061A7842775A78827713
:10E4C0000233B34200F10200F6D1B5E7246504003F
:10E4D0002C6504003865040040650400002A7DD0E6
:10E4E0002DE9F04F8DB0CDE902234FF0000B8A46A5
:10E4F00006465C461AF804C00AEB040132460020C6
:10E5000002E00130402861D0537F634502F10202EE
:10E51000F7D106EB4000877F002F57D0BBB2BCF18C
:10E52000FB0F01933ED0BCF1FA0F40D0BCF1EF0FCE
:10E5300041D02B4B8A781D68039891F80380294BB2
:10E54000920102F47C52A8421B68424402D2254840
:10E55000013303609946039B8DF819C064255A4422
:10E5600005FB0232002010EB02081D4D49F10009A5
:10E570003A460DF11A002B60CDE9048914F0FBFD39
:10E58000D6F8C4208DF818701AB104A9D6F8C800BE
:10E590009047019B1C44029BA4B2A342AAD80DB091
:10E5A000BDE8F08FD1F801B0CBF1000BF1E7D1F865
:10E5B00001209344EDE7D6F8A020002AE9D097681F
:10E5C000002FE6D01A463046B847E2E7D6F8F831D1
:10E5D0000133C6F8F8310DB0BDE8F08F704700BFC9
:10E5E000D0740020D4740020002A7DD02DE9F04F93
:10E5F0008DB0CDE902234FF0000B8A4606465C46FB
:10E600001AF804C00AEB04013246002002E001308F
:10E61000402861D0537F634502F10202F7D106EB37
:10E620004000877F002F57D0BBB2BCF1FB0F019396
:10E630003ED0BCF1FA0F40D0BCF1EF0F41D02B4BD4
:10E640008A781D68039891F80380294B920102F49F
:10E650007C52A8421B68424402D225480133036021
:10E660009946039B8DF819C064255A4405FB023274
:10E67000002010EB02081D4D49F100093A460DF14A
:10E680001A002B60CDE9048914F075FDD6F8C4207A
:10E690008DF818701AB104A9D6F8C8009047019BEC
:10E6A0001C44029BA4B2A342AAD80DB0BDE8F08FCF
:10E6B000D1F801B0CBF1000BF1E7D1F80120934480
:10E6C000EDE7D6F8A020002AE9D09768002FE6D021
:10E6D0001A463046B847E2E7D6F8F8310133C6F8B3
:10E6E000F8310DB0BDE8F08F704700BFD074002046
:10E6F000D4740020002861D0F0B5334C054683B0B7
:10E7000016460F464FF4FE720021204614F057FDC6
:10E710000022FF2328462560C4E92F762272E37287
:10E7200000F000FF606000284BD02246274900F02F
:10E73000F7FF2346264A6068022101F0CDF8254BF9
:10E74000254A60680094022100F0EEFF234B244A22
:10E7500060680094022100F0E7FF224B224A6068C3
:10E760000094022100F0E0FF204B214A60680094F1
:10E77000022100F0D9FF23461E4A6068012101F002
:10E78000ABF81D4B1D4A60680094012100F0CCFFDE
:10E79000206803699847237A054663B9184E01E05B
:10E7A000237A43B9606801F07FFA206803699847CB
:10E7B000401BB042F4D9002003B0F0BD6FF001005F
:10E7C00070474FF0FF30F7E7CCA3002055E102007F
:10E7D0002DE4020099E2020038650400E9E5020038
:10E7E00058650400DDE402006465040011E20200E3
:10E7F0007065040051E1020085E302002465040015
:10E800003F0D0300014B586801F04EBACCA3002025
:10E81000024BC3E931010020704700BFCCA30020A8
:10E8200070B51D4B0022C3E90022A3F1AC0453F8DC
:10E83000AC1C9A60C4F8A80082B00B6908469847DF
:10E84000D4F8A05025BB154BE17A6068ADF80450B0
:10E850004FF48062F926C4E92835A4F8AC200223DD
:10E8600001AA8DF8046001F0E9F848B1C4E9285024
:10E8700002B070BD606801F017FA2068036998471C
:10E88000D4F8A030002BF5D1D4F8A40002B070BDAC
:10E890006FF00200FAE700BF78A4002018650400BA
:10E8A000284BF0B500221C46C3E901221A6004F887
:10E8B000AC0953F8AC0CC4F8A81087B003699847AA
:10E8C000D4F8A020002A3AD1D4F8A830C4F8A42063
:10E8D0001A785D789978002A15BF0220002003225B
:10E8E0000122002D08BF02461748C4F8A00019BB3A
:10E8F000D97809B142F00802FD208DF80400D3E96F
:10E90000030599689E8894F8AC708DF80620112351
:10E91000CDF80910CDF80D0001AAE17A60688DF8F4
:10E920000570ADF80760CDF8115001F087F80023AD
:10E93000C4E9283007B0F0BD42F00402D8E76FF018
:10E940000200F7E778A400204C65040070B52DEDB7
:10E95000028B0D46497A0170D5E900232A29044625
:10E96000C0E9022340D02B7BEA7A427003F0030314
:10E97000013983702A2900F24A82DFE811F09800F9
:10E98000EE01FC019800C3009800A2011701C3002A
:10E9900091018501790121024B010F0294000302CC
:10E9A0002B00940001012D0201014B01F5012B0008
:10E9B0002B002B002B004802570194002B002B004A
:10E9C0002B002B004802480248024802C3001701EE
:10E9D00048029D0105F10E0000F02AFA0026A082EF
:10E9E000BDEC028B304670BD00268670467005F186
:10E9F0000A0000F025FA07EE900A9FEDEC8ADFEDA1
:10EA0000EC8AF8EEE77A05F10C0067EE887AC4ED3F
:10EA1000057A00F015FA07EE900AF8EEE77A05F1AC
:10EA20000E0067EE887AC4ED067A00F009FA07EE68
:10EA3000900AF8EEE77A05F1100067EE887AC4EDE7
:10EA4000077A00F0FDF907EE900AF8EEE77A05F193
:10EA5000120027EE888A84ED088A00F0F1F907EEAB
:10EA6000900AF8EEE77A05F1140067EEA87AC4ED93
:10EA7000097A00F0E5F907EE900AF8EEE77A05F179
:10EA8000160067EEA87AC4ED0A7A00F0D9F907EE0D
:10EA9000900AF8EEE77A304667EEA87ABDEC028B72
:10EAA000C4ED0B7A70BDAB7B0375002698E705F1CA
:10EAB0000E0000F0C5F99FEDBF8A07EE900AF8EE50
:10EAC000E77A05F1100067EE887A0026C4ED057A32
:10EAD00000F0B6F907EE900AF8EEE77A05F11200B9
:10EAE00067EE887AC4ED067A00F0AAF907EE900A7C
:10EAF000F8EEE77A304667EE887ABDEC028BC4ED1B
:10EB0000077A70BD05F10E0000F09AF907EE900A41
:10EB10009FEDA68AF8EEE77A05F1100067EE887A95
:10EB20000026C4ED057A00F08BF907EE900AF8EEA6
:10EB3000E77A05F1120067EE887AC4ED067A00F0F4
:10EB40007FF907EE900AF8EEE77A05F1140067EE18
:10EB5000887AC4ED077A00F073F907EE900AF8EEB0
:10EB6000E77A05F1160027EE888A84ED088A00F01E
:10EB700067F907EE900AFAEECA7AC4ED097A2FE730
:10EB800005F10E0000F05CF9A08205F1100000F024
:10EB900057F9E08205F1120000F052F9208305F1E7
:10EBA000160000F053F90026E06119E705F10E00A8
:10EBB00000F046F907EE900A9FED7C8AF8EEE77ABE
:10EBC00005F1100067EE887A0026C4ED057A00F0A2
:10EBD00037F907EE900AF8EEE77A05F1120067EED2
:10EBE000887AC4ED067A00F02BF907EE900AF8EE69
:10EBF000E77A05F1140067EE887AC4ED077A00F031
:10EC00001FF907EE900AF8EEE77A27EE888A84ED7E
:10EC1000088AE5E605F10E0000F012F907EE900A09
:10EC2000FAEEEC7A0026C4ED057AD9E6AB7B03F068
:10EC30007F02DB0902754375EB7B837505F11002DA
:10EC400000F11B03934206D905F1140300F11702EA
:10EC5000934200F2DF802B69C4F817306B69C4F867
:10EC60001B302B7EE3776B7E84F820300026B7E6DE
:10EC700005F10E0000F0E4F807EE900AFAEECC7A07
:10EC80000026C4ED057AABE605F10E0000F0DEF8D3
:10EC900007EE900AFAEECC7A0026C4ED057A9FE6DC
:10ECA00005F10E0000F0D2F807EE900AFAEEC67AEF
:10ECB0000026C4ED057A93E6AB7BEA7B42750375CB
:10ECC000D4E705F10E0000F0BBF89FED3B8A07EE9C
:10ECD000900AF8EEE77A05F1100067EE887A0026D0
:10ECE000C4ED057A00F0ACF807EE900AF8EEE77A8A
:10ECF00005F1120067EE887AC4ED067A00F0A0F8FC
:10ED000007EE900AF8EEE77A05F1140067EE887ACC
:10ED1000C4ED077A00F094F807EE900AF8EEE77A6F
:10ED200005F1160067EE887AC4ED087A00F088F8DD
:10ED300007EE900AF8EEE77A05F1180067EE887A98
:10ED4000C4ED097A00F07CF807EE900AF8EEE77A55
:10ED500027EE888A84ED0A8A42E605F10E0000F06B
:10ED60006FF89FED158AA8E605F10E0000F066F831
:10ED70000026606134E605F10E0000F061F89FEDB9
:10ED80000F8A9AE605F10E0000F058F8606105F16F
:10ED9000120000F053F80026208321E605F10E0052
:10EDA00000F04EF89FED058A91E700BF0000803823
:10EDB0000000803A0000803B0000003B0000803DE6
:10EDC00005F10E0000F03CF807EE900AFAEECE7A5C
:10EDD0000026C4ED057A03E605F10E0000F030F8D8
:10EDE000A08205F1100000F02BF8E08205F112007E
:10EDF00000F026F8208305F1140000F021F860836C
:10EE000005F1160000F022F80026E061E8E54FF079
:10EE1000FF36E5E52B696A69C0F81B20C0F817309A
:10EE20002B7EC3776B7E80F820301FE70078704719
:10EE30004278007840EA0220704700BF00687047BF
:10EE40004378007840EA032000B2704700687047BA
:10EE5000802908D138B5054618461C4615F07BF8C0
:10EE6000072801D938BD7047421C214605F10C0026
:10EE7000BDE8384014F07FB949B142B12DE9F04FF7
:10EE80009DB00B7801931BB11DB0BDE8F08F7047AA
:10EE900083468946022301990092012A8DF8301099
:10EEA0008DF850108BF8243440F2EB8202918A46A0
:10EEB0004FF0010808F101039BB208F1020419F8B0
:10EEC000037019F80860A4B204EB0708731E1FFA58
:10EED00088F84C44082B3CD8DFE813F0A0009600DB
:10EEE000920084006B015D0164010900AD010CAD6D
:10EEF0002846214614F0E6FF9BF8DC344BB3DBF8E0
:10EF00002824524500F00183012B22D9DBF84C2440
:10EF1000524500F0FD82022B1BD0DBF870245245D5
:10EF200000F0F982032B14D0DBF89424524500F052
:10EF3000F582042B0DD0DBF8B834534508BF40F2FE
:10EF4000BC4306D1421B013229460BEB030014F0EF
:10EF500012F9BBF8E0349A4500F03781BBF8EC3485
:10EF60009A4500F04381BBF8F8349A4500F045819A
:10EF7000BBF804359A4500F04781BBF810359A4537
:10EF800000F04981009B434594D8BBF8E0349A4592
:10EF900000F0DD81BBF8EC349A4500F0DF81BBF86E
:10EFA000F8349A4500F0E181BBF804359A4500F049
:10EFB000E381BBF8103553457FF466AFDBF81445A9
:10EFC0000422002C3FF460AF02EB42020BEB820202
:10EFD0000023D2F8E80419461A46A4461DB0BDE83D
:10EFE000F04F60472046FFF723FF043880B2FF2828
:10EFF0008ABF4FF48073ABF81600ABF81630A8E761
:10F000002046FFF715FFA4E72046FFF711FF04385D
:10F0100080B2FF289DD8ABF814009AE7BBF8E03423
:10F02000534500F0EB81BBF8EC34534500F0F78119
:10F03000BBF8F834534500F00F82BBF80435534554
:10F0400000F01182BBF81035534500F013822046C2
:10F05000FFF7F4FE9BF8DC348246E3B1DBF82824AA
:10F06000904200F0E280012B15D0DBF84C24904256
:10F0700000F0DB80022B0ED0DBF87024904200F011
:10F08000D480032B07D0DBF89424904200F0CD808D
:10F09000042B40F0CA8003EBC30140F22C400BEB81
:10F0A0008101242212FB030201338BF8DC34C1F806
:10F0B00028A40BF2F27104910BF2C67100200591A5
:10F0C0000BF29A710BF802000BF224530BF2C4629C
:10F0D00006910BF26E71CDE90716CDE90974039024
:10F0E00016461C463AE0DBF80C5725B1BBF8E8168B
:10F0F0008F4200F0C881DBF8385725B1BBF81417F0
:10F100008F4200F0CA81DBF8645725B1BBF8401785
:10F110008F4200F0CC81DBF8905725B1BBF86C171B
:10F120008F4200F0CE81DBF8BC5725B1BBF89817B1
:10F130008F4200F0CF81DBF8E85725B1BBF8C41748
:10F140008F4200F0D081DBF8145825B1BBF8F017DE
:10F150008F4200F0D1813434A64263D054F8047C4D
:10F16000039B63627A1CF6D0DBF8E056002DBAD020
:10F17000BBF8BC168F42B6D10BF2BE61204614F02C
:10F18000C6FE0028AFD12C2303FB00B06562D0F887
:10F19000E426A262DFE72046FFF748FE0023019045
:10F1A0000293D6E62046FFF741FE01230190029329
:10F1B000CFE62046FFF73CFE043880B2B0F5C07FB2
:10F1C000BFF4C7AEABF81801C3E6DBF8E454002D7A
:10F1D0003FF4C4AE002303EB43030BEB8302314641
:10F1E000D2F8E80423463A46A847CBE6DBF8F054C9
:10F1F000002D3FF4B8AE0123EDE7DBF8FC54002D01
:10F200003FF4B6AE0223E6E7DBF80855002D3FF4E5
:10F21000B4AE0323DFE7DBF814550423002D3FF4DD
:10F22000B1AED8E7DDE908670A9C00238DF83030DD
:10F230008DF850308DE6214614A814F043FE019B52
:10F240000390072B3FF685AE1A46342540F224532F
:10F2500015FB023305FB02B55B4421461846C5F891
:10F2600020A5089314F05DFE9DF8081085F844155C
:10F270000BF2F27104910BF2C671002205910BF2B0
:10F280009A71A5F81C250BF22453C5F84825C5F83A
:10F290004C2506910BF2C4620BF26E71CDE9096741
:10F2A0000B94079116461C4634E0DBF80C571DB151
:10F2B000BBF8E8168F4266D0DBF838571DB1BBF8B3
:10F2C00014178F4268D0DBF864571DB1BBF84017A4
:10F2D0008F426AD0DBF890571DB1BBF86C178F4294
:10F2E0006CD0DBF8BC571DB1BBF898178F426DD0BE
:10F2F000DBF8E8571DB1BBF8C4178F426ED0DBF8BE
:10F3000014581DB1BBF8F0178F426FD03434A642A9
:10F3100000F08C8054F8047C002363627B1CF5D0E1
:10F32000DBF8E056002DC0D0BBF8BC168F42BCD134
:10F330000BF2BE61204614F0EAFD0028B5D12C2363
:10F3400003FB00B06562D0F8E426A262DEE7DBF8DA
:10F35000E444002C3FF41EAE002235E6DBF8F04416
:10F36000002C3FF41CAE01222EE6DBF8FC44002CFE
:10F370003FF41AAE022227E6DBF80845002C3FF4E2
:10F3800018AE032220E60BF2EA61204614F0BFFD1E
:10F39000002891D10120D2E70BF21671204614F01B
:10F3A000B6FD00288FD10220C9E70BF2427120463A
:10F3B00014F0ADFD00288DD10320C0E70799204649
:10F3C00014F0A5FD00288CD10420B8E7069920464A
:10F3D00014F09DFD00288BD10520B0E7059920464B
:10F3E00014F095FD00288AD10620A8E7049920464C
:10F3F00014F08DFD002889D10720A0E7DBF8E45444
:10F40000002D3FF410AE002303EB43030BEB83020C
:10F410000023D2F8E80419461A46A84717E6DBF895
:10F42000F054002D3FF404AE0123EDE7019B089852
:10F430000B9C342505FB03B5039BC5F820A514AA36
:10F440009A1A013214A9DDE9096713F094FE9DF8B8
:10F45000083085F844357CE5DBF8FC54002D3FF49A
:10F46000ECAD0223D0E7DBF80855002D3FF4EAAD00
:10F470000323C9E7DBF814550423002D3FF4E7AD5F
:10F48000C2E78A4681E50BF2EA61204614F03FFDAF
:10F4900000287FF430AE012075E60BF2167120468D
:10F4A00014F035FD00287FF42EAE02206BE60BF23F
:10F4B0004271204614F02BFD00287FF42CAE03206F
:10F4C00061E60799204614F022FD00287FF42BAE58
:10F4D000042058E60699204614F019FD00287FF410
:10F4E0002AAE05204FE60599204614F010FD0028AD
:10F4F0007FF429AE062046E60499204614F007FD65
:10F5000000287FF428AE07203DE640F22C4319E5A1
:10F510004FF48A6316E540F2744313E54FF49363A6
:10F5200010E500BFF8B5784C21780646002900F0B8
:10F53000838016B1754C25680DB10020F8BD2946B1
:10F5400040F63402204613F03AFE714BD4F8207591
:10F55000C4F8285493E8030004F2245282E803001C
:10F5600003CB84F82C540123C4F84C55C4F87C55C3
:10F57000C4F8B055C4F8E455C4F81856C4F84C564D
:10F58000C4F88056C4F8B456A4F8BC56C4F848551C
:10F59000C4F8BE06C4F8C2164FF001205D495E4DA6
:10F5A000266004F2BE6CC4F8E844C4F8E446606126
:10F5B00084F8DC3484F8DD3484F81C38C4F8E414AE
:10F5C000C4F8E056002F4BD0D4F854350022C4F8CC
:10F5D0007C25002B4FD0D4F888350022C4F8B02504
:10F5E000002B54D0D4F8BC350022C4F8E425002BFD
:10F5F00059D0D4F8F0350022C4F81826002B5ED07C
:10F60000D4F824360022C4F84C26002B63D0D4F85A
:10F6100058360022C4F88026002B68D0D4F88C36E7
:10F620000022C4F8B4267BB1012384F82434304688
:10F63000336898473548F8BD40F63402334813F034
:10F64000BEFD0123237074E73449A1F12E0014F0AC
:10F650005EFC0028E8D1C4F8B456C4F8B846E3E725
:10F660006146104614F053FC0028ADD1C4F848554B
:10F67000C4F84C45A8E72949A1F5B37014F047FC3C
:10F680000028A8D1C4F87C55C4F88045A3E72349D5
:10F69000A1F5997014F03BFC0028A3D1C4F8B05533
:10F6A000C4F8B4459EE71D49A1F1FE0014F02FFCFB
:10F6B00000289ED1C4F8E455C4F8E84599E71749F5
:10F6C000A1F1CA0014F023FC002899D1C4F81856FF
:10F6D000C4F81C4694E71149A1F1960014F017FCF8
:10F6E000002894D1C4F84C56C4F850468FE70B4913
:10F6F000A1F1620014F00BFC00288FD1C4F88056F1
:10F70000C4F884468AE700BF287D0020F4740020F6
:10F710008065040051EE020079EE0200B27B002009
:10F72000C0E90112704700BF002A00F0D2802DE925
:10F73000F04F147885B0002C00F0C88090F81C5869
:10F74000072D00F2C0804FF02C08044608FB050787
:10F750001E4605F1010C0B4684F81CC807F2BE607A
:10F76000A7F8BC36114614F0DCFB0E9BC7F8E43654
:10F7700004F2C673019304F29A73C7F8E066CDF8F9
:10F780000C8004F2245904F2C467002604F2F27BD0
:10F79000029304F26E7834E0D4F80C571DB1B4F83B
:10F7A000E826924554D0D4F838571DB1B4F8142740
:10F7B000924556D0D4F864571DB1B4F8402792450D
:10F7C00058D0D4F890571DB1B4F86C2792455AD050
:10F7D000D4F8BC571DB1B4F8982792455BD0D4F843
:10F7E000E8571DB1B4F8C42792455CD0D4F814583A
:10F7F0001DB1B4F8F02792455DD009F13409B9453F
:10F8000022D059F804ACC9F82460BAF1FF3FF4D013
:10F81000D4F8E056002DBFD0B4F8BC269245BBD139
:10F8200004F2BE61484614F072FB0028B4D1039B79
:10F83000C9F8245003FB004009F13409D0F8E4363C
:10F8400049F80C3CB945DCD1002005B0BDE8F08F8B
:10F8500004F2EA61484614F05AFB0028A3D10120C3
:10F86000E5E704F21671484614F051FB0028A1D1D7
:10F870000220DCE704F24271484614F048FB0028FD
:10F880009FD10320D3E74146484614F040FB0028AF
:10F890009ED10420CBE70299484614F038FB00289B
:10F8A0009DD10520C3E70199484614F030FB00289C
:10F8B0009CD10620BBE75946484614F028FB002897
:10F8C0009BD10720B3E74FF0FF30BEE76FF0010098
:10F8D000BBE76FF00100704730B490F8DD44042CB2
:10F8E0000CD804EB440500EB8505013480F8DD44B9
:10F8F000A5F8E014C5F8E424C5F8E83490F82434F9
:10F90000022B04BF002380F8243430BC0020704751
:10F9100070B5044600F22C4016460D4614F0F7FA76
:10F92000E8B1294604F58A6014F0F1FA002873D092
:10F93000294604F2744014F0EAFA00286ED02946F1
:10F9400004F5936014F0E3FA40B1294604F2BC4098
:10F9500014F0DDFA002863D0FF2070BD032000EB17
:10F96000C00004EB8000D0F828546B1CF4D0314662
:10F9700004F2245014F0CBFA18B9D4F820359D4283
:10F9800048D0314604F5AB6014F0C1FA18B9D4F888
:10F9900054359D4246D0314604F28C5014F0B7FAEB
:10F9A00018B9D4F888359D423ED0314604F5B86088
:10F9B00014F0ADFA18B9D4F8BC359D4236D03146B2
:10F9C00004F2F45014F0A3FA18B9D4F8F0359D42BB
:10F9D0002ED0314604F5C56014F099FA18B9D4F860
:10F9E00024369D4226D0314604F25C6014F08FFA32
:10F9F00018B9D4F858369D421ED0314604F5D2606D
:10FA000014F085FA0028A7D1D4F88C36AB4208BF91
:10FA10000720A1D1C0B270BD0120A0E702209EE75F
:10FA200004209CE70120F5E70220F3E70320F1E73B
:10FA30000420EFE70520EDE70620EBE72DE9F04F86
:10FA40009A46838A8BB05345CDE90112C0F02681D6
:10FA50000729044600F21A81BAF1000F00F0FB807A
:10FA6000C58A043DADB2554528BF55462E1DB6B2D8
:10FA7000330A4376019B0676342202FB0303049388
:10FA800000F11C030393002300F11809009300F513
:10FA9000297B04999DF80430A37691F81C350398CE
:10FAA0005A1C81F81C25E3760299009B2A461944CA
:10FAB00013F061FB009B2068AAEB05071D44ADB263
:10FAC000C3680095324649461FFA87FA98470028CE
:10FAD0003ED1804606E020683246C36849469847D2
:10FAE000002835D194F82454CDF824800DB3206833
:10FAF00009AB85684FF4C0725946A8470028EAD080
:10FB000080B2032838D994F8A53294F8A47207EB90
:10FB10000327C7F30E07032F34D8D4F824386268BC
:10FB20000133C4F82438002AD5D00121A0689047B9
:10FB3000D1E74FF0010384F824345A4A02232946BE
:10FB40002046FFF77BFF0028D1D084F82454CEE76D
:10FB50000028C0F28480BAF1000F7CD0E58A043D11
:10FB6000ADB2554528BF55462E1DB6B2330A63F0D7
:10FB70007F03267663768CE7D4F824380133C4F803
:10FB80002438A8E794F8A622072A4AD894F81C1823
:10FB9000914246D9B4F81A1194F8A752DDF824C05E
:10FBA000059519B11B0662D4A4F81A81B7F5C07F78
:10FBB00044D8C4F8A0C2A4F89E8284F81C210692FE
:10FBC0000021B84228BF384604F21D130546021F23
:10FBD000581804F52A71079313F0CDFAB4F89E2251
:10FBE000043A791B2A4489B292B2A4F81A11A4F8F3
:10FBF0009E2269B9069B342101FB0340D0F8485589
:10FC000035B1079BD0F84C051946D4F8A032A84767
:10FC1000069B342202FB0343059A013283F81D251B
:10FC200059E7D4F82C3862680133C4F82C38002A1C
:10FC30003FF451AF0321A06890474CE7D4F828382F
:10FC400062680133C4F82838002A3FF444AF022127
:10FC5000A06890473FE700200BB0BDE8F08FD4F8D4
:10FC600020380133C4F820380BB0BDE8F08F94F889
:10FC70001C31934298D13421069301FB034393F83E
:10FC80001D35AB4290D1B4F89E129AE7D0F83038C7
:10FC90000133C0F830386FF00100DDE76FF001008C
:10FCA000DAE700BF7C6504002DE9F04390F82454A6
:10FCB00083B00023044601932DB3206801AB85680F
:10FCC0004FF4C07204F52971A84710B903B0BDE81C
:10FCD000F08380B2032823D994F8A52294F8A432A3
:10FCE00003EB0223C3F30E08B8F1030F20D8D4F8B6
:10FCF000243862680133C4F82438002AE6D0A068AA
:10FD000001219047E2E7012380F82434404A02238E
:10FD10002946FFF793FE0028CFD084F82454CCE77F
:10FD2000D4F824380133C4F8243803B0BDE8F08394
:10FD300094F8A662072E1DD894F81C38B34219D93E
:10FD4000B4F81A31019994F8A77223B1130651D46B
:10FD50000023A4F81A31B8F5C07F17D9D4F8283891
:10FD600062680133C4F82838002AAFD0A0680221A5
:10FD70009047ABE7D4F82C3862680133C4F82C38CC
:10FD8000002AA3D0A068032190479FE70023C4F86E
:10FD9000A01284F81C61A4F89E32404528BF40465A
:10FDA00004F21D190546021F04F52A7109EB030030
:10FDB00013F0E1F9B4F89E22043AA8EB0503A81861
:10FDC0009BB282B2A4F81A31A4F89E225BB9342304
:10FDD00003FB0643D3F848552DB1D3F84C05D4F8AE
:10FDE000A0324946A847342303FB0644013784F870
:10FDF0001D756BE794F81C31B342A9D1342303FB82
:10FE0000064393F81D35BB42A2D1B4F89E32C4E735
:10FE10007C650400704700BF10B504460CF07CFD03
:10FE2000204610BD38B50A4B04460D46442240F822
:10FE30000C3B002113F0C3F90023A560237104F1EA
:10FE4000540101200AF0D2FC2065204638BD00BFD5
:10FE50009065040070B504460E46006D4FF0FF310A
:10FE60000AF032FF257955B98EB1A660314604F10A
:10FE70000C0003F04FFEB0FA80F56D0925710023E8
:10FE8000206D1A4619460AF0D7FA284670BDA668B2
:10FE9000002EF4D0EAE700BF70B505464FF0FF3101
:10FEA000006D0AF011FF2B7905F10C06F3B1002368
:10FEB0002B71304603F030FF044668B9A96830461C
:10FEC00004F0A2FE044638B93046A96803F022FEC9
:10FED000044608B901232B710023286D1A461946E0
:10FEE0000AF0AAFAB4FA84F0400970BD3046A96855
:10FEF00004F08AFE0446EFE730B5044695B00D469F
:10FF0000006D4FF0FF310AF0DFFE294601AA04F12F
:10FF10000C0003F0B9FD002305461A46206D194672
:10FF20000AF08AFAB5FA85F0400915B030BD00BF75
:10FF30002DE9F04F83B00B7800AF2F2B78600CBF0A
:10FF40004C1C0C4605460E46006D4FF0FF310AF082
:10FF5000BBFE05F10C084FF0000918E0ADEB000DF9
:10FF60008A456D468DF800900DF1010001DD13F01A
:10FF700026F931465246284613F0FDF829464046F8
:10FF800005F00EF908B1113028D10134DD462046C4
:10FF90002F2113F0AFFFA0EB060A0AF10802044676
:10FFA000EB4622F0070000215246002CD6D1314604
:10FFB000404605F0F5F878B1113014BF0024012453
:10FFC0007A680023106D19461A460AF035FA204661
:10FFD0000C37BD46BDE8F08F0124F1E70024DD4673
:10FFE000EEE700BF38B504460D46006D4FF0FF3117
:10FFF0000AF06AFE294604F10C0005F01DFC0023FE
:020000023000CC
:1000000005461A46206D19460AF016FAB5FA85F02B
:10001000400938BD70B504460D4616464FF0FF3115
:10002000006D0AF051FE3246294604F10C0005F03D
:10003000D5FA002305461A46206D19460AF0FCF948
:10004000B5FA85F0400970BD38B504460D46006D1F
:100050004FF0FF310AF038FE294604F10C0005F09C
:10006000EBFB002305461A46206D19460AF0E4F919
:10007000B5FA85F0400938BD70B5036904460D46F0
:10008000186D4FF0FF3116460AF01EFE237D4BB16E
:10009000002522690023106D19461A460AF0CCF992
:1000A000284670BD2069A1692A4633460C3002F00B
:1000B000D3FD20EAE075ECE770B50369044682B031
:1000C0004FF0FF31186D0AF0FFFD257D45BB20691B
:1000D000A1690C3003F0CCFC02AA0646206902F8A4
:1000E000015D0123A1690C3003F020FC0028206988
:1000F000A169C8BF9DF80750324600F10C004FF0CF
:100100000003D8BF4FF0FF3503F080FC22690023C5
:10011000106D19461A460AF08FF9284602B070BDD4
:100120004FF0FF35F2E700BF38B5036904464FF0E2
:10013000FF31186D0AF0C8FD237D4BB100252269FF
:100140000023106D19461A460AF076F9284638BD84
:100150002069A1690C3003F08DFC05462069A16976
:100160000C3003F085FC2D1AE9E700BF10B50369D8
:1001700004464FF0FF31186D0AF0A6FD237D23B928
:100180002069A1690C3005F01FF922690023106D68
:1001900019461A46BDE810400AF04EB970B5036919
:1001A000044682B04FF0FF31186D0AF08DFD257DB9
:1001B00055B122690023106D19461A460AF03CF920
:1001C0004FF0FF3002B070BD2069A1690DF1070248
:1001D00001230C3003F0AAFB226906462B46106D62
:1001E00029462A460AF028F9002ECCBF9DF80700C0
:1001F0004FF0FF3002B070BD30B50368164A5B683F
:1002000083B093428DF807101ED1036904464FF066
:10021000FF31186D0AF058FD237D53B10025226986
:100220000023106D19461A460AF006F9284603B055
:1002300030BD2069A1690C3001230DF1070202F0E5
:100240000BFD20EAE075EAE701220DF1070198476E
:100250000546284603B030BD7900030030B4074C92
:10026000016100224FF47A758560C0E90042027591
:1002700080F82020C0E9062230BC7047AC6504003D
:100280002DE9F04104465B48236100254FF47A765E
:1002900084E86100C4E90655257584F8205094B0BF
:1002A0000E46186D4FF0FF3117460AF00DFDA1699B
:1002B00091B1206994F814800C30B8F1000F4FD040
:1002C00002F05CFBA06909F0DDFFE069A56108B1FF
:1002D00009F0D8FF0023E361206901AA0C30314600
:1002E00003F0D2FBE0B99DF804302569112B3FD013
:1002F0002C2009F0ADFFA06140B10146324605F166
:100300000C0002F08DFA002843D02569286D0023E7
:100310001A4619460AF090F8204614B0BDE8F0815C
:1003200002302569F2D1012FF0D1382009F090FF79
:10033000A0610028EAD0014640F2031305F10C0049
:10034000324604F08DFF07460028DED12069A169FE
:100350000C3002233A4603F059FB256927750AE061
:1003600005F0ACF8A06909F08DFFC4F81880B3E778
:10037000EFB1012F32D02F21304613F009FE04F1E6
:10038000200300B1461C31461846402213F0EBFD15
:10039000BCE701232375304613F0DDFD013009F081
:1003A00057FF3146E06113F0BCFD2569E3E74FF0EC
:1003B0000108382009F04CFFA0610028A6D00146B2
:1003C000434605F10C00324604F04AFF2569002837
:1003D0009CD1012F05D000232375CCE740F20318F0
:1003E000E7E70246022305F10C00A16903F00EFBCA
:1003F0002569F0E7AC6504002DE9F0410369044686
:1004000094B00D46186D4FF0FF3190460AF05CFC39
:10041000A16989B12069267D0C30002E38D002F008
:10042000ADFAA06909F02EFFE0690023A36108B1CD
:1004300009F028FF0023E361206901AA0C30294656
:1004400003F022FB074698B99DF804302669112B6A
:1004500043D02C2009F0FCFEA061B8B101462A4629
:1004600006F10C0002F0DCF900284AD0266903E00E
:10047000871C266913D000270023306D1A461946C1
:1004800009F0DAFF384614B0BDE8F0810746F3E71B
:1004900005F014F8A06909F0F5FEA661CCE7B8F103
:1004A000010FE8D1382009F0D3FEA0610028EDD07B
:1004B000014640F2031306F10C002A4604F0D0FE78
:1004C0000746002845D12069A1690C3002233A462D
:1004D00003F09CFA2669277505E0B8F1000F1ED0DD
:1004E000B8F1010F32D02F21284613F051FD2034EE
:1004F00000B1451C29462046402213F034FD012757
:10050000BAE701232375284613F025FD013009F0D1
:100510009FFE2946E06113F004FD2669E3E7012709
:10052000382009F095FEA0610028AFD001463B4677
:1005300006F10C002A4604F093FE266900289AD1A1
:10054000B8F1010F08D000232375CCE740F2031760
:10055000E6E7266900278FE70246022306F10C0032
:10056000A16903F053FA2669EDE700BFF0B5044630
:100570000D460069A16995B016460C3089B1277DFA
:10058000002F44D002F0FAF9A06909F07BFEE0697F
:100590000023A36108B109F075FE206900230C3027
:1005A000E36101AA294603F06FFA58BB9DF80430B5
:1005B000112B52D02C2009F04BFEA06120B32369EF
:1005C00001462A4603F10C0002F02AF9E0B90123A2
:1005D0002375284613F0BFFC013009F039FE294687
:1005E000E06113F09EFC2F21284613F0D1FC20344B
:1005F00000B1451C29462046402213F0B4FC0120DE
:1006000015B0F0BD02300BD0002015B0F0BD04F0E5
:1006100055FFA06909F036FE2069A7610C30C0E7DC
:10062000012EF1D1382009F013FEA0610028EBD093
:10063000236901462A4603F10C0040F2031304F03B
:100640000FFE06460028DFD12069A1690C30022385
:10065000324603F0DBF92675C5E726B1012EC2D17B
:1006600040F2031700E00127382009F0F1FDA061F6
:100670000028C9D0226901463B4602F10C002A46F7
:1006800004F0EEFD0028BFD1012E02D00023237517
:10069000A9E72369A169024603F10C00022303F0D4
:1006A000B5F9F3E770B5036904460D46186D4FF0D0
:1006B000FF3116460AF008FB237D4BB10025226965
:1006C0000023106D19461A4609F0B6FE284670BD83
:1006D0002069A1692A4633460C3003F027F9054604
:1006E000EDE700BF38B5036904460D46186D4FF0BD
:1006F000FF310AF0E9FA237D4BB10025226900237E
:10070000106D19461A4609F097FE284638BD206933
:10071000A1692A460C3003F079F9C543ED0FEDE7E6
:1007200038B5036904464FF0FF31186D0AF0CCFA72
:10073000237D4BB1002522690023106D19461A460E
:1007400009F07AFE284638BD2069A1690C3003F013
:100750008FF90546EFE700BF38B5036904464FF04F
:10076000FF31186D0AF0B0FA237D4BB100252269E4
:100770000023106D19461A4609F05EFE284638BD62
:100780002069A1690C3003F075F90546EFE700BF59
:1007900070B5036904464FF0FF31186D0AF094FA02
:1007A000A16981B12069257D0C30ADB102F0E6F878
:1007B000A06909F067FDE0690023A36108B109F0B1
:1007C00061FD0023E36122690023106D19461A467A
:1007D000BDE8704009F030BE04F070FEA06909F079
:1007E00051FDA561EFE700BF8069003018BF01200F
:1007F000704700BF2DE9F04794B00B690C460546E1
:100800004FF0FF31186D00AF91460AF05DFA236991
:10081000304A2B610023C5E90023C5E906334FF4B4
:100820007A71A9602B7585F82030237D002B44D088
:10083000294EDFF8AC802069A1690C303A1D02F026
:10084000B1F8012807F10C01304636D113F05FFBF7
:1008500007F10C010028EED0404613F058FB0028A9
:10086000E9D0D4F81C80404613F075FB064607F12A
:100870000C0013F070FB3318093323F00703EA462A
:10088000ADEB030D721C6846414612F074FC98F8FB
:1008900000202F2A6B4602D198F8012012B10F4A8E
:1008A00012889A5307F10C01184613F014FB4A46BC
:1008B00001462846FFF75AFED54622690023106DEF
:1008C00019461A4609F0B8FD28465037BD46BDE81E
:1008D000F08700BFAC65040098650400A0650400C3
:1008E0009C6504002DE9F047804600681646026AC0
:1008F00082B0B2420B9F4AD90C461D468FB92DE0FB
:10090000B5FBF1F201FB1252D0F8049052B3AA1ACF
:10091000A3682660626000913146C847F8B9D8F8EC
:100920000000236841699E42EAD163689D42E7D393
:10093000CA189542E4D2A2EB0509B945A1680A9804
:1009400028BFB946EB1A19444A46BF1A12F013FCE5
:100950000A9B4B444D440A93002FE0D1002002B083
:10096000BDE8F087B942D2D8B7FBF1FA01FB1A7A99
:10097000A7EB0A0700970A9B2A463146C84700287A
:10098000EDD10A9B3B443D440A935746E4E7034BB1
:10099000034A0448122112F027FB00BF58660400E6
:1009A000C8650400786604002DE9F04F85B0039215
:1009B000002B5AD088460168C9695C1EA1F108095C
:1009C0000E9BB4FBF9F50746B3FBF9F6BDB3681E01
:1009D000029212F08DF9851CA4EB8505029AB5FBF5
:1009E000F9F56EBBB5424AD90DF10C0A4FF0040976
:1009F0004FF0010B0AE0012A4BD93B681B6A9A426F
:100A000047D80BFA04F42D1BB54238D9AC1BB4FA05
:100A100084F495FAA5F3C4F11F04B3FA83F39C425E
:100A200028BF1C46CDE900A9A30041463846FFF780
:100A300059FF039A0028DED005B0BDE8F08FF6B16B
:100A4000701E029212F054F90E9B861CA3EB8606D0
:100A5000B6FBF9F6304612F04BF90E9B029A06FBF4
:100A60001939A9EB80030E93BCE70F994FF0FF32C1
:100A70000A60109A1846136005B0BDE8F08F0F9B0E
:100A80001A60109B1A460E9B1360002005B0BDE84B
:100A9000F08F034B034A04484FF48F6112F0A4FA1D
:100AA000E8660400E8650400786604002DE9F04F6C
:100AB0000446D2E900038FB0002608900291099302
:100AC00004F11409B3460DF1280A08AB494653F85E
:100AD00026701023CDE900A33A4600232046FFF7F5
:100AE00001FF002839D1BBF1000F63D10B9B23F02C
:100AF0000043132B54D92268D269934250D80EABCD
:100B00004FF0FF3143F81C1D102218465146039345
:100B100004F0D0FF0B9B23F00042102A25D0CDE932
:100B200004B610250DF11B081646DDF80CB004E0E4
:100B3000584604F0BFFFAE4215D00123CDE9008333
:100B40003A462B4649462046FFF7CCFE0122414655
:100B500015440028ECD0DDE904B610F1340F1FD0A5
:100B60000FB0BDE8F08FDDE904B6079B751CBBB97B
:100B700005F001050DF1380C0CEB850C029D039579
:100B80009AE80F006F605CF8187CAF602F46BC4697
:100B90001C351027CCF80C7085E80F004FF0010BC6
:100BA0007EB1BBF1000F14BF00206FF033000FB017
:100BB000BDE8F08F029A0A9BD2699B1A002B95DA46
:100BC000EEE7012681E700BF2DE9F04F9846036864
:100BD0001B6A87B04345109EDDE911A740F2D7801C
:100BE000002F4AD081468B461546DBF8003043453E
:100BF0004ED0013340F0C580D9F800008269B6FBC1
:100C0000F2F302FB1363002B3BD1BA4239D8B7FB96
:100C1000F2F302FB13730393FB1A009302938468AD
:100C2000534632464146A047002840F0A380029B2D
:100C3000002D00F09B80DBB15446371B9A4408E03E
:100C400014F8013B9DF817209A4240F09180A2458C
:100C50000ED0012301930DF11703009342463B1977
:100C600029464846FFF73EFE0028E9D0C0F28280C0
:100C7000029B039F1E44002FB7D1002007B0BDE8A0
:100C8000F08FF31ACBE90083DBF800304345B0D195
:100C9000DBF80420B242ACD8D9F800108C691444B7
:100CA000B442A6D9A41BBC42DBF8080028BF3C46CE
:100CB000B21A10445146224612F05DFAD9F80000EB
:100CC000D0F818C02644B6FBFCF30CFB13633F1BA3
:100CD000A244002BCFD1DBF800104B1CCBD0DBE9BA
:100CE0000123CDF800C08468A047002842D1D9F87C
:100CF0000030DBF808009A696DB3DBE9001352B3EA
:100D000082181B1ACDF808B0CDF80C801096044656
:100D100093460E46984607E014F8013B9DF81720CD
:100D20009A4225D1A34528D0012301930DF1170341
:100D30000093324608EB040329464846FFF7D2FDEC
:100D40000028E9D0DDE902B8109E13DBD9F80030A5
:100D5000DBF808009A69FF2112F031FA4FF0FF33F7
:100D6000CBF80030002F7FF440AF86E79A447FE74E
:100D70006FF0330007B0BDE8F08FDDE902B8109ED8
:100D8000E4E7064B064A0748B72112F02DF9064B57
:100D9000034A04489C2112F027F900BF3C66040076
:100DA000D865040078660400586604002DE9F04F09
:100DB00090460268126A83B04245DDF830900D9E7D
:100DC0006CD91EB382460F461D463B68984527D016
:100DD00001335DD1DAF800008269B5FBF2F302FB62
:100DE0001353BBB9B24215D8B6FBF2F402FB14643C
:100DF000361B0096D0F808B04B462A464146D847E5
:100E000028B9B14435442646002EDED1002003B077
:100E1000BDE8F08FEB1AC7E900833B689845D7D14E
:100E20007968A942D4D8DAF8002092690A44AA4223
:100E3000CED9541BB442B86828BF3446691A084456
:100E40002246494612F097F9DAF8000082692544F3
:100E5000B5FBF2F302FB1353361BA144002BD3D195
:100E600039684B1CD0D0D7E901C300928468624630
:100E7000A0470028CBD1DAF80030B8689A69FF2182
:100E800012F09DF94FF0FF333B60002E9DD1BDE77E
:100E9000054B064A0648B72112F0A6F8054B034A4F
:100EA00003489C2112F0A0F83C660400D8650400B9
:100EB00078660400586604002DE9F04F934691B01F
:100EC00000240122CDE905315B46CBE909429A466F
:100ED0008346DAF82830013300F00F810AF124024A
:100EE00051465846FFF7E2FD079000287AD1524656
:100EF000DAF80C30DA469346DBF8201021F0004295
:100F0000043A03F10C00824228BF0AF1140980F070
:100F1000AA80002980F2ED800AF11409DBE9092397
:100F20004FF000080A920B9347460AAB494653F824
:100F30002860102301930CAB0093324600235046E7
:100F4000FFF7D0FC00283FD12FB10C9BDBF81C2011
:100F50009B1A002B65DB0D9B23F00043132B60D9FC
:100F6000DAF80020D26993425BD810AB4FF0FF3122
:100F700043F81C1D102218460CA9029304F09AFD98
:100F80000D9B23F00042102A32D00397CDF8108039
:100F900010240DF123051746DDF8088004E04046D3
:100FA00004F088FDA74221D00123CDE90053324649
:100FB000234649465046FFF795FC01222946144432
:100FC0000028ECD0DDE9037810F1340F29D05B461E
:100FD000D3469A46831C40F09380DAF824300133DC
:100FE0007FF477AF079811B0BDE8F08FDDE90378A3
:100FF000099B08F10104A3B90CAB10AD0FCB04F0B1
:10100000010405EB8404102554F8184CCBF8084073
:101010000BF11C04CBF80460CBF80C5084E80F00F3
:101020000127B8F1000F1AD0002F5BD0DBF8201099
:10103000DBF8182021F00043043B143210201B2B56
:10104000CBF81820CBF80C000CD80029FFF666AFBF
:101050005B46D3469A460346059A1360BDE74FF0B8
:10106000010862E70346059DDBF80420281D0C24D7
:10107000CDE9000449465046FFF734FC0028A6D1CC
:101080006B79A979EA79DBF80C00286004330B440A
:1010900013440344CBF80C306A79AC79E879DBF877
:1010A00018100432224402440A44CBF818202A794A
:1010B00002F07002202A7FF41FAF0598069C816819
:1010C0002268914208D0C0686468A04204D0A1425E
:1010D00002D082427FF410AF01230793079811B02A
:1010E000BDE8F08F6FF033030793079811B0BDE8A8
:1010F000F08F5A46D3469246AEE70023079371E736
:1011000007906FE72DE9F04FA3B00123069100246B
:1011100017A90BAACDE90B438346FFF7C7FC07903D
:1011200000287DD1209B01337AD0219B013377D0D9
:1011300020AA17A95846FFF7B9FC00286FD11A9CBE
:10114000DA461F9A22F00043043B04F10C018B4263
:1011500028BF0AF1140B80F09380002A80F28B8064
:101160000AF1140BDDE9202300250D920E93A84609
:101170004FF010090DAB594653F82560CDF8049097
:1011800013AB0093324600235046FFF7ABFB002819
:101190003FD1B8F1000F04D0139B1E9A9B1A002B6D
:1011A00057DB149B23F00043132B52D9DAF80020AD
:1011B000D26993424DD822AB4FF0FF3143F8601D06
:1011C000102213A91846039304F074FC149F27F00F
:1011D0000042102A2AD0CDE9048510240DF12707FA
:1011E0001546DDF80C8004E0404604F063FCA5429F
:1011F0001AD00123CDE900733246234659465046A2
:10120000FFF770FB0122394614440028ECD0DDE9D9
:10121000048510F1340F1CD0831CD34682D0079074
:10122000079823B0BDE8F08FDDE904850A9B6C1CAC
:101230007BB913AB0FCB22AF04F0010407EB84049E
:1012400007E90F0054F8543C1896CDE919394FF0CE
:1012500001089DB1B8F1000F41D01F991D9A21F0EE
:101260000043043B143210241B2B1D921A9407D800
:101270000029FFF677AFD3460F9453E7012579E7AE
:1012800010A80C25CDE90005189A2346594650466A
:10129000FFF728FB0028BFD19DF841209DF8425060
:1012A0009DF843001A9C1D999DF940300F9404321B
:1012B0002A4402441444002B0A441A941D92FFF657
:1012C00040AF0822069911A811F046FF00287FF4CC
:1012D00038AF01230793079823B0BDE8F08F6FF074
:1012E00033030793079823B0BDE8F08F2DE9F04F43
:1012F00097B01C460C9340F6220382462468536044
:1013000010460892DAE90123D3460A948260C3604A
:101310008A460A9DBF49284612F04EFE2B460344DA
:101320000446BC490993184612F003FE01280790B1
:1013300000F07281022800F07881099B079A9D18BD
:10134000CDE90A550124B349284612F035FE05447B
:101350002846B04912F0EDFD78B1022802D00134E0
:101360000544F0E72B782E2BF9D16B782E2BF6D194
:10137000013CF5D1AB1C0A93CBE7099B18780028F8
:1013800000F088800C9A1360089A1379222B40F0A1
:101390005B8102F108031A46514658460D93FFF748
:1013A00085FB002876D15246DAF80C30DA469346AF
:1013B000DBF8201021F00042043A03F10C008242D5
:1013C00028BF0AF1140980F0A480002980F29480DB
:1013D0000AF1140912ABD0460393CA46DBE909238C
:1013E00000255F4610921193A946AB4610AB5146BB
:1013F00053F82B5010230193039B00932A4600239C
:101400004046FFF76FFA002841D1B9F1000F04D030
:10141000129BFA699B1A002B58DB139B23F00043A5
:10142000132B53D9D8F80020D26993424ED816AB6B
:101430004FF0FF3143F81C1D102218460399049306
:1014400004F038FB139B23F00042102A27D0CDF87C
:101450001490CDF818B010240DF13B069146DDF83C
:1014600010B004E0584604F025FBA14515D0012337
:10147000CDE900632A46234651464046FFF732FA3B
:101480000122314614440028ECD0DDE9059B10F11F
:10149000340F1BD017B0BDE8F08FDDE9059B0F9B23
:1014A0000BF1010493B9039B7D600FCB04F00104A1
:1014B00016AE06EB8404102554F8184CBC6007F1F6
:1014C0001C04FD6084E80F004FF00109BBF1000F20
:1014D00019D0BB46B9F1000F76D0396ABA6921F04C
:1014E0000043043B143210201B2BBA61F8600DD866
:1014F0000029FFF673AF0346089A6FF001001360EE
:1015000017B0BDE8F08F4FF0010B6FE7D1460346EF
:10151000C246089FDBF804200C20391DCDE90010DD
:1015200049465046FFF7DEF90028B3D17B79BA79F6
:10153000F879DBF80C403C60043313440344234443
:10154000CBF80C307D79B879FE79DBF818102A1DBC
:10155000024432440A44CBF818203A7902F07F0161
:10156000112902D022297FF423AF07998E427FF4FC
:101570001FAF04342C440444DBF8046000295FD01E
:10158000099DCDF80CB012AB641B0127DDF82CB01F
:10159000984607E015F8013B9DF848209A4216D17D
:1015A0005D4519D0CDE9008763193246494650465A
:1015B000FFF798F90028EDD0D346DDF80CA0FFF630
:1015C00069AF089B1A790CE06FF0330062E7DDF831
:1015D0000CB0DBF80C30EBE6089BD3461A79DDF84B
:1015E0000CA013067FF595AEDBF8043001330BD069
:1015F000DBF80830013307D00D995846FFF782FD1C
:10160000002824D1089B1A79089B02F07F021A71E6
:101610007FE600BFA06504002B5D2E2B7FF48DAE0E
:10162000099B079A13440A9373E6099B1B782E2B98
:101630007FF483AE099B5B782E2B7FF47EAEEFE7C1
:101640005B46D3469A46CCE76FF0130022E7FFF6DD
:1016500021AF6FF001001DE72DE9F04F4468013420
:1016600093B000F08B8084680134824600F086805D
:1016700090468946002101230A910AAA41460B930C
:10168000FFF714FA00287AD143460AF1140BC84632
:101690009946D9F82430581C70D0D9F82820511C0C
:1016A0006CD0D8F8001099426CD0D8F80400904261
:1016B00068D0834266D0914264D0CDE90C320025D7
:1016C00003950EAFCDF810800CAB594653F825604A
:1016D0001023CDE90073324600235046FFF702F98C
:1016E000002840D1039B2BB10E9BD9F81C209B1ADC
:1016F000002B3BDB0F9B23F00043132B36D9DAF88A
:101700000020D269934231D812AB4FF0FF3143F839
:10171000241D102218463946059304F0CBF90F9B7F
:1017200023F00042102A33D00695CDF81C901024E7
:101730000DF123081546DDF8149004E0484604F046
:10174000B9F9A54222D00123CDE9008332462346D0
:1017500059465046FFF7C6F8012241461444002876
:10176000ECD0DDE9065910F1340F08D165B3DDE99D
:101770000338002B8DD16FF0330000E0002013B050
:10178000BDE8F08F012013B0BDE8F08FDDE9065908
:10179000099B6C1C002BE9D197E80F0004F00104B1
:1017A0000DF1480C0CEB8404C9F8046054F8184C93
:1017B000C9F80840102609F11C04C9F80C6084E837
:1017C0000F0001230393D1E701257DE72DE9F04FB9
:1017D0004FF0010BA1B081468A464FF00008D9E9CD
:1017E0000C52D9F8384013E05109531C601ED9F847
:1017F0003C60C9F83430C9F8380056F8217002F05E
:101800001F010BFA01F1394200F0718104461A46BA
:101810009542E9D1002C00F01383D9F80020D9F8C3
:101820002C30D9F83C00D2E908121D44944228BF5C
:101830001446B5FBF1F301FB1355C9F83480C9F820
:101840003040D208C9F82C50002111F0B8FCD9F86A
:1018500004300133C3D0D9F808300133BFD015AA02
:1018600001230592524609F11407CA46CDF8348087
:101870000E9300249146DAF80060DAF82C20316AE1
:10188000DAF830508A1A1444B4FBF1F001FB10402E
:10189000A84212D2DAF83C10440900F01F0351F8B4
:1018A00024200BFA03F3134341F82430316ADAF8A9
:1018B0002C200E9BDAF830508A1A1A44B2FBF1F34E
:1018C00001FB1322AA420BD25409DAF83C0002F0C1
:1018D0001F0250F824100BFA02F30B4340F8243097
:1018E0000DAA05995046FFF7E1F8002840F0BA81AB
:1018F000CDF81C900C26B946189B12AC1CE0169A29
:10190000CDE9004649465046FEF7ECFF002840F07E
:10191000A9819DF849309DF84A209DF84B001899FF
:10192000043313449DF84820034402F070020B4432
:10193000102A189300F089821D9A22F00042043A7E
:1019400003F10C019142DAD9DDE91E43601C4F46D8
:10195000CDE90D43DDF81C9001D0591C8BD14B46CD
:10196000D1469A46D9F80C50002D3FF438AFCDF847
:1019700024A0AA46DAF81C30DA0340F19C81DAF898
:101980001440002C00F09781D9F80010CD69013C7B
:10199000083DB4FBF5F3069353B1581E059111F0C1
:1019A000A7F905990230A4EB8004B4FBF5F3069384
:1019B000DAF810300593D9F82C400B6AD9F83000CA
:1019C000059A1A44141BB4FBF3F203FB124383423F
:1019D0000BD25C09D9F83C0003F01F0350F8242017
:1019E0000BFA03F3134340F82430069B002B00F05E
:1019F000608103F00103C3F102030A6A07939D00AB
:101A0000059B934280F012810FAF002408461A46CE
:101A100020E0D9F81430059A46699A4200F0CF8246
:101A2000B4FBF6F2436806FB12429C46002A00F023
:101A3000EC820599D9F81C30C9F81410A21AC9F81B
:101A4000182000966646B047002840F00B81D9F870
:101A50000000059ADAF82C309A42DAD1DAF8302010
:101A6000A242D6D883691344A342D2D91B1BDAF809
:101A70003410AB4228BF2B46A21A11441E461A4608
:101A80003846AD1A11F077FB34443744D9F80000DA
:101A9000002DDED1079B5D1E012D0146036AD9E9A9
:101AA0000B4019D10F9A121BD618B6FBF3F203FBA9
:101AB0001262824210D25409D9F83C0002F01F038E
:101AC00050F8242005FA03F3134340F82430D9F8E2
:101AD0002C400B6AD9F8300020AA02EB8505DDE91D
:101AE0000626921B069255F8442C059269E7D9F810
:101AF0000000D9F82C10076A0A44AB42B2FBF7F198
:101B000007FB112206921BD0590903F01F0256F859
:101B10002110012707FA02F20A4211D0023C0AE022
:101B2000590903F01F0256F821100BFA02F20A427B
:101B300004F1FF3404D00133AB42C9E90D34EFD1D5
:101B4000C368069998470346079038B113F1340FDC
:101B50003FF443AE184621B0BDE8F08FDAF82830E4
:101B6000D9F80000002B00F08180DAF82440036AE5
:101B700009F114029C42089258D215AB0593079FB5
:101B800009F1200309933D46DDF8148017E0D9F8E8
:101B9000143041699C424FD0B5FBF1F201FB125267
:101BA000002A54D0D9F81C300091AA1AC9E905427C
:101BB00046682146B047002854D1D9F80000DAF829
:101BC0002C309C42E3D1DAF83030AB42DFD8866962
:101BD0001E44AE42DBD9DAF83410761B012E28BF42
:101BE0000126EB1A3246404619443544B044C6F14A
:101BF000010611F0C0FA002EDFD101230293059BEC
:101C0000DDE90821CDE900734846069BFEF7DCFFBD
:101C1000002849D1DAF82830D9F800000137BB4252
:101C200024D9DAF82440036A9C42ACD3AC4BAD4AC9
:101C3000AD48122111F0D8F9D9F81830AB42ABD821
:101C40005E18AE42A8D9761BD9F81C10C6E7012948
:101C5000A8D801230093214643462A464468A0475A
:101C60000028CAD0079021B0BDE8F08F8269D9F86A
:101C70002810DAF8340011F07EFAD9E90813D9F8FF
:101C80000020D9F828009269CAE90B13FF2111F04E
:101C900096FA4FF0FF33C9F820300798069BCAF830
:101CA000243021B0BDE8F08F10F1340F3FF495AD32
:101CB000D8E7DAF81C309B0340F1B980DAF820400D
:101CC000002C00F0B480D9F80010CD69013C083D2B
:101CD000B4FBF5F3069353B1581E059111F008F8C3
:101CE00005990230A4EB8004B4FBF5F30693DAF80F
:101CF00024300593D9F82C400B6AD9F83000059AA6
:101D00001A44141BB4FBF3F203FB124383420BD2BD
:101D10005C09D9F83C0003F01F0350F824200BFAAB
:101D200003F3134340F82430069B002B7FD003F0CD
:101D30000103C3F102030A6A07939D00059B9342C6
:101D4000BFF474AF0FAF002408461A4620E0D9F85C
:101D50001430059A46699A4200F04481B4FBF6F2C9
:101D6000436806FB12429C46002A00F064810599F4
:101D7000D9F81C30C9F81410A21AC9F81820009616
:101D80006646B04700287FF46DAFD9F80000059A89
:101D9000DAF82C309A42DAD1DAF83020A242D6D8DA
:101DA00083691344A342D2D91B1BDAF83410AB4227
:101DB00028BF2B46A21A11441E461A463846AD1AB1
:101DC00011F0D9F934443744D9F80000002DDED1A0
:101DD000079BD9F82C405D1E012D0146036AD9F8F6
:101DE000300019D10F9A121BD618B6FBF3F203FB81
:101DF0001262824210D25409D9F83C0002F01F034B
:101E000050F8242005FA03F3134340F82430D9F89E
:101E10002C400B6AD9F8300020AA02EB8505DDE9D9
:101E20000626921B069255F8442C059268E7DAF8CC
:101E300000A0BAF1000F7FF49DADDDF824A0CEE440
:101E40006FF01B030793184685E6149C002C3FF4A3
:101E500054ADDAF80010CD69013C083DB4FBF5F350
:101E6000089353B1581E069110F042FF0699831C47
:101E7000A4EB8303B3FBF5F30893139B0693DAF803
:101E80002C500B6ADAF83040069ACDF82C900846B0
:101E90001A44551BB5FBF3F203FB1253A3420BD2BA
:101EA0005C09DAF83C1003F01F0351F824200BFA08
:101EB00003F3134341F82430089B002B00F0E78024
:101EC00003F00103C3F10203026A09939C00069B1D
:101ED0009342BFF4ABAE0DF13C09002520E000BFFA
:101EE00058660400C8650400786604004368B5FBC2
:101EF000F1F201FB12529C46002A00F0B280069FCC
:101F0000CAF81470AA1ADAF81C30CAF8182000911E
:101F100039466746B84700287FF4A4AEDAF80000D7
:101F2000DAF81430069A41699A42DFD1DAF81830AB
:101F3000AB42DBD85A18AA42D8D9521BDAF81C1087
:101F4000A242A5EB030328BF224648461944174680
:101F5000A41A154411F00FF9B944DAF80000002C66
:101F6000DED1099BDAF82C50DAF83040591E0129ED
:101F7000036A19D10F9A521B1A44B2FBF3F703FB01
:101F80001722A24210D2DAF83C50570902F01F0380
:101F900055F8274001FA03F3234345F82730DAF8D0
:101FA0002C50036ADAF8304020AA02EB8101DDE907
:101FB0000827D21B089251F8442C069268E7D9F8FA
:101FC0001830A3423FF62CAD9A19A2427FF628ADF5
:101FD000121BD9F81C10AA4228BF2A46E31A16463B
:101FE00019444DE5D9F81830A3423FF6B7AE9A1917
:101FF000A2427FF6B3AE121BD9F81C10AA4228BF2A
:102000002A46E31A16461944D8E6B542FFF411AD44
:10201000B5FBF6F306FB1353ED1A089300953B4608
:10202000224605996646B04700287FF41BAE2F4430
:102030002C44089D2AE5B542FFF499AEB5FBF6F3B2
:1020400006FB1353ED1A089300953B46224605996B
:102050006646B04700287FF405AE2F442C44089D07
:10206000B2E68C42FFF44BAFB4FBF1F701FB174330
:10207000E41A0A9300944B462A4606996746B847E5
:1020800000287FF4EFADA14425440A9C65E7DDF804
:102090002C9031E42DE9F04FD0E90C63A1B04FF062
:1020A000010901F1040801F10C0204460392CA4639
:1020B0000491C3464FF000082746B96B0FE05A0958
:1020C0000139581CFD6BB963786355F8224003F061
:1020D0001F0209FA02F2224200F0658103469E4285
:1020E000EDD1002900F0BA813A68FB6AD2E9080212
:1020F0001E44914228BF1146B6FBF0F300FB136665
:102100003963C7F83480D208FE620021F86B11F001
:1021100056F87B68013300F09881BB68013300F00A
:102120009481CDE90D8A07F11406CDF814B001238E
:102130000024B3463E68FA6A306A3D6B821A144442
:10214000B4FBF0F100FB1141A9420FD2F86B4C092E
:1021500001F01F0350F8242009FA03F3134340F859
:102160002430FA6A306A0E9B3D6B821A1A44B2FB25
:10217000F0F300FB1323AB420AD25809F96B03F0CA
:102180001F0351F8202009FA03F3134341F82030CC
:102190000DAA15A93846FEF789FC002840F05081A9
:1021A0005B460C26BB461F46189B12AC1CE0169AD9
:1021B000CDE9004639465846FEF794FB002840F02A
:1021C0003F819DF849309DF84A209DF84B001899B1
:1021D000043313449DF84820034402F070020B447A
:1021E000102A189300F03D811D9A22F00042043A13
:1021F00003F10C019142DAD93B465F469B46DDE98B
:102200001E43601CCDE90D4301D0591C92D1FD68DD
:10221000DDF814B0002D00F01881CDF828B0AB46E1
:102220000CE09B0304D5DBF82040002C40F0F68145
:10223000DBF800B0BBF1000F00F00581DBF81C30CB
:10224000DA03EED5DBF81440002CEAD03B68DD69F8
:10225000013C083DB4FBF5F2079252B1501E0593C4
:1022600010F046FD0230A4EB8004B4FBF5F30793B5
:10227000059BDBF810200592FC6A1A6A386B0599F9
:10228000CDF818B011440C1BB4FBF2F102FB114263
:1022900082420AD25409F86B02F01F0250F824104F
:1022A00009FA02F20A4340F82420079A002A00F0B3
:1022B000A28202F00102C2F10202196A089295009C
:1022C000059A8A4280F09F820DF13C0B0024069A09
:1022D0000599D26A914222D07A690598596990424B
:1022E00000F07181B4FBF1F2586801FB12428446A0
:1022F000002A00F07B81FE6905987861A21ABA6114
:1023000018460091334605996646B047002840F0CC
:102310009780069A0599D26A3B689142DCD1069A69
:10232000106BA042D8D89A690244A242D4D909932A
:10233000069B121B596BAA4228BF2A46201A164632
:1023400001445846AD1A10F016FF099B3444B344BB
:10235000002DBCD1089A551E012DD7E90B401A6AF1
:1023600016D10F99091B1144B1FBF2F602FB1611AD
:1023700081420DD2FC6B4E0901F01F0254F8260079
:1023800005FA02F2024344F82620D7E90B401A6A04
:1023900020A901EB8505DDE90716891B079155F892
:1023A000441C05916EE73968FA6A096A1344B3FB65
:1023B000F1F201FB12334BF8043BD7E90C63B34253
:1023C0003C461BD0590903F01F0255F821100AFAA8
:1023D00002F20A4212D0B86B01380AE0590903F040
:1023E0001F0255F8211009FA02F20A4200F1FF30EB
:1023F00004D00133B342C4E90D30EFD1039A5A45FA
:102400007FF458AEDDF810B004210BF11C03DBF8AB
:1024100004202046CDE90031002304F11401FEF729
:1024200061FAA8B9DBF81C304FF0FF32CBE9092282
:10243000142001331021CBE90730CBF80C10002019
:1024400021B0BDE8F08FDDF828B0D7E90C6334E6A1
:1024500010F1340FE6D021B0BDE8F08F6FF01B0013
:10246000EEE7149C002C3FF4A0AEDBF80010CD6921
:10247000013C083DB4FBF5F3089353B1581E069197
:1024800010F036FC0699831CA4EB8303B3FBF5F331
:102490000893139B0693DBF82C500B6ADBF8304053
:1024A000069A0B9708461A44551BB5FBF3F203FB3B
:1024B0001253A3420BD25C09DBF83C1003F01F035C
:1024C00051F8242009FA03F3134341F82430089B00
:1024D000002B00F08E8103F00103C3F10203026AB6
:1024E00009939D00069B934280F08D810FAB07936B
:1024F000002718E04368B7FBF1F201FB12729C461B
:10250000002A00F05E81069CCBF81440BA1ADBF872
:102510001C30CBF81820009121466446A0470028C3
:102520008ED1DBF80000DBF81430069A41699A423C
:10253000E0D1DBF81830BB42DCD85A18BA42D9D9FE
:10254000D21BDBF81C100798FB1AAA4228BF2A46A8
:1025500019441446AD1A174410F00DFE079B23448E
:102560000793DBF80000002DDDD1099BDBF82C5030
:10257000DBF83040591E0129036A19D10F9A521B0A
:10258000D718B7FBF3F203FB1272A24210D255091F
:10259000DBF83C4002F01F0254F8253001FA02F249
:1025A000134344F82530DBF82C50036ADBF8304045
:1025B00020AA02EB8101DDE90827D21B089251F81D
:1025C000442C06926FE7BA69A2423FF68BAE5018D0
:1025D000A0427FF687AE001BF9690993A84228BF85
:1025E0002846A21A114406460246AAE68D42FFF486
:1025F00082AEB5FBF1F601FB1652AD1A09921846F0
:1026000000955B46224605996646B04700287FF450
:1026100017AFAB442C443B68099D99E63B68DD69E4
:10262000013C083DB4FBF5F2069252B1501E0593F1
:1026300010F05EFB0230A4EB8004B4FBF5F30693CC
:10264000059BDBF824200592FC6A1A6A386B059911
:10265000CDF81CB011440C1BB4FBF2F102FB11428B
:1026600082420AD25409F86B02F01F0250F824107B
:1026700009FA02F20A4340F82420069A002A00F0E0
:10268000BF8002F00102C2F10202196A08929500AD
:10269000059A8A4280F0B7800DF13C0B0024079A1E
:1026A0000599D26A914220D07A6905985969904279
:1026B0005FD0B4FBF1F2586801FB12428446002A55
:1026C00068D0FE6905987861A21ABA61184600912F
:1026D000334605996646B04700287FF4B1AE079AA5
:1026E0000599D26A3B689142DED1079A106BA042ED
:1026F000DAD89A690244A242D6D90993079B121BE1
:10270000596BAA4228BF2A46201A16460144584649
:10271000AD1A10F030FD099B3444B344002DBED1F6
:10272000089A551E012DD7E90B401A6A16D10F9948
:10273000091B1144B1FBF2F602FB161181420DD2C6
:10274000FC6B4E0901F01F0254F8260005FA02F254
:10275000024344F82620D7E90B401A6A089E20A9B4
:1027600001EB85050699891B069155F8441C0591D6
:1027700070E7BA69A2429CD85018A04299D9001BB0
:10278000F9690993A84228BF2846A21A11440646AF
:102790000246BCE78D4294D3B5FBF1F601FB16521D
:1027A000AD1A0992184600955B4622460599664681
:1027B000B04700287FF444AEAB442C443B68099DED
:1027C000ACE78D42FFF49FAEB5FBF1F401FB14536F
:1027D000ED1A0A930095079B06993A466446A0476E
:1027E00000287FF42DAE079B2B442F4407930A9DAE
:1027F000B7E60B9FD8E4DDF818B0DBF81C3010E525
:10280000DDF81CB014E5034B034A0448122110F014
:10281000EBFB00BF58660400C8650400786604003E
:102820002DE9F04F95B014AB054643F8342DD0E9AF
:102830000162C1E901620CAA0C46FEF757FD83460E
:1028400000285FD19DF83430222B40F08E80DDE9E6
:102850000E23CDE90A2305F11408814602900DF1FB
:10286000400A03900AAB414653F829701023CDE982
:1028700000A33A4600232846FEF734F800283DD14D
:10288000029B23B1109BE2699B1A002B58DB119B22
:1028900023F00043132B53D92A68D26993424FD8AF
:1028A00014AB4FF0FF3143F82C1D1022184651464F
:1028B000049303F0FFF8119B23F00042102A27D065
:1028C000CDE9059410260DF1230B1446DDF8109088
:1028D00004E0484603F0EEF8B44217D00123CDE9F6
:1028E00000B33A46334641462846FDF7FBFF012236
:1028F000594616440028ECD0DDE9059410F1340F58
:102900001ED08346584615B0BDE8F08FDDE905942A
:10291000099B09F101069BB99AE80F0006F0010630
:102920000DF1500C0CEB8606676056F8286CA6601B
:10293000102704F11C06E76086E80F0001230293CC
:10294000B9F1000F14D0DDE9023BA3B1D4E90112C3
:102950002B69216162610E2110225846A161E2605B
:1029600023602C6115B0BDE8F08F6FF0130BC9E741
:102970004FF0010976E76FF0330BC3E7026942B10C
:102980008A4203D107E0994207D01A461368002B08
:10299000F9D10020704700F110020B68136000208D
:1029A000704700BF2DE9F04F93B01346894602925D
:1029B00082464C221846002110F001FCD9F818304C
:1029C0000E2B00F01E810F2B00F02881D9F80C305F
:1029D000CB46DBF8201021F00042043A03F10C0052
:1029E000904298BF0AF1140940F2A080002980F2B9
:1029F00094800AF11409D046CA46DBE90923002570
:102A000008920993A94608AB514653F82560102354
:102A100001930EAB0093324600234046FDF762FF60
:102A2000002840D1B9F1000F05D00E9BDBF81C2027
:102A30009B1A002B5ADB0F9B23F00043132B55D915
:102A4000D8F80020D269934250D812AB4FF0FF3132
:102A500043F82C1D10220EA91846039303F02AF800
:102A60000F9F27F00042102A27D0CDE904951024AB
:102A70000DF11B071546DDF80C9004E0484603F005
:102A800019F8A54217D00123CDE900733246234639
:102A900051464046FDF726FF0122394614440028DE
:102AA000ECD0DDE9049510F1340F1FD0831C34D035
:102AB00013B0BDE8F08FDDE90495079B6C1CABB942
:102AC0000EAB0FCB04F0010412AF07EB8404CBF87C
:102AD000046054F8284CCBF8084010260BF11C0475
:102AE000CBF80C6084E80F004FF00109CDB1B9F1CB
:102AF000000F00F0A480DBF82010DBF8182021F094
:102B00000043043B143210201B2BCBF81820CBF8C9
:102B10000C0008D80029FFF670AF002013B0BDE804
:102B2000F08F01256FE7D1460346C2460C200BA962
:102B3000DBF80420CDE9001049465046FDF7D2FEEF
:102B40000028B3D19DF82D509DF82E409DF82F60A0
:102B5000DBF80C00DBF818109DF82C700A902A1D89
:102B60002244324483180A4407F07F011129CBF82C
:102B70000C30CBF8182002D022297FF42AAF3A0675
:102B800060D5DAF80430013334D0DAF80830013394
:102B900030D00CA95046FEF7B5FA002888DB2DD1BD
:102BA0009DF82C100A989DF82D509DF82E409DF808
:102BB0002F605B4601F07F01CB4699468DF82C10C3
:102BC000029B1129197002D11A460D9B536002997C
:102BD000D9F804200196031D2B44083100912344A9
:102BE00059465046FDF77EFE002808BF012013B06D
:102BF000BDE8F08F5B46CB469946DFE7DBF80C304B
:102C0000E7E6134A029912880A8122230B70D9F849
:102C100018300133C9F81830012049E702980D4AED
:102C20000346222103F8081B1188927801819A70CB
:102C3000D9F818300133C9F81830012038E76FF09F
:102C4000330035E75B463946CB469946B8E700BFC7
:102C5000986504009C6504002DE9F04FA9B0099225
:102C6000CA690A9302F00304012C00F0268454037D
:102C70008A46834602F4003300F1E882100507D546
:102C8000DAF81420DAF82010914238BFCAF8202070
:102C9000002B00F0E5820A9B1846002B00F0F18122
:102CA0000AF12C0305930A9B0B93D0464FF00109C0
:102CB000DA46D8F81C30990300F19F81D8F820102B
:102CC000002940F0F482D3465BF8143B1D6ACAF831
:102CD0003850D8E90823CDF8308006921493D046B6
:102CE0004FF0000AD8E90C1413E06209631C681E57
:102CF000D8F83C60C8F83430C8F8380056F822706C
:102D000004F01F0209FA02F23A4200F0C1810546BE
:102D10001C46A142E9D1002D00F0F182D8F8002034
:102D2000D8F82C30D2E908021944954228BF15463C
:102D3000B1FBF0F300FB1311C8F82C10C8F834A055
:102D4000C8F83050D2080021D8F83C0010F037FA0B
:102D5000D8F80430013300F02082D8F8083001336D
:102D600000F01B8201231DADCDF854A01693002462
:102D70000C272E46D8F800C0D8F82C20DCF820000C
:102D8000D8F83050821A1444B4FBF0F100FB114122
:102D9000A94213D2D8F83C004C0901F01F0350F8A7
:102DA000242009FA03F3134340F82430DCF8200010
:102DB000D8F82C20169BD8F83050821A1A44B2FB4F
:102DC000F0F300FB1323AB420BD25809D8F83C10A8
:102DD00003F01F0351F8202009FA03F3134341F8CD
:102DE000203015AA31464046FDF760FE002840F02D
:102DF000BD811AAC0D96209B1CE01E9ACDE90047C0
:102E000059464046FDF76EFD002840F0AF819DF821
:102E100069309DF86A209DF86B00209904331344B3
:102E20009DF86820034402F070020B44102A20939E
:102E300000F06A82259A22F00042043A03F10C0164
:102E40009142DAD9DDE92643621C0D9ECDE9154396
:102E500001D05D1C8ED1D8F80C50002D00F09D8162
:102E6000CDF83CB0AB460CE0990304D5DBF820402C
:102E7000002C40F03B83DBF800B0BBF1000F00F00A
:102E80008A81DBF81C30D803EED5DBF81440002C27
:102E9000EAD0D8F80010CD69013C083DB4FBF5F349
:102EA000089353B1581E07910FF022FF0799023083
:102EB000A4EB8004B4FBF5F30893DBF81030079320
:102EC000D8F82C400B6AD8F83000079A1A44141B23
:102ED000B4FBF3F203FB124383420BD25C09D8F834
:102EE0003C0003F01F0350F8242009FA03F31343B6
:102EF00040F82430089B002B00F0048403F0010309
:102F0000C3F102030A6A0D939D00079B934280F070
:102F1000F38317AF00240846DBF82C30079A9A4257
:102F200024D0D8F81430079A46699A4200F0AB8250
:102F3000B4FBF6F2436806FB12429C46002A00F0FE
:102F4000BF820799D8F81C30C8F81410A21AC8F824
:102F5000182000966646B047002840F00781DBF84D
:102F60002C30079AD8F800009A42DAD1DBF83020EA
:102F7000A242D6D883691344A342D2D91B1BDBF8E3
:102F80003410AB4228BF2B46A21A11441E461A46E3
:102F90003846AD1A10F0EFF834443744D8F8000042
:102FA000002DB9D10D9B5D1E012D0146036AD8E9A4
:102FB0000B4017D1179A121BD618B6FBF3F203FB7E
:102FC000126282420ED25409D8F83C0002F01F036C
:102FD00050F8242005FA03F3134340F82430D8E9CD
:102FE0000B400B6A0D9E28AA02EB8505089A921BDE
:102FF000089255F8442C079268E7D346D8F8285031
:103000005BF8143BDE69B5423FF460AED8F824406B
:103010000B9B059F761B9E4228BF1E462346099C9C
:103020000CE010F1340F40F0368141465046FEF777
:10303000CDFB002840F02F81D8E90935CDE90146C4
:1030400000955A4639465046FDF7BEFD0028E8D1A6
:10305000D8F82020D8F82830DAF800103244334469
:10306000096AC8F82020C8F82830099A0B9BCAF8CA
:10307000381032449B1B09920B937FF41AAE0A98C6
:10308000C246DAF81C3023F40023CAF81C3075E07D
:10309000D8F80000D8F82C20076A14448B42B4FBFF
:1030A000F7F207FB124420D04FEA531C03F01F0233
:1030B00056F82CC04FF0010E0EFA02F212EA0C0F75
:1030C00013D0023D0CE04FEA531C03F01F0256F8E8
:1030D0002CC009FA02F212EA0C0F05F1FF3504D0F8
:1030E00001338B42C8E90D35EDD1012C40F2F2825B
:1030F000A742C0F0EF82C36821469847002840D11C
:10310000069BD8F80070002B00F0D0811A46FB69AE
:10311000561EA3F1080AB6FBFAF5002D40D1721C29
:103120009342069251D01346002A00F0A7819A4696
:1031300000251DAE059F0EE00123CDE9016300953A
:1031400023465A4639464046FDF73EFDC8B901358B
:10315000AA4500F0CC800123CDE90063149A2B46E8
:1031600059464046FDF7BEFB0028E5D0DDF830A00B
:10317000DAF81C3043F40023CAF81C3029B0BDE84B
:10318000F08F10F1340FF1D14FF0FF33C8F8203039
:10319000D8F83850A4E5DDF83CB0D8F83850A1E5AF
:1031A000681E06930FF0A4FD851CA6EB8505B5FBF4
:1031B000FAF528460FF09CFD05FB1A66069BA6EB68
:1031C0008006721C93420692ADD16E1C96FAA6F34D
:1031D000B3FA83F30793013300250DF1500A0893E6
:1031E0000426AF005A46CDE901A60097234605996B
:1031F0004046FDF7E9FC149A0028C2D1079BAB4278
:1032000009D0CDE900A63B4659464046FDF76AFB8A
:103210000028ABD1149A012A40F26382D8F80070DA
:103220003B6A9342C0F05D82089B0135AB42D8D81F
:10323000C246DDF830809D00C8E90945D8F81C3049
:10324000FE6943F40033C8F81C30E1E64FF0FF3567
:1032500022F48024CD62CC61FBB912053FF510AD9C
:10326000DAF82040DAF814309C427FF614ADCAF840
:103270002030002501230DF14F02514658468DF8AC
:103280004F50FFF7E9FC0028FFF678AFDAF820305E
:103290009C42EFD8FFE4C2466AE700F043FA0028F8
:1032A0007FF46CAFDAF81C2002F40033E6E4013955
:1032B00008F1240008F12804D8E904230091CDE99D
:1032C000010405995046FDF76FFB0028E3D1DAF8B9
:1032D0000030D8F834009A69D346FF210FF06FFF11
:1032E0004FF0FF325BF8143BC8F82C20EEE4C246E6
:1032F000DDF83080DAF80070C8E909459EE7DDF8AE
:1033000030A06FF01B0033E71C9E002E3FF492ADFF
:10331000D8F80010CD69013E083DB6FBF5F30E93D9
:1033200053B1581E07910FF0E3FC0799831CA6EBDD
:103330008303B3FBF5F30E931B9B0793D8F82CC0C4
:10334000D8F83050079A0B6ACDF844B00846614669
:103350001A44511AB1FBF3F203FB1213AB420BD226
:103360005D09D8F83C1003F01F0351F8252009FA35
:1033700003F3134341F825300E9B002B00F0B88176
:1033800003F00103C3F10203026A0F939E00079B3F
:10339000934280F0B18117AB08934FF0000B1AE015
:1033A0004368BBFBF1F201FB12B29C46002A00F01D
:1033B0007981079DC8F81450ABEB0202D8F81C3095
:1033C000C8F81820009129466546A84700287FF4D0
:1033D000CDAED8F80000D8F81430079A41699A4267
:1033E000DED1D8F818305B45DAD85A185A45D7D903
:1033F000A2EB0B02D8F81C100898ABEB0303B24207
:1034000028BF324619441546B61A93440FF0B3FE4E
:10341000089B2B440893D8F80000002EDBD10F9BAB
:10342000D8F82C10D8F830505E1E012E036A1AD13D
:10343000179A521A02EB030CBCFBF3F203FB12C205
:10344000AA4210D25509D8F83C1002F01F0251F8D8
:10345000253006FA02F2134341F82530D8F82C1033
:10346000036AD8F8305028AA02EB860CDDE90E2654
:10347000921B0E925CF8442C079269E7C2461546EF
:10348000DDF8308038E7D8F81830A3423FF650AD69
:103490009A19A2427FF64CAD121BD8F81C10AA4212
:1034A00028BF2A46E31A1646194471E5C246DDF8DC
:1034B00030801D46C8E90943C0E66FF008005DE6AC
:1034C000B542FFF43EADB5FBF6F306FB1353ED1A20
:1034D0000E9300953B46224607996646B047002862
:1034E0007FF444AE2F442C440E9D57E5D8F80010CD
:1034F000CD69013C083DB4FBF5F3089353B1581E68
:1035000007910FF0F5FB07990230A4EB8004B4FBA0
:10351000F5F30893DBF824300793D8F82C400B6AB6
:10352000D8F83000079A1A44141BB4FBF3F203FBDB
:10353000124383420BD25C09D8F83C0003F01F030E
:1035400050F8242009FA03F3134340F82430089B71
:10355000002B3FF490AC03F00103C3F102030A6AAD
:103560000D939D00079B934280F0C68017AF002407
:103570000846DBF82C30079A9A4222D0D8F814304B
:10358000079A46699A4267D0B4FBF6F2436806FB95
:1035900012429C46002A70D00799D8F81C30C8F80F
:1035A0001410A21AC8F8182000966646B0470028E2
:1035B0007FF4DCADDBF82C30079AD8F800009A4293
:1035C000DCD1DBF83020A242D8D883691344A3426F
:1035D000D4D91B1BDBF83410AB4228BF2B46A21AF0
:1035E00011441E461A463846AD1A0FF0C4FD344445
:1035F0003744D8F80000002DBBD10D9BD8F82C40E3
:103600005D1E012D0146036AD8F8300019D1179AC2
:10361000121BD618B6FBF3F203FB1262824210D2E1
:103620005409D8F83C0002F01F0350F8242005FA92
:1036300003F3134340F82430D8F82C400B6AD8F831
:1036400030000D9E28AA02EB8505089A921B08926D
:1036500055F8442C079266E7D8F81830A34293D85F
:103660009A19A24290D9121BD8F81C10AA4228BF5E
:103670002A46E31A16461944B5E7B5428CD3B5FB82
:10368000F6F306FB1353ED1A0E9300953B462246C4
:1036900007996646B04700287FF468AD2F442C4454
:1036A0000E9DA6E78E42FFF484AEB6FBF1F501FB5A
:1036B0001563F61A10930096089B07995A466546BB
:1036C000A84700287FF452AD089B3344B3440893C5
:1036D000109EA0E60D4B0E4A0E4840F28C410FF0B2
:1036E00083FC0D4B0A4A0B4840F2D3410FF07CFC9F
:1036F000DDF844B0FFF77FBB084B094A05481221AB
:103700000FF072FCDBF81C30FFF7AEBB346704002F
:10371000F865040078660400E86604005866040052
:10372000C86504002DE9F04F8A4699B0064606F1B7
:103730001404DAF8207005942C2200210AA80797B7
:103740000FF03DFD94E807004FF0FF35DAE904344F
:103750000DF154097561DAF820500E9389E80700DD
:10376000DAF81410129701238D420F9411936DD241
:103770009F033BD4129A0F9B9A4247D20DF1270820
:103780000DF14C0B1BE03368149DDF69BD421BD06B
:103790007C1B012C28BF0124CDF80080139A0194D2
:1037A0002B4649463046FDF79DF8A04460BB129A6F
:1037B000149B2244AF421C441292149426D1119BB4
:1037C0005C0349463046DED4DDE90E4314AD009279
:1037D000CDE901B52246FDF7E7F8A8B9119B32689B
:1037E000149DD76943F480231193D1E75D0305D578
:1037F00023F480234FF0FF32119315920AA930462B
:10380000FFF790FF0028B5D000281CDB01230DF145
:10381000270251463046FFF71FFA002813DB736971
:10382000013303D04FF0FF3315937361DAF8202092
:10383000DAF814309A4209D2119B03F00302022AEB
:1038400096D16FF0080019B0BDE8F08F0DF1270B8D
:103850004FF00109DAF82C104B1C4AD03068DAF826
:1038600034308469DAF8302000948468A04720BBA3
:103870003368DAF82C809A69DAE90C75002A4DD0A1
:103880002C46CDF818A015443F1BDDF814A007E026
:1038900014F8013B9DF827209A421AD1AC421BD064
:1038A000CDE900B93B19424651463046FDF71AF8BA
:1038B0000028EDD0DDF818A032DA10F1340FC2D1B3
:1038C00051463046FDF782FF0028C3D019B0BDE84D
:1038D000F08FDDF818A0F3E7DDF818A03368DAF808
:1038E00034009A69FF210FF06AFC4FF0FF33CAF8E9
:1038F0002C30DAF81C3023F40033DAE9082143F4E1
:103900008033CAF81C30079BCAF810100020CAF890
:103910001420CAF8203019B0BDE8F08F2846E1E73E
:103920003368DAF834009A69DCE700BF2DE9F04F1C
:103930000D46C969074601F00300022887B061D02F
:103940008803904647D42A6A69698A423FD2891A15
:1039500099420E4628BF1E460596002E4ED005F110
:103960002C0905F1280B05F1240A1AE03C68AB6A22
:10397000E469A3421AD0E41AB44228BF34466A6A02
:10398000CDF80080019449463846FCF7ABFFA044CF
:10399000F0B92A6AAB6A22442344361B2A62AB621E
:1039A0002CD0EB695B0349463846DFD4D5E90443A4
:1039B0000092CDE901AB2246FCF7F6FF40B9EA6977
:1039C0003968AB6ACC6942F48022EA61D3E700200F
:1039D00007B0BDE8F08F4A0305D521F480214FF0F0
:1039E000FF32E961EA62294638460593FFF79AFEFD
:1039F000059B0028A7D007B0BDE8F08F059807B059
:103A0000BDE8F08F6FF00800E2E700BF70B50C462C
:103A1000C96916464A031D4605D521F480214FF099
:103A2000FF33E161E3628B0304D52146FFF77AFEA1
:103A300000B170BD15B93046266270BD012D03D0AE
:103A4000022D07D0206A70BD002E206A0BDB3044A7
:103A5000206270BD002E6069F9DA73428342F6D9A4
:103A60006FF0150070BD73429842F0D2F8E700BFC6
:103A7000086A7047CB6948699B0303D50B6A984273
:103A800038BF1846704700BFF0B595B014AB154667
:103A900043F8441D05AA09A90646FDF727FC04467C
:103AA00010B1204615B0F0BD4C22014628460FF05B
:103AB00086FB9DF818302B70112B04BF089B6B60A0
:103AC0007268079B934205F108071BD00898B168FC
:103AD000884217D08B4215D0824213D005999DF8A9
:103AE00019009DF81A300A9A0097043101449DF894
:103AF0001B0001900B44304606F11401FCF7F2FE66
:103B00000446CEE7024B1B882B81204615B0F0BD42
:103B1000A065040030B58B6A016099B00446002BA3
:103B200073D0C361C86A8A69002879D0A062FF2176
:103B30000FF045FB4FF0FF33216823626361486A51
:103B4000C30640F0C480002800F0B3800B6B002B4C
:103B50006ED0E363D1E90503B3FBF0F200FB123250
:103B6000002A40F0C280C869B0FBF3F203FB1203E5
:103B7000002B40F0B3804FF0FF35A0F10802B5FBF9
:103B8000F2F22A44B2FA82F2C2F12002B0EB820FC2
:103B9000C0F096800A6AA263C4E90155C4E9033300
:103BA000012584F84030C4E90B33636302AA0DA9F0
:103BB0002046CDE90235FCF779FF054660B1236860
:103BC0009A6A002A44D0DA6A002A3CD01B6B002B88
:103BD00035D0284619B030BD202105ABCDE90031E4
:103BE0000E9A102304F114012046FCF77BFE0546D3
:103BF0000028E4D1404B0B9ADDE906019A42C4E962
:103C000001012AD06FF03305D9E7486906F050FB6F
:103C1000E061002833D02168C86A8A69002885D10C
:103C2000104606F045FBA06248B323689A697EE718
:103C3000C00806F03DFBE06308B321688AE7E06B4B
:103C400006F048FBC5E7A06A06F044FB2368BDE721
:103C5000E06906F03FFB2368B5E70C9AA3F1877390
:103C6000A3F580639A42CDD10A9B1A0C012A02D097
:103C70006FF01505A3E79BB2012BF9D8A9E72368DC
:103C80009A6A8AB1DA6A52B11B6B13B16FF00B05F5
:103C90009FE7E06B06F01EFB6FF00B0599E7A06A4B
:103CA00006F018FB2368EFE7E06906F013FB2368D2
:103CB000E8E7124B124A134840F614010FF094F94A
:103CC000114B0F4A0F4840F624010FF08DF90F4BAE
:103CD0000B4A0C4840F613010FF086F90C4B084ACA
:103CE00008484FF402610FF07FF90A4B044A054877
:103CF00040F61F010FF078F96C6974748467040052
:103D00003066040078660400FC6704006467040001
:103D1000CC6704009C67040003689A6A10B50446E7
:103D200052B1DA6A7AB11B6B0BB1002010BDE06BA7
:103D300006F0D0FA002010BDC06906F0CBFA236867
:103D4000DA6A002AEFD1A06A06F0C4FA2368EAE72B
:103D500042680121013280F8401004D083680133A9
:103D600001D001F09BB80020704700BF2DE9F04F53
:103D700088468246C869D1E90141A9B00130C8F836
:103D800004100792C8F81C00C8F8084004937BB1DF
:103D90001E465068D3681546D8F820201B1A022EFC
:103DA000134403D1E8696A6903449B1AC8F82030B8
:103DB000DAF8000000230693CDE90D14C368984794
:103DC000D1460546002800F0798115F1340F40F006
:103DD00037810D9B4FF0FF32C9F82020002B00F0F7
:103DE0004482012B0E9A00F04082012A40F23D826B
:103DF0000127BB464FF0000AD9E90C53D9F8381017
:103E000012E05A090139581CD9F83C40C9F8381059
:103E1000C9F8340054F8226003F01F0207FA02F2D6
:103E2000324200F0118103469D42EAD1002900F0A0
:103E30002282D9F80020D9F82C30D2E908021D449A
:103E4000914228BF1146B5FBF0F300FB1355C9F8AA
:103E50003010C9F834A0D208C9F82C500021D9F884
:103E60003C000FF0ACF9D9F804300133C4D0D9F8D4
:103E700008300133C0D0012309F11405CDF80C80BE
:103E8000CDF83CA010930024A846D9F80060D9F8DA
:103E90002C20306AD9F83050821A1444B4FBF0F167
:103EA00000FB1141A94212D2D9F83C004C0901F0A3
:103EB0001F0350F8242007FA03F3134340F824307B
:103EC000306AD9F82C20109BD9F83050821A1A4445
:103ED000B2FBF0F300FB1323AB420BD25809D9F825
:103EE0003C1003F01F0351F8202007FA03F313439B
:103EF00041F820300FAA1DA94846FCF7D7FD00283D
:103F000040F09D800C26209B16AC1CE01E9ACDE94B
:103F1000004641464846FCF7E5FC002840F08F800B
:103F20009DF859309DF85A209DF85B002099043384
:103F300013449DF85820034402F070020B44102AE9
:103F4000209300F0A081259A22F00042043A03F168
:103F50000C019142DAD9DDE92643601CCDE90F431B
:103F600001D0591C91D1D9F80C40DDF80C80002CFF
:103F70003FF442AFCDF82880C846A146D9F81C309E
:103F8000DA0304D5D9F81440002C40F037829B03A3
:103F900004D5D9F82040002C40F0EC82D9F80090EC
:103FA000B9F1000FEAD1C146DDF8288024E7DAF83C
:103FB0000430013300F04984DAF8083001331DACD5
:103FC0000DAE00F044842246314611AB5046FCF75A
:103FD00073FF002833DB00F03A84D8E90103119E17
:103FE000159621460C360C2413909DF84B0019961B
:103FF000149312AE169418941A9000241C904A46FA
:104000000123504617961B94FFF7B0FEB8B90D98E0
:10401000DAF80420904200F00E840E9BDAF80810C3
:104020008B4200F00884884200F005849A4200F038
:1040300002845046FFF78CFE002800F08883054676
:10404000284629B0BDE8F08FD9F80000D9F82C2017
:10405000016A1344B3FBF1F201FB1231C8F80410FA
:10406000D9E90C329A4221D0560902F01F0554F8C2
:1040700026600BFA05F5354218D0D9F8385005F10D
:10408000FF3C654601279C462B460AE0560902F094
:104090001F0554F8266007FA05F5354203F1FF3392
:1040A00004D001326245C9E90D23EFD10123069303
:1040B000C3689847054600287FF487AE0DF1A00A33
:1040C0004FF0FF334AF84C3D08F11C04214650469E
:1040D000102201F0EFFCD8F80420009409F120032D
:1040E00010241946039301942B464846FCF75EFEC4
:1040F000834628B110F1340F3FF46BAE05469FE7BD
:1041000009F11403264605930127D8F8203023F03F
:104110000043043BA34232D9049B9B4507DA4FEA94
:104120000B13079AD518D358B34200F086801DAB05
:1041300000930E9A0197334605994846FCF7D2FB47
:1041400000287FF47CAF01221DA9504601F0B2FC8B
:104150001DABD8F8042003990093019723464846E5
:10416000FCF724FE002840F08C80D8F8203023F0A3
:1041700000430134043BA34206F10106CCD80420DD
:10418000D8F8042003990190CDF800A023464846B2
:10419000FCF70CFE054600287FF417AED9F8201076
:1041A000D9F800004FF0FF339942C9F8143017D006
:1041B0008469D9E9092300948468A047054600284A
:1041C0007FF403AED9F80030D9F828009A69FF21AE
:1041D0000EF0F5FF4FF0FF33D9F80000C9F820309A
:1041E00003699847054600287FF4EFADD8F82070A2
:1041F0004FF0FF3327F000471D93043FD8F80430F9
:10420000039309F1140B00F09682064611AC08E006
:104210000136012221461DA801F04CFCB74200F0F6
:104220008A820123CDE90043039A33465946484622
:10423000FCF758FB0028EBD001E7D5E90212504605
:1042400001F038FCD5E90231D8F804204846CDE920
:10425000003123460399FCF7A9FD90B96A68EB6821
:104260000BF1010B16441C444FE76FF03305284651
:1042700029B0BDE8F08F6FF01B05284629B0BDE8D6
:10428000F08F0546A1E5189C002C3FF43DAED9F80F
:104290000010CD69013C083DB4FBF5F0002800F0AA
:1042A000AD82013805910EF023FD0599831CA4EB26
:1042B0008303B3FBF5F30893179B0593D9F82CC040
:1042C000D9F83040059A0B6ACDF82C800846614633
:1042D0001A44511AB1FBF3F203FB1213A3420BD29F
:1042E0005C09D9F83C1003F01F0351F8242007FAA9
:1042F00003F3134341F82430089B002B00F0918214
:1043000003F00103C3F10203026A09939D00059BB8
:10431000934280F0808211AB06934FF000081AE0C0
:104320004368B8FBF1F201FB12829C46002A00F0C0
:104330004D82059CC9F81440A8EB0202D9F81C3044
:10434000C9F81820009121466446A04700287FF450
:1043500076AED9F80000D9F81430059A41699A422E
:10436000DED1D9F818304345DAD85A184245D7D9A2
:10437000A2EB0802D9F81C100698A8EB0303AA4286
:1043800028BF2A4619441446AD1A90440EF0F3FE95
:10439000069B23440693D9F80000002DDBD1099B2E
:1043A000D9F82C10D9F830405D1E012D036A1AD1BE
:1043B000119A521A02EB030CBCFBF3F203FB12C27C
:1043C000A24210D25409D9F83C1002F01F0251F851
:1043D000243005FA02F2134341F82430D9F82C10A6
:1043E000036AD9F8304028AA02EB850CDDE90825DC
:1043F000521B08925CF85C2C059269E7D8F8001013
:10440000CD69013C083DB4FBF5F0002800F0FA81CD
:10441000013803910EF06CFC03990230A4EB800488
:10442000B4FBF5F30693D9F810300393D8F82C4079
:104430000B6AD8F83000039ACDF814901A44141B74
:10444000B4FBF3F203FB124383420BD25C09D8F8AE
:104450003C0003F01F0350F8242007FA03F3134332
:1044600040F82430069B002B00F0DF8103F00103AD
:10447000C3F102030A6A08939D00039B934280F0F4
:10448000CA810DF1440900240846059B039ADB6AA2
:104490009A4224D0D8F81430039A46699A4200F020
:1044A0002481B4FBF6F2436806FB12429C46002AC4
:1044B00000F076810399D8F81C30C8F81410A21ABD
:1044C000C8F8182000966646B04700287FF4B7ADBC
:1044D000059B039ADB6AD8F800009A42DAD1059B63
:1044E0001A6BA242D6D883691344A342D2D9059944
:1044F0001B1B496BAB4228BF2B46A21A11441E4618
:104500001A464846AD1A0EF036FE3444B144D8F887
:104510000000002DB9D1089BD8F82C4001465D1E43
:10452000012DD8F830000B6A19D1119A121B1A44C8
:10453000B2FBF3F603FB1622824210D2D8F83C40BD
:10454000560902F01F0354F8260005FA03F303434B
:1045500044F82630D8F82C400B6AD8F83000089E72
:1045600028AA02EB8505069A921B069255F85C2C48
:10457000039263E7D8F80010CD69013C083DB4FB15
:10458000F5F0002800F03C81013803910EF0B0FBFB
:1045900003990230A4EB8004B4FBF5F30593D9F83A
:1045A00024300393D8F82C400B6AD8F83000039AD3
:1045B000CDF818901A44141BB4FBF3F203FB12431A
:1045C00083420BD25C09D8F83C0003F01F0350F87B
:1045D000242007FA03F3134340F82430059B002BF3
:1045E00000F0158103F00103C3F102030A6A089386
:1045F0009D00039B934280F00E810DF1440900243D
:104600000846069B039ADB6A9A4223D0D8F81430F6
:10461000039A46699A427BD0B4FBF6F2436806FBE4
:1046200012429C46002A00F0A5800399D8F81C305D
:10463000C8F81410A21AC8F8182000966646B047A9
:1046400000287FF4FCAC069B039ADB6AD8F80000D4
:104650009A42DBD1069B1A6BA242D7D883691344D6
:10466000A342D3D906991B1B496BAB4228BF2B46EB
:10467000A21A11441E461A464846AD1A0EF07BFD9A
:104680003444B144D8F80000002DBAD1089BD8F8C2
:104690002C405D1E012D0146036AD8F8300019D167
:1046A000119A121B1A44B2FBF3F603FB1622824244
:1046B00010D2D8F83C40560902F01F0354F82600E7
:1046C00005FA03F3034344F82630D8F82C400B6A6C
:1046D000D8F83000089E28AA02EB8505059A921B9F
:1046E000059255F85C2C039264E7D8F81830A34281
:1046F0003FF6D7AE9A19A2427FF6D3AE121BD8F876
:104700001C10AA4228BF2A46E31A16461944F8E6A6
:10471000D8F81830A3423FF67FAF9A19A2427FF62D
:104720007BAF121BD8F81C10AA4228BF2A46E31AF6
:1047300016461944A0E71D9A159B9A427FF449AB8F
:104740005346CA469946069B002B7FF430ACDAF8F4
:104750001030002B3FF474ACD8E901125C688C4235
:1047600052D0986890424FD094424DD081424BD065
:104770001B68EEE7B542FFF458AFB5FBF6F306FB56
:104780001353ED1A099300954B462246039966464A
:10479000B04700287FF453ACA9442C44099D71E72D
:1047A000B542FFF487AEB5FBF6F306FB1353ED1AE3
:1047B000099300954B46224603996646B047002868
:1047C0007FF43DACA9442C44099DA0E68D42FFF442
:1047D000B0ADB5FBF1F401FB1453ED1A0A9300954B
:1047E000069B059942466446A04700287FF427AC03
:1047F000069B2B44A84406930A9DCCE508905BE5F4
:104800000590CCE606900EE6C3E90112B0E7DDF8AC
:104810001890FFF7C3BB194B194A1A4812210EF022
:10482000E3FBDDF82C80FFF76EBBDDF81490D9F8C0
:104830001C30FFF7ACBBD8F80430CAF80430D8F805
:104840000830CAF80830FFF7F4BB1DAC0DAE314696
:1048500022465046FCF700FF0028FFF6F0AB3FF47D
:1048600076AF2146D8E90104002326901A46504627
:104870002794FFF77BFAFFF7DFBB00BF5866040001
:10488000C8650400786604002DE9F04F9DB000F182
:10489000140882468B4691460593474699F80530A1
:1048A00099F8060099F80740DAF80020DBF82010A4
:1048B000D2690433034423440B44934240F28A8078
:1048C000002980F2A180DBE909234FF00008CDE93F
:1048D000028909920A9309AB394653F828501023EC
:1048E000019311AB00932A4600235046FBF7FAFFD1
:1048F00000283DD1029B2BB1119BDBF81C209B1A99
:10490000002B59DB129B23F00043132B54D9DAF808
:104910000020D26993424FD80DF170094FF0FF3358
:1049200049F8503D102211A9484601F0C3F8129EE3
:1049300026F00043102B25D0CDF8108010240DF167
:104940001F06984604E0484601F0B4F8A04517D089
:104950000123CDE900632A46234639465046FBF73A
:10496000C1FF0122314614440028ECD0DDF810804C
:1049700010F1340F20D0034618461DB0BDE8F08F6B
:10498000DDF81080089B08F10104ABB911AB0FCB27
:1049900004F001041CAE06EB8404CBF8045054F878
:1049A0004C4CCBF8084010250BF11C04CBF80C50F4
:1049B00084E80F0001230293B8F1000F07D0DDE96E
:1049C0000239002B7FF46AAF6FF03303D4E74FF066
:1049D000010880E74D460B1F45F8043B059F1395E2
:1049E00000261193159311AA594650460C2502230F
:1049F000CDE91774129616961495FFF7B7F903468A
:104A000018461DB0BDE8F08F5D460FCD11AC0FC448
:104A10000FCD0FC495E8070084E8070059465046BB
:104A2000FDF738FB03460028A6D1DBF820201A99B1
:104A3000CBF824104846043A1B99CBF8281040F8CC
:104A4000042B0A9399F807100E93059B0F93099274
:104A500002230D9210910B900C2409AA594650463E
:104A60000C94FFF783F90346002885D1DBE9011494
:104A7000199A1A9142F0004511A91A465046199503
:104A80001B94FFF773F9034676E700BF2DE9F04169
:104A9000537996790D460433D179334414462A6A02
:104AA0000B4403F1140122F000428A428EB0064604
:104AB00064D003AF206804933A4603900027012393
:104AC00029463046CDE90577FFF750F900284FD148
:104AD000F36823B34FF0FF370BE0D3F808E0D5F8C5
:104AE00008C0E64509D0624507D0714505D01B686E
:104AF000ABB15A6869688A42EFD1DA6821688A42A4
:104B000039D0F4D9617994F806E094F807C00431FB
:104B100071446144521ADA601B68002BE9D1336991
:104B200053B925E09F68AE68B74209D0B24207D0BA
:104B3000B94205D01B68DBB15A6869688A42F1D175
:104B4000D96822689142F5D96279A779E679043269
:104B50003A4432448A1ADA606279A779E679996927
:104B600004323A4432448A1A9A611B68002BE3D11A
:104B70000EB0BDE8F081C3E90177B8E743680133BF
:104B800024D08368013321D0002203AF0123019296
:104B9000394601AA0293FBF789FF90BB0C9B5A1C74
:104BA00015D0DDF834C0BCF1FF3F0CAA39463046C1
:104BB0000DD0D5F804E09E4509D0D5F80880E04531
:104BC00005D0434503D0E645E5D100E003AF0B9A9D
:104BD000002A06DB6379A179E27904330B4413449C
:104BE00068E7D5E90831AC6A0C9163F00045002311
:104BF0001540394630461A460B950D94FFF7B6F826
:104C0000B6E70028B4DBE2E72DE9F0478B6A0160E4
:104C1000A6B00446002B62D0C361C86A8A69002826
:104C200069D0A062FF210EF0CAFA4FF0FF3322686C
:104C300023626361536AD90640F00481002B00F0BF
:104C4000FA80106B00285FD0E063D2E90553B3FB14
:104C5000F5F105FB1131002940F00981D169B1FB63
:104C6000F3F503FB1515002D40F0FA804FF0FF36E9
:104C7000A1F10803B6FBF3F33344B3FA83F3C3F1B2
:104C80002003B1EB830FC0F0E480526A256129460E
:104C9000D208C4E9026584F8405066600EF08FFACD
:104CA0002368E562D3E90823934228BF1346C4E989
:104CB0000C35A26310A92046FDF7ECF90546002843
:104CC0002AD023689A6A002A7FD0DA6A002A77D02D
:104CD0001B6B002B70D0284626B0BDE8F0874869D2
:104CE00005F0E6FAE061002800F08A802168C86AD1
:104CF0008A69002895D1104605F0DAFAA0620028EA
:104D00007ED023689A698DE7D80805F0D1FAE06370
:104D1000002875D0226898E71BA92046FDF7BAF94C
:104D200005460028CDD1034602461BA92046FFF7C1
:104D30001DF805460028C4D1206850491C9AADF8DA
:104D40002250D0E9073603C90EAF87E80300A94611
:104D50000B9310251D9B0C96082041F22E464FF018
:104D600001116260099219923422ADF82060A360AB
:104D70000A931A930795AA468DF823000D9118926D
:104D80004FF0020808AF2026012303AA10A92046ED
:104D9000CDE903A6CDE90576FEF7E8FF0546C8B1E3
:104DA00010F1340F8DD1B8F1010F16D1B9F1000F08
:104DB00016D16FF0330584E7E06B05F08BFA8AE7D4
:104DC000A06A05F087FA236882E7E06905F082FAB5
:104DD00023687AE74FF00109E5E74FF00108D3E7D0
:104DE000002310A901AA2046CDE90138FBF75EFE99
:104DF000054600287FF465AF23681A6AA26361E75D
:104E000023689A6A92B1DA6A5AB11B6B2BB16FF0C0
:104E10000B05284626B0BDE8F087E06B05F05AFA8E
:104E2000F5E7A06A05F056FA2368EEE7E06905F0B9
:104E300051FA2368E7E7124B124A134840F614016F
:104E40000EF0D2F8114B0F4A0F4840F613010EF046
:104E5000CBF80F4B0B4A0C4840F624010EF0C4F877
:104E60000C4B084A08484FF402610EF0BDF80A4B9B
:104E7000044A054840F61F010EF0B6F848680400E1
:104E800084670400306604007866040064670400E8
:104E9000FC670400CC6704009C6704002DE9F04F18
:104EA000BBB083462C22002119A80EF088F94FF0E0
:104EB0000043282224A8002121930EF080F9DBF87A
:104EC00000301B6A01222E92002B00F04981002342
:104ED00003932DAA24A95846FBF7E8FD079048BB89
:104EE000219B002B7ADBDBF80430013300F0428198
:104EF000DBF80830013300F03D810DAB2FAA22A969
:104F00005846FBF7D9FF002813DB00F033810F9CD4
:104F1000229B109D239A9C4200F03881944200F01D
:104F20003B81002319A958461A46CDE92245FEF7D0
:104F30001DFF079007983BB0BDE8F08F03460C209B
:104F400001900EA80090259A59465046FBF7CAFCDE
:104F5000002840F0AD809DF839209DF83A309DF84A
:104F60003B50279C2A989DF838100D9404321A441F
:104F70002A44A31802442A920A06279330D5DAF865
:104F800004300133D34610D0DAF8083001330CD0A6
:104F90000FA95046FCF7B6F80028CADB40F0D780CE
:104FA0009DF838100D9C9DF83B50119401F07F0145
:104FB00004F10C0200208DF838100EA90C26159271
:104FC0001391CDE91705012311AA24A95846169576
:104FD00012961496FEF7CAFE0028AAD1279BDA463D
:104FE0002C9921F00042043A03F10C00904240F267
:104FF000BE80002980F2A7800AF1140BDDE92D2381
:1050000000250B920C93A8464FF010090BAB5946A4
:1050100053F82570CDF804902FAB00933A46002347
:105020005046FBF75FFC00283FD1B8F1000F04D0D9
:105030002F9B2B9A9B1A002B72DB309B23F0004393
:10504000132B6DD9DAF80020D269934268D83AABB5
:105050004FF0FF3143F8C01D102218462FA90493CA
:1050600000F028FD309B23F00042102A44D0CDE907
:10507000058510240DF127061546DDF8108004E0A3
:10508000404600F017FDA54234D00123CDE900636E
:105090003A46234659465046FBF724FC0122314646
:1050A00014440028ECD0DDE9058510F1340F37D029
:1050B000831CD3467FF43DAF24AD0FCD19AC0FC494
:1050C0000FCD0FC495E8070084E80700DBF8003037
:1050D000039A1B6A01329A42039241D22D9B0133FB
:1050E0003FF428AF2E9B01337FF4F3AE07983BB01B
:1050F000BDE8F08FDDE905850A9B6C1C83B92FABF9
:105100000FCB2BAE04F0010486E80F003AAB03EBA3
:105110008404259754F8BC3CCDE926394FF00108AA
:105120009DB1B8F1000F1BD02C992A9A21F00043B1
:10513000043B143210201B2B2A9227903FF6FEAE20
:105140000029FFF65BAFD346B6E701255EE70DAA5F
:1051500024A95846FFF79AFC00283FF43FAFE8E641
:105160006FF03303079307983BB0BDE8F08F0AF167
:10517000140BE4E6DDE92D54002319A958461A461C
:10518000CDE92254FEF7F2FD0790D3E6AA423FF4A0
:1051900025AF94427FF4C5AEAB427FF4C2AE1DE7AB
:1051A00070B590F840309CB00546019163B94368F2
:1051B0000122013380F8402006D08368013303D0F8
:1051C000FFF76CFE044660B901AB02AA06A92846A7
:1051D000FCF78CF8831C044606D0002808BF6FF04B
:1051E000100420461CB070BD2F2101980EF082FEE5
:1051F0000028F6D12B681B6AAB6311A92846FCF77F
:1052000049FF04460028ECD1DDE90F3602461A9327
:1052100011A9034628461B96FEF7A8FD0446002860
:10522000DFD1019E8DF80E0040F622033046ADF826
:105230000C300EF090FE3346DDE912648DF80F005D
:1052400002AA06A928460594109404960F96FFF723
:105250001BFB04460028C4D12B681B6AAB63C0E764
:105260002DE9F0431F4691B003F00303012B0C46D8
:105270000092054603D090F84030002B4ED001AA92
:1052800005A96B462846FCF731F8064600283FD1B1
:105290009DF80830222B00F09380BB0500F18D8033
:1052A000DDE9062001996260039AA0600023C4E949
:1052B00006372362C4E90312049B63617A0506D5AD
:1052C000002B3DD14FF0FF320023C4E904232B68AB
:1052D000586B4FF0FF32E262002859D0EB68002B88
:1052E00061D16063E36903F003034FF0FF36012BE4
:1052F000E66205D02B68FF219A690DF060FFE66237
:10530000EB68236000263046EC6011B0BDE8F08306
:10531000023019D0304611B0BDE8F0834368012255
:10532000013380F84020AAD083680133A7D0FFF76B
:10533000B5FD06460028A2D0304611B0BDE8F08386
:1053400047F48037E761BDE7DDF800902F2148463C
:105350000EF0D0FD80460028DCD1F905DAD540F604
:1053600011034846ADF808308DF80A800EF0F3FDC1
:105370004FF0FF368DF80B004B4601AA05A92846D1
:10538000CDE90368FFF780FA0646002888D0C1E718
:10539000E26902F00302012A08D0986904F088FF4C
:1053A000606300289ED16FF00B06B3E7586904F0E4
:1053B0007FFF6063002895D1F5E76FF01006A9E73D
:1053C0006FF01406A6E700BF2DE9F041CB690C464B
:1053D00059039AB0064605D523F480234FF0FF32D7
:1053E000E361E2629A030AD521463046FEF79AF954
:1053F000054618B128461AB0BDE8F081E36903F408
:105400001023B3F5803F04D0002528461AB0BDE82C
:10541000F08163680133F7D0A3680133F4D00FA99A
:10542000221D3046FBF742FB05460028E2D1E0682A
:10543000049504AF4FF00C080346CDE900780390C3
:10544000C7E90155109A06F114013046FBF74AFAF4
:1054500005460028CED19DF81030112B20D1039B9A
:1054600022690997304603F10C070D9566699DF88E
:105470001350079305920FA9012307AA0C950E95C7
:10548000CDF82080CDF828800B970696FEF76EFCAD
:1054900005460028AED1E36923F48033E361A9E730
:1054A000034B044A044840F213610DF09DFD00BF18
:1054B000146704000866040078660400F0B5CB6940
:1054C0000C4659039BB0054605D523F480234FF0C5
:1054D000FF32E361E2629A0322D521462846FEF7B5
:1054E00021F90646D8B1EA6842B1944203D163E09B
:1054F0009C4263D01A461368002BF9D1A36923B1EB
:105500001B6813B130461BB0F0BD2B685B6B002BE2
:10551000F8D1606B04F0DEFE30461BB0F0BDE369ED
:1055200003F41023B3F5803F01D00026DBE7636866
:105530000133FAD0A3680133F7D00FA9221D284602
:10554000FBF7B4FA06460028CDD1E068039004A921
:105550000C270346CDE90017109A049605F11401B3
:105560002846CDE90566FBF7BDF906460028BAD105
:105570009DF81030112B24D1039B0D9004AA606973
:10558000099203F10C029DF8136008970A9707939C
:1055900027690B9206900FA9012307AA28460C96AB
:1055A0000E960597FEF7E2FB064600289BD1E369BD
:1055B00023F48033E36196E705F10C02236813605E
:1055C0009CE7034B034A044840F213610DF00CFDC5
:1055D0001467040008660400786604002DE9F043AF
:1055E00090F84030C1B00446CDE900215BB9436872
:1055F0000122013380F8402005D08368013302D0B6
:10560000FFF74CFC30B903AA1FA901AB2046FBF7FA
:105610006DFE10B141B0BDE8F08307AE32462AA955
:105620006B462046FBF762FE0546002840F0A68048
:10563000209B2B999DF810008B4200F0B180DDF883
:1056400084C02C9F674500F0AB80BB4200F0D58042
:10565000BCEB010718BF0127AA1C00F0D0809DF801
:105660002020824240F0CD80222800F0B880039BA9
:105670009DF813000F9362F07F0103F10C024FF0CD
:105680000C0C0DF110084FF0000E8DF81010139255
:105690001490169001230FAA1FA92046CDF840C0F0
:1056A000CDF848C0CDF84480CDF854E0FEF75EFB5D
:1056B0000028AFD1002F75D096E80F000BAE86E81A
:1056C0000F0098E807000DF1300888E80700DDF8C2
:1056D00000909DF83030484603F07F038DF830305D
:1056E0000EF039FCAB1C8DF833006CD00B99179180
:1056F000C0B201F10C0C0C261C901E90022317AABC
:105700002AA92046CDF86480CDF87490CDF86CC0FD
:1057100018961A96FEF72AFB00287FF47BAF4FB944
:105720002AAF0FCF1FAE0FC60FCF0FC697E80700E7
:1057300086E8070003AA1FA92046FFF7A7F900285B
:105740007FF468AF02353FF465AF9DF82030222B1F
:105750007FF460AF2AAA36A92046FBF77DFF002818
:10576000FFF658AF53D02046DDE93E5400232AA966
:105770001A46CDE93354FEF7F9FA4BE7811C01D004
:10578000284647E72F2100980EF0B4FB0028F7D1F8
:10579000209B2B999DF8102099423FD1074666E740
:1057A0002F465CE70DF17C0EBEE80F000DF1A80C52
:1057B000ACE80F00BEE80F00ACE80F009EE8070061
:1057C0008CE8070078E74B4632462AA92046FFF7C7
:1057D0005BF800287FF41EAF002FA1D0AAE709AA2A
:1057E00035A92046FBF762F900287FF413AF3D9BF3
:1057F000142B09D19DF8102039E700272CE7024629
:1058000035E76FF0140005E76FF0260002E7074B5D
:10581000074A084840F2D9710DF0E6FBDDF884C074
:105820002C9F6745BAD010460FE700BF54680400AC
:105830002466040078660400F0B590F84030ADB0FE
:10584000044601917BB943680122013380F840206E
:1058500009D08368013306D0FFF720FB054610B15D
:1058600028462DB0F0BD0BA901AB07AA2046FBF7D7
:105870003DFD05460028F3D19DF82030222B00F095
:10588000BF809DF821309DF822009DF82310139AC7
:10589000043303440B4403F1140122F000428A4212
:1058A00000F0948021AE0798229332462190002682
:1058B00001230BA92046CDE92366FEF757FA0028FD
:1058C00040F09780E36823B39DF821609DF8221093
:1058D0009DF82320DDF81CC00E440436DDE90C07DA
:1058E00016444FF0FF3E08E09968B94208D0BA422A
:1058F00006D0884204D01B685BB15A688242F3D15B
:10590000DA68624579D084BF921BDA601B68002B8D
:10591000F3D1236923B39DF821109DF822009DF84F
:105920002320DDF81CC001440431DDE90C6711447B
:1059300008E09868B84208D0BA4206D0864204D03F
:105940001B686BB15A68B242F3D1DA686245F7D985
:105950009869521A401ADA6098611B68002BF1D1DD
:105960009DF82030222B7FF47BAF6368013326D073
:10597000A368013323D000200123059005AA0BA9B9
:1059800020460693FBF792F80546A8B17CE0159AED
:10599000511C14D01799994279D01898904276D01A
:1059A000834274D0914272D014AA0BA92046FBF70F
:1059B0007DF80546002867D1149B581CE7D13A4B67
:1059C0003A4A3B4840F26E710DF00EFB63680133BA
:1059D00044D0A368013341D0002021AE01230390BD
:1059E000314603AA20460493FBF760F830B3002841
:1059F00027DA054628462DB0F0BDC3E901EE7AE767
:105A000009AA16A92046FBF751F800283FF439AF40
:105A10000546EFE72B9A571C13D00C99994210D0EA
:105A20000D9890420DD083420BD0914209D02AAA02
:105A300031462046FBF73AF80028D8D12A9B5A1C59
:105A4000E8D1299A002A0BDB9DF821309DF822101D
:105A50009DF8232004330B44134424E721AEF0E7E0
:105A6000DDE9133163F00040104000232A912990B2
:105A700031461A46159E2B962046FEF777F90028E8
:105A80003FF46EAF0546B5E7002DFFF6E9AE2046C0
:105A9000DDE91F5400230BA91A46CDE91454FEF783
:105AA00065F90546DCE600BF54680400186604008A
:105AB00078660400E2B170B4013A04680D4D8E18A6
:105AC000013911F8013F83EA040202F00F028E420D
:105AD00055F8222082EA141484EA131303F00F030A
:105AE00055F8233083EA1414EBD1046070BC70477E
:105AF000704700BF5868040010B5034B03600446AC
:105B0000FAF788F9204610BDA068040010B5054BCF
:105B100003600446FAF77EF9204606F0FDFE2046B3
:105B200010BD00BFA068040008B500F009F900200E
:105B300008BD00BF70B501F5ED51CC0182B004F194
:105B40008006FF25012220460DF1070114448DF83F
:105B5000075000F0FBF8A642F4D1002002B070BD5F
:105B600008B501F5ED5102EBC1101946029A00F09B
:105B7000EDF8B0FA80F04009404208BD08B501F5E3
:105B8000ED5102EBC1111846029A00F0F7F8002817
:105B9000CCBF00200120404208BD00BF38B5002125
:105BA0000546FAF757F998B94FF46D24204600F0EE
:105BB000EDF804F5805458B1B4F5742FF6D12846A9
:105BC000FAF76AF928460021BDE83840FAF742B9E9
:105BD00038BD00BF10B5074C07492046FAF722F937
:105BE000064B23602046064A0649BDE810400CF0EB
:105BF0006BBC00BF2C7D002014610020A068040055
:105C000000600020F95A030029DF704728DF704741
:105C100012DF704708B50DF09FFAB0FA80F0400926
:105C200008BD00BF10B514460DF0A5FA204610BD02
:105C3000F0B583B002AB002403F8014D05461846C9
:105C400017460C46D608FFF7E3FF01E004F0E6FA3A
:105C5000324621462846FFF7D7FF112803464FF06A
:105C60000100F3D0CBB99DF80730CBB97B081D44B8
:105C70001C4401E004F0D2FA324621462846FFF7E0
:105C8000C3FF112803464FF00100F3D02BB99DF854
:105C9000073063B9384603B0F0BD002003B0F0BD53
:105CA000074B4FF0FF31186805F00EF8DEE7044BA4
:105CB0004FF0FF31186805F007F8384603B0F0BD23
:105CC000D08D002030B5174D296883B00446D1B17E
:105CD000240B01E004F0A2FA2046FFF797FF1128F9
:105CE00003464FF00100F5D013B1002003B030BDE2
:105CF00002A800F8013DFFF78BFF9DF807304BB974
:105D0000012003B030BD0A2004F064FB28600028A5
:105D1000DED1EAE728684FF0FF3104F0D5FF01201B
:105D200003B030BDD08D0020044B186820B1002393
:105D30001A46194604F080BB704700BFD08D002082
:105D4000014800F09FB800BF4C61002010B4094C1E
:105D5000A0420AD3B0F5742F07D213465DF8044B66
:105D60000A460146044800F043B84FF0FF305DF8A2
:105D7000044B7047007002004C61002013460A4635
:105D80000146014800F09EB84C61002030B5174D27
:105D9000296883B00446D1B1240B01E004F03EFA37
:105DA0002046FFF733FF112803464FF00100F5D0DE
:105DB00013B1002003B030BD02A800F8013DFFF789
:105DC00027FF9DF807304BB9012003B030BD0A20F2
:105DD00004F000FB28600028DED1EAE728684FF0D5
:105DE000FF3104F071FF012003B030BDD08D0020E1
:105DF0002DE9F04F83B00193002B3CD0DFF8809069
:105E000005460E4690461F46C6F30B0ACAF5805457
:105E10002B69BC4206EA090B28BF3C465B4520D0F3
:105E2000184601334FF4805213D0EB6813B16969FF
:105E3000984770B90B2007F0E7FB2B682869984753
:105E40006B68D5E904014FF4805298470B2007F0A6
:105E5000F1FBC5F810B05946AB6868694FF4805241
:105E6000984768694146224650440DF084F93F1B2B
:105E70002644A044C8D1019803B0BDE8F08F00BF0C
:105E800000F0FFFF38B503695A1C1AD0C5680446F4
:105E90002DB118464FF480526169A84770B90B20A4
:105EA00007F0B2FB2368206998476368D4E90401CE
:105EB0004FF4805298470B2007F0BCFB4FF0FF33A4
:105EC000236138BD2DE9F84304691D46631C06466D
:105ED0008846174607D1B368394640462A46984750
:105EE0002846BDE8F883944224D92A449442836822
:105EF000F2D204F580529742EED2E41B2246394694
:105F0000404698474FF4805908EB04002A1B0021B3
:105F10009145736928BF91464A4619444C440DF097
:105F20002AF9A542DCD9B368391908EB04002A1B09
:105F30009847D5E704F580539A42CCD2391BC1F576
:105F400080592A4640460024E2E700BF72DF7047CE
:105F500073DF704774DF704777DF704770B50546B1
:105F600008460C4602F0B8F8102808D0802812D154
:105F7000A36883B1EA7F0D2A0FDD002070BDEB7F9F
:105F8000A2881B2BF9DCE9180320E85448704A80EA
:105F9000EB7F0433EB77012070BDA9181120A854C2
:105FA00007224A7098681E685C68DB68C1F80E308A
:105FB000C1F80A00C1F80260C1F80640EB7F123355
:105FC000EB770120DAE700BF0022C277027070474A
:105FD00030B5D1E9035485B04A69074B009369464F
:105FE000CDE902420195FFF7B9FF0446684602F089
:105FF00025F8204605B030BDF8680400F0B589B03A
:10600000054620226946134802F006FDEB7FC218C0
:106010001D2A0ADDC3F11D04E4B2E2181D2A4FF067
:10602000000615DD304609B0F0BD044601260927FB
:10603000EA18601CE85469465770901C22460DF01F
:106040009AF8EB7F02331C443046EC7709B0F0BD80
:106050000827EDE7EC8D002010B50446094802F052
:106060003DFDE37F1C2B0ADCE2180221E1540A23E8
:1060700090705370E37F0333E377012010BD00205D
:1060800010BD00BFEC8D0020C27F1C2A0DDC10B4B7
:1060900003469C18022098540120A1706070DA7F9A
:1060A0000332DA775DF8044B70470020704700BF79
:1060B0000023C3770370704730B440F2FF12094CDD
:1060C000094902840125002280F82250C0E90A41D2
:1060D000C277027080F823204262C0E90C228263FA
:1060E00030BC70472000F40020001E00C1857047BE
:1060F000428501858185704780F82210704700BF76
:10610000F0B502EB8203264E87B003EB83030F4604
:106110009B00154631680022CDE90272ADF80C30C3
:1061200090F8213000928DF80030CB0704460192A0
:10613000CDE9042209D41B4A1B4BD17FC07F998132
:1061400001211C609A60988031606A46164904F10A
:106150002000FFF7FBFE10B1002007B0F0BD134890
:1061600094F8206002F0BAFC314602460120FFF7A5
:10617000F3FE0028F0D1012194F82000FFF7E8FE9B
:106180000028E9D1094802F005FD638EA7859D42EC
:1061900094BF5B1BDB1A0120638684F82300DCE7D5
:1061A000D48D002068940020D88D0020EC8D002034
:1061B000F0B52C4D4186044687B001862846FA2169
:1061C00002F094FCE68D2849278D0868029706EBBB
:1061D000860303EB830300229B000392ADF80C308F
:1061E00094F8213000928DF80030C3070192CDE978
:1061F00004220BD41D4BE27F95F89B069A8005F292
:106200007C6501221C609D6098810A606A4617497E
:1062100004F12000FFF79AFE10B1002007B0F0BD96
:10622000104894F8205002F059FC294602460120FB
:10623000FFF792FE0028F0D1012194F82000FFF72B
:1062400087FE0028E9D1074802F0A4FC638EA785E9
:106250009E4294BF9B1BDB1A0120638684F82300B7
:10626000DCE700BFEC8D0020D48D0020D88D00200D
:1062700008B5034690F82000FFF76CFE08B1002037
:1062800008BD83F82300024802F098FC012008BDF5
:10629000EC8D002030B50B888D88112B85B004461D
:1062A0002CD0262B0FD0102B01D005B030BDCB7BCE
:1062B000012BFAD1426A03FA05F515430023456222
:1062C00080F82330F1E70B7A012BEED1002380F820
:1062D00023304FF4FA71274802F008FC238E002B7C
:1062E00030D0658E002D36D0A36B0BB19847658EEC
:1062F000618D2A462046FFF703FFD6E7436AEB404D
:10630000DB07D2D51B4801F06FF80028CDD1636AB6
:1063100094F82310012202FA05F523EA05036362CB
:106320000029C2D194F82230002BBED0238E638680
:10633000FA21104802F0DAFBE28D218D2046FFF7AA
:10634000DFFEB2E7A36B03B198470022618D2046C0
:10635000FFF7D6FEA9E7074802F030FC626B002A7F
:10636000A3D004AB0095294643F8045D284606F007
:1063700097FD9AE7EC8D0020AADF7047ABDF7047EE
:10638000ACDF7047ADDF7047AEDF7047B0DF7047FE
:1063900010B5044B044640F8043B01F04FFE204684
:1063A00010BD00BFB468040010B5054B044640F8AA
:1063B000043B01F043FE204606F0AEFA204610BD35
:1063C000B4680400F0B5854B04461B68836197B040
:1063D000043001F093FE94F82E30A06913F03202DD
:1063E00008BF84F82F2013F00C0308BF84F8303066
:1063F0000DF10102694601F017FE94F82F209DF877
:106400000110100714D09DF8003002F00F0003F0C7
:106410000F06B0424FEA13174FEA121540F2898077
:1064200094F82F2060F3030265F3071284F82F20FD
:1064300094F830301A0711D003F00F0201F00F0565
:10644000AA424FEA13104FEA11166AD994F8303075
:1064500062F3030360F3071384F8303094F82E20BE
:1064600012F030036ED10FAD0F93C5E90133C5E9CA
:10647000033394F82F108DF83C201846AB610123AC
:106480004FF0000263F34202236A14900020ADF83B
:1064900008008DF80A208DF8081013B11A78002A28
:1064A00033D194F8263013B104F12603129394F8F3
:1064B0003130E28AE169099113F0010F4FF00003D6
:1064C0000CBF10461846CDF81E302946ADF81C000A
:1064D000ADF82230184604F12F05ADF8202004F164
:1064E000080604F1320305AA06950596FFF744FF56
:1064F000054638B994F82520002A3DD1257D002D88
:1065000065D00025284617B0F0BD184610930DF051
:1065100022FD02AB80B2ADF84400ADF84600139303
:10652000BFE74B401B0701D1B0428FD830462A4607
:106530008CE75A40130702D1BD423FF671AF3D468A
:1065400030466DE70023012525490F93184665F372
:1065500042000FAD0E7894F82F108DF83C208DF886
:1065600006008DF80460C5E90133C5E90333AB616A
:106570008DF8051001A882E70122014662F342016D
:1065800094F82F508DF80E10022303AE42F6081136
:10659000ADF80C008DF812200B968DF80C50ADF86C
:1065A000101004F1240504AE0DEB03020AA9CDF886
:1065B00032000E95ADF83600ADF83030ADF834301D
:1065C0000A96FFF7DBFE0546002897D09AE721469A
:1065D000044800F0CBFE284617B0F0BDE88D00203F
:1065E000A86804002C9200202DE9F0410B888E88C9
:1065F000502B8AB00C46054609D0512B04D18B791B
:10660000012B42D0022B17D00AB0BDE8F081CB8815
:10661000428E9A4226D0EA8E9A42F5D16B6D002BBB
:10662000F2D095F84420648A920700F19B802246BC
:10663000294630469847E7E7A27B042A58D0062A25
:1066400032D0012AE0D1EB6C002BDDD095F844204C
:10665000170704F1080400F1C0802246294630469D
:106660009847D1E7076D002FD5D090F84430B1F8A6
:1066700010C001F11208D90700F193806346424629
:1066800029463046B847E388C5E7836C002BBBD06A
:1066900090F84420520701F1080773D43A4629467E
:1066A00030469847A379ADE7EA6B002AACD00022C8
:1066B00002A93046CDE90222CDE904228DF8083046
:1066C000FFF764FE2C6D64B195F84430EF6BB5F8BC
:1066D00042C0D80700F1918063463A4630462946C9
:1066E000A047E86B03F0CEFD0023C5E90F338BE72D
:1066F000E86B002868D0B5F84070218A628A01EB07
:10670000020C00234FF0020EBC45CDE90633CDE963
:1067100008338DF818E008DD40F20913ADF81C309D
:1067200006A93046FFF732FE6EE79DF81E30ADF841
:10673000201004F1140743F0010308443946ADF872
:1067400022208DF81E3009970CF015FD638A228AED
:10675000B5F842101A4493B28B4238BF0B46A5F8E5
:106760004230DDE7032000211A46009006AB0846C0
:10677000CDE90665089406F093FB00287FF444AF4A
:106780006B6D54E703211A46009106AB0821384689
:10679000CDE90665089706F083FB002882D1AB6C33
:1067A0007CE7042300933A46614606AB4046CDE9B8
:1067B0000665CDE9088C06F073FB00287FF463AF13
:1067C0002F6DB4F810C059E74FF4806003F040FD1E
:1067D0004FF48067C5E90F078FE703211A46009140
:1067E00006AB0E212046CDE90665089406F058FB5D
:1067F00000287FF409AFEB6C2FE7042300932246B7
:106800003846614606ABCDE906650897CDF824C049
:1068100006F046FB00287FF464AF2C6DEF6BB5F8F3
:1068200042C059E7174B10B5044640F8043B01F04D
:106830000DFC0123194663F342010023124A84F838
:106840004430C4E90F331278A3841420C4F82630EE
:10685000C4F82A3084F82E30E08284F8311084F8AD
:106860002F2084F830202375A3612362E3616386BF
:10687000A3862387E386C4E91233C4E91433204690
:1068800010BD00BFB4680400A8680400F0B4D1E9EA
:106890000154184ACF681178174E856001231A46B3
:1068A00063F34202154D80F83120C46000221424A5
:1068B0000761C0E90065C48280F82F1080F83010AD
:1068C00080F844200275826102628284C0F826202A
:1068D000C0F82A2080F82E20C26142868286028774
:1068E000C286C0E90F22C0E91222C0E91422F0BC1E
:1068F000704700BFA8680400B4680400F86804008A
:1069000010B4D1E90142CB680361C0E902425DF8ED
:10691000044B704701230375704700BF80F82E10A9
:10692000704700BFC182704739B990F831300122F9
:1069300062F3000380F83130704790F83130C18243
:10694000002262F3000380F83130704780F82F1086
:1069500080F83020704700BF90F84430016562F342
:10696000000380F84430704730B490F8443090F819
:106970003140C1640D1C18BF012565F3041462F396
:10698000C30380F8314080F8443030BC704700BF0A
:1069900051F8322F02604A684260704710B5C48ACD
:1069A00082B0944228BF144601910023418EADF875
:1069B00000406A464FF6FF70ADF80230FFF7E0FC8A
:1069C00018B9BDF8000002B010BD184602B010BDE5
:1069D00030B5C48A85B0012C28BF01248DF807107A
:1069E0000023418EADF808400DF1070502AA4FF6CD
:1069F000FF70ADF80A300395FFF7C2FC18B9BDF877
:106A0000080005B030BD184605B030BD30B5C48AA9
:106A100085B0022C28BF0224ADF806100023418E59
:106A2000ADF808400DF1060502AA4FF6FF70ADF86B
:106A30000A300395FFF7A4FC18B9BDF8080005B0AB
:106A400030BD184605B030BD90F82E3013F010035D
:106A500001D11846704730B5044685B011480D463F
:106A600002F068F810B1E18E11B9084605B030BDEA
:106A70002846002302AA02250DF10604ADF80A30CB
:106A8000ADF808500394FFF77DFC43F201429042B9
:106A900005D008B99DF8060000F00100E6E71846A9
:106AA000E4E700BFEC8D00202DE9F04F90F82E3088
:106AB000DC0689B005D44FF0000B584609B0BDE89C
:106AC000F08F0446434815460E4602F03FF8E38A2D
:106AD00094F82E209D4228BF1D46D206804608D538
:106AE00001463C4802F026F8834608B1E18EA9B978
:106AF000E38A04AF9D4228BF1D463A460023618EBB
:106B0000ADF810504FF6FF709B460596ADF8123069
:106B1000FFF736FC584609B0BDE8F08F002004AFFF
:106B20003A464FF0020CADF812000DF10E0340464C
:106B3000ADF810C00593FFF725FC43F201429042E7
:106B400046D008B9BDF80E0000F0010000283FD083
:106B50004146204802F006F882460028ABD000F0FB
:106B600051F9033883B2002DA7D0CDF804B04FF00F
:106B700000099B4605E0BDF80E30ED1AADB21E448B
:106B80001DB3504600F05CF9AB455B46394628BF63
:106B90002B4600288FD0ADF80E304FF00103628EE7
:106BA000CDF8129040468DF812300DF10E03ADF87D
:106BB0001690CDE90636ADF81020FFF7E5FB00286A
:106BC000D9D0504600F046F975E7DDF804B074E717
:106BD000E38A8FE7EC8D00202DE9F04F90F82E30FE
:106BE00089B0DA068DF80D1004D40025284609B0C6
:106BF000BDE8F08F0446494801F0A8FFB4F81680BC
:106C000094F82E20B8F1010FC34628BF4FF0010BB6
:106C1000D306074609D50146404801F08BFF0546DB
:106C200008B1E18EC1B9B4F8168004AED845434628
:106C300028BF5B46ADF8103000250DF10D0332463C
:106C4000618EADF812504FF6FF700593FFF798FB79
:106C5000284609B0BDE8F08F002004AE32464FF060
:106C6000020CADF812000DF10E033846ADF810C05D
:106C70000593FFF787FB43F2014290424BD008B9DE
:106C8000BDF80E0000F00100002844D0394623482A
:106C900001F068FF82460028A7D000F0B3F803385F
:106CA00083B2B8F1000FA1D00DF10D0801954FF09E
:106CB00000095D46A3464446984605E0BDF80E30FF
:106CC000ED1AADB21C4425B3504600F0B9F8A84502
:106CD0004346314628BF2B46002886D0ADF80E30FB
:106CE0004FF00103BBF83220CDF8129038468DF8F2
:106CF00012300DF10E03ADF81690CDE90634ADF863
:106D00001020FFF741FB0028D8D0504600F0A2F831
:106D10006BE7019D6AE7B4F8168087E7EC8D0020E9
:106D200076DF70478FDF704790DF7047B1DF7047C5
:106D3000B5DF704710B5074B03600446806A04F066
:106D40006FF9E06A04F06CF9206B08B104F068F99F
:106D5000204610BDCC68040010B5094B0360044602
:106D6000806A04F05DF9E06A04F05AF9206B08B11A
:106D700004F056F9204605F0CFFD204610BD00BFB7
:106D8000CC68040070B504468180174E266001214E
:106D900017251B20E580E08121752174518921810F
:106DA00091896181D189A18192E803000D0CA061D4
:106DB000A183A577D2796274194618469DF81050C0
:106DC00003F008FB2946A062284603F003FB0023DA
:106DD00011214FF6FF72E062E175628263752363F1
:106DE000A375204670BD00BFCC680400007D7047CD
:106DF000407D7047C07D113818BF0120704700BF2B
:106E0000407C7047C08870470089704710B44B7D44
:106E10004BB918310C688A888B7904608280837141
:106E20005DF8044B70471F31F4E700BF08B513212C
:106E30008088FFF775FFB0FA80F0400908BD00BFF9
:106E400008B56621806A03F03FFF003018BF0120BB
:106E500008BD00BF08B500231A461946806A03F032
:106E6000EBFA003018BF012008BD00BF00F11F027F
:106E70008188407C02F09AB938B50A4605460C462E
:106E80008188407C02F080F9214651F8483FC5F8DE
:106E90001F308B79888885F825300123A5F82300D9
:106EA0006B75184638BD00BF38B50A4605460C4616
:106EB00000F11801407C02F0BDF9687550B121461F
:106EC00051F8482FC5F81F208A88897985F8251040
:106ED000A5F8232038BD00BF10B5447D24B100F1D2
:106EE0001F01407C02F086F9204610BDC37D112BA6
:106EF00001D0012070478188014800F0F7BC00BF35
:106F00000C8E002070B50B88113B82B00C460546F4
:106F1000462B2BD8DFE803F03C3F2A2A2A2A2A2ACC
:106F20002A462A2A2A2A2A2A545C62682A2A2A2AD3
:106F30002A2A2A2A2A2A2A2A2A2A2A2A2A2A2A2AB1
:106F40002A6B2A6E2A2A2A2A2A2A2A2A2A2A2A2A1C
:106F50002A2A2A2A2A2A2A2A2A247E2A89972C009F
:106F60000023A8881A461946FFF7E0FE02B070BD5C
:106F70008B79002BFAD0002600231A461946A86AFE
:106F800003F05AFA0136A379F6B2B342F4D8EDE72A
:106F900000230375EAE74B8903818B894381CB8901
:106FA0008381E3E70B7AC375112BDFD000F11F0259
:106FB0008188407C02F0F6F903460028D6D1D0E75C
:106FC00002A9002321F8043D8088FFF7ABFECDE73E
:106FD0000B7A002BCAD14B7A0374C7E70022114603
:106FE0008088FFF7A1FEC1E70B89C381BEE74B890B
:106FF000C380BBE78B7A002BB8D0002600231A464B
:107000001946E86A03F018FA0136A37AF6B2B342D9
:10701000F4D8ABE7006B0123AB750028A6D00023A2
:107020001A46194603F008FAA0E7417C0C4801F023
:1070300091FDE188814228BF014689B2E980A88894
:10704000FFF776FE92E78B79002B8FD1006BAB7543
:1070500000288BD01A46194603F0EEF986E700BFE8
:10706000EC8D0020F0B589B085880E4604A84FF459
:10707000285117464FF6FF7400F0F2FF0120CDE9CA
:1070800001043346294604AA0097054800F020F879
:10709000044604A800F0D2FF204609B0F0BD00BFAE
:1070A0002C920020A0DF704738B50446F82500F583
:1070B000F87001F0C9FF2A46204600210CF07FF845
:1070C0002A46601900210CF07AF8204638BD00BF2E
:1070D0002DE9F04782B00546BDF82C60BDF8304080
:1070E0001C48ADF8046090469946ADF806400F463E
:1070F000BDF828A001F036FD05F5F875064604E058
:107100003046FFF781FE03F089F8284601F0F6FFCC
:1071100004460028F4D10121284601F09FFF524681
:107120004946284601F0B4FF08F10401384601AA97
:10713000FFF7B8FF38B94FF4FA71284601F0AEFFF7
:1071400020EAE074A4B2284601F092FF204602B083
:10715000BDE8F087EC8D00202DE9F04F8F880E8878
:1071600085B08846054639467F4801F0FBFCA6F10C
:107170001003012B814640F28B8095F854203AB3DE
:10718000002404F11603502E55F823A059D0512E97
:107190001AD198F80630B8F808B0022B43D0BBF1EA
:1071A000000F11D051466846FFF7F2FBBDF80030E2
:1071B0005B4549D0514602A8FFF7EAFBBDF80C3009
:1071C0005B4541D095F854200134E4B29442D8D3C1
:1071D00095F84C31002B00F0C38005F5A67900240A
:1071E00004E095F84C310134A34246DD59F8040F10
:1071F00002F02AFBB842F4D1382E03D0392E01D048
:10720000362EEED1B8F80AA0BAF1000FE9D0D9F8BD
:1072100000B0584602F01CFB5045E2D158464146AA
:1072200002F018FBDDE798F80E30062BB7D1DAF83C
:1072300000305046DB68414698474846FFF7DAFD84
:10724000C0E7B8F806B0AAE7DAF800305046414681
:10725000DB6898474846FFF7CDFD0028B2D0502E96
:10726000B0D1514602A8FFF793FBBDF80C305B4547
:10727000A8D14846FFF7FAFDA4E7112E2AD0352EF3
:1072800003D1B8F80A30002B5BD105B0BDE8F08F10
:107290002B78002B3FF471AF112E4FF000040CD06F
:1072A00005EB84033946586803685B6898470134E6
:1072B0002B78E4B2A342F3D85FE705EB84033946A9
:1072C000586803681B68984701342B78E4B2A342DE
:1072D000F3D852E7002473B105EB8406D6F85001C9
:1072E00002F0B2FAB84204F101031FD095F84C2124
:1072F000DCB2A242F0D895F8F8100029C5D00024DD
:1073000005EB8403621CD3F8FC008388BB4203D0E6
:10731000D4B28C42F4D3B8E703681B6898470134B1
:1073200095F8F810E4B28C42EAD3AEE7D6F85001F3
:1073300002F086FA013495F84C31E4B2A342CBD87E
:10734000D9E705F5F8752846B8F80C2008F11001C2
:1073500001F0D6FE284605B0BDE8F04F01F0E8BECA
:10736000112E8CD1C7E700BFEC8D002090F854306F
:10737000272B0CD810B4024603F11604013380F811
:107380005430012042F824105DF8044B704700206F
:10739000704700BF0378132B06D800EB830201333C
:1073A00003700120516070470020704778DF7047FC
:1073B0007ADF7047054A034692E80300002283E81B
:1073C0000300C3E902221846704700BFD4680400D6
:1073D00008B5FFF7EDFF08B1002008BDFFF7E6FF95
:1073E000B0FA80F0400908BDF8B500240B4F2546DF
:1073F000A1B2384601F0B6FB0134064648B1FFF7AA
:10740000F5FC30B13046FFF7FBFC012804BF013525
:10741000EDB2142CECD12846F8BD00BFEC8D002055
:1074200001F0D6BE08B501804280FFF7C1FFB0FA77
:1074300080F0400908BD00BF08B58180FFF7B8FFA4
:10744000B0FA80F0400908BD08B5054BA3FB013137
:10745000C908C180FFF7ACFFB0FA80F0400908BD51
:10746000CDCCCCCC81607047C1607047704700BF05
:1074700046DF70477EDF70477FDF704780DF7047F1
:1074800081DF704785DF704786DF704738B51C465F
:107490000D460346114628462246984734B1014618
:1074A00000222846BDE83840FFF7E8BF38BD00BFDE
:1074B00010B50C4682B003466946204698476A4696
:1074C00020460121FFF7DAFF02B010BD38B50446AF
:1074D000083006F095FB03224FF0050362F3061314
:1074E0000725102023700023A07022716570E270C0
:1074F000C4F81034C4F81434C4F81834C4F81C3474
:10750000204638BD30B50446ADF55F7D00F1080575
:107510008F4806F009FB0821284606F075FB6846EF
:1075200006F07CFB6846082106F07CFB694628468D
:1075300006F01AFB04F54F714122684606F080FB05
:10754000684606F079FB94F85C0394F85B2394F8A2
:107550003D1394F83E3384F83D0384F83E2394F8B9
:107560005A0394F8592394F83F5384F85C1384F831
:107570005B3394F8401394F8413384F83F0384F864
:10758000402394F8580394F8572384F85A5384F806
:10759000591394F8425394F8431384F8410384F840
:1075A000583394F8560394F8443384F8422394F8FB
:1075B000552384F8575384F8430384F8442384F80C
:1075C000553384F8561394F8451394F8540394F8FB
:1075D000532394F8463384F8450384F8462394F8FB
:1075E000520394F8512394F8475384F8541384F8C1
:1075F000533394F8481394F8493384F8470384F8D4
:10760000482394F8500394F84F2384F8525384F895
:10761000511394F84A5394F84B1384F8490384F8AF
:10762000503394F84E0394F84C3384F84A2394F87A
:107630004D2384F84F5384F84B0384F84C2384F88B
:107640004D3384F84E1394F85D1394F87C0394F84A
:107650007B2394F85E3384F85D0384F85E2394F80A
:107660007A0394F8792394F85F5384F87C1384F8B0
:107670007B3394F8601394F8613384F85F0384F8E3
:10768000602394F8780394F8772384F87A5384F885
:10769000791394F8625394F8631384F8610384F8BF
:1076A000783394F8760394F8643384F8622394F87A
:1076B000752384F8775384F8630384F8642384F88B
:1076C000753384F8761394F8651394F8740394F87A
:1076D000732394F8663384F8650384F8662394F87A
:1076E000720394F8712394F8675384F8741384F840
:1076F000733394F8681394F8693384F8670384F853
:10770000682394F8700394F86F2384F8725384F814
:10771000711394F86A5394F86B1384F8690384F82E
:10772000703394F86E0394F86C3384F86A2394F8F9
:107730006D2384F86B03012084F86F5384F86E1373
:1077400084F86C2384F86D330DF55F7D30BD00BF88
:10775000FC9F002039B17BB9037802F0070262F385
:10776000061303707047002B037814BF0222032214
:1077700062F30613037070470378042262F3061362
:1077800003707047037861F341030370704700BFD3
:107790000B7803F0FE03042B01D000207047F0B5F6
:1077A00014468DB00D461E2200210DF112000BF083
:1077B00006FD20686168A268E3686C460FC49DF806
:1077C00000109DF80F209DF801609DF80E409DF877
:1077D00002008DF80F102B469DF80D108DF800203B
:1077E0009DF803208DF80E608DF801409DF80C6027
:1077F0009DF804408DF80D008DF802109DF80B00E7
:107800009DF805108DF80C209DF80A208DF8036076
:107810008DF80B408DF804008DF80A108DF80520C6
:107820009DF8062033F8041FADF810109F789DF8DE
:1078300007109DF809C09DF810609DF811408DF863
:10784000092000239DF808208DF81D7068461F460A
:107850008DF808108DF807208DF810308DF8113054
:107860008DF812308DF81C308DF813308DF81B30E8
:107870008DF814308DF81A308DF815308DF81930D8
:107880008DF816308DF818308DF817308DF806C049
:107890008DF81F608DF81E40FFF7EAFD9DF82F3030
:1078A0006A789DF82E009DF82D108DF821009A42DF
:1078B0008DF8221004D0012080F001000DB0F0BD41
:1078C000AA78C3B29A4205F10201F4D14A789DF830
:1078D00022309A42EFD13846EEE700BFC0F81814C4
:1078E000704700BFC0F81C14704700BF08B50B46B6
:1078F00001461846FFF7BEFDB0FA80F0400908BD0A
:1079000008B5137CDB0758BF1C32084602F1120190
:10791000FFF7B8FDB0FA80F0400908BDF0B58E88D9
:107920000D46ADF56B7D044631461D4801F01AF950
:107930002B88133B0746072B2FD8DFE813F0E20212
:1079400003030F032E00250333000800D4022B7A13
:10795000B3B96B7B9B070ED402A83946FFF756FAE2
:107960000298BDF80C109DF80E2084F80C24C4F881
:107970000604A4F80A14384604F2BE31FFF77CFA74
:10798000D4F818244AB1287A0D90022300210093DC
:1079900008460CAB0C9605F083FA0DF56B7DF0BD37
:1079A000EC8D002094F87E3394F89D2394F87FC3E7
:1079B00094F89C7394F8805394F89B0384F89D3357
:1079C000042194F89A3384F87D1384F87E2394F884
:1079D000811394F8822384F89CC384F87F7394F80D
:1079E00099C394F8837384F89B5384F8800394F8C4
:1079F000985394F8840384F89A1384F8813394F8A4
:107A0000971394F8853384F8992394F8962384F88F
:107A100082C384F8987384F8835384F8970384F8B6
:107A2000841384F8852384F8963394F8862394F895
:107A3000953394F887C394F8947394F8885394F822
:107A4000930394F8891384F8952384F8863394F883
:107A5000922394F88A3384F894C384F8877394F853
:107A600091C394F88B7384F8935384F8880394F843
:107A7000905394F88C0384F8921384F8892394F833
:107A80008F1394F88D2384F8913394F88E3384F80F
:107A90008AC384F8907384F88B5384F88F0384F836
:107AA0008C1384F88D3384F88E2394F89E2394F8F5
:107AB000BD3394F89FC394F8BC7394F8A05394F822
:107AC000BB0394F8A11384F8BD2384F89E3394F883
:107AD000BA2394F8A23384F8BCC384F89F7394F853
:107AE000B9C394F8A37384F8BB5384F8A00394F843
:107AF000B85394F8A40384F8BA1384F8A12394F833
:107B0000B71394F8A52384F8B93394F8B63384F8FE
:107B1000A2C384F8B87384F8A35384F8A41384F838
:107B2000B62384F8A53384F8B70394F8A60394F831
:107B3000B51394F8A72394F8B43394F8A87394F881
:107B4000B35384F8B50384F8A61394F8A90394F802
:107B5000B21384F8B42384F8A73394F8AA2394F8D2
:107B6000B13384F8B37384F8A85394F8AB7394F8E2
:107B7000B05384F8B20384F8A91394F8AC0394F8D2
:107B8000AF1384F8B12384F8AA3394F8AD2394F8A2
:107B9000AE3384F8AD3384F8AE2384F8B07384F840
:107BA000AB5384F8AF0384F8AC130CA806F036F896
:107BB0000CA8082106F036F804F27D310CA8412209
:107BC00006F052F80CA904AA202304F1080005F0DD
:107BD000F9FF0CA806F030F89DF810109DF82F0062
:107BE0009DF811309DF82E209DF812709DF82D50B3
:107BF0008DF810008DF82F109DF813009DF82C10B3
:107C00008DF811208DF82E309DF814209DF82B3022
:107C10008DF812508DF82D709DF815509DF82A7032
:107C20008DF813108DF82C009DF816109DF8290082
:107C30008DF814308DF82B209DF817309DF82820F2
:107C40008DF815708DF82A508DF816008DF81720D4
:107C50008DF828308DF829109DF818109DF8270010
:107C60009DF819309DF826209DF81A709DF8255032
:107C70008DF818008DF827109DF81B009DF8241032
:107C80008DF819208DF826309DF81C209DF82330A2
:107C90008DF81A508DF825709DF81D509DF82270B2
:107CA0008DF81B108DF824009DF81E109DF8210002
:107CB0008DF81C308DF823209DF81F309DF8202072
:107CC0008DF81D708DF822508DF821108DF81F2031
:107CD0008DF820308DF81E0094F87E0394F89D13E3
:107CE00094F87F2394F89C3394F8807394F89B5312
:107CF00084F89D0384F87E1394F8810394F89A1312
:107D000084F89C2384F87F3394F8822394F8993381
:107D100084F89B7384F8805394F8837394F8985391
:107D200084F89A0384F8811394F8840394F89713E1
:107D300084F8992384F8823394F8852394F8963351
:107D400084F8987384F8835384F8841384F8962312
:107D500084F8853384F8970394F8860394F8951390
:107D600094F8872394F8943394F8887394F8935391
:107D700084F8950384F8861394F8890394F8921391
:107D800084F8942384F8873394F88A2394F8913301
:107D900084F8937384F8885394F88B7394F8905311
:107DA00084F8920384F8891394F88C0394F88F1361
:107DB00084F8912384F88A3394F88D2394F88E33D1
:107DC00084F8907384F88B5384F88C1384F88E2392
:107DD00084F88D3384F88F0394F89E0394F8BD13D0
:107DE00094F89F2394F8BC3394F8A07394F8BB5391
:107DF00084F8BD0384F89E1394F8A10394F8BA1391
:107E000084F8BC2384F89F3394F8A22394F8B93300
:107E100084F8BB7384F8A05394F8A37394F8B85310
:107E200084F8BA0384F8A11394F8A40394F8B71360
:107E300084F8B92384F8A23394F8A52394F8B633D0
:107E400084F8B87384F8B70384F8A41384F8B623CD
:107E500084F8A53384F8A35394F8A65394F8A72381
:107E600094F8B43394F8B50394F8A81394F8B37362
:107E700084F8B55384F8B42394F8A95394F8AA234A
:107E800084F8A73394F8B13394F8B0C384F8A60308
:107E900084F8B31394F8B20394F8AB1384F8A8737E
:107EA00084F8B25394F8AC7394F8AF5384F8B123C8
:107EB00084F8AA3394F8AD2394F8AE3384F8A90378
:107EC00084F8B013304604A984F8ABC384F8AF73C8
:107ED00084F8AC5384F8AE2384F8AD33FFF7D0FABE
:107EE0000DF56B7DF0BDD4F81C24002A3FF455AD90
:107EF00001230021009308460CAB0C9604F0D0FF40
:107F00004BE504F2BE3304F2DA320C9304F2F6339A
:107F100000251092119304F23D3204F27E330F9249
:107F20001393CDE90D551295FEF76AFF01280CBF9A
:107F300022462A460CAB29463046FFF79DFA0DF53E
:107F40006B7DF0BD0CA9FEF7AFFF034660B30CA933
:107F5000304600231AAAFFF797FA1EE5D4F810144A
:107F600000293FF41AADAB7B0C9103F001030835F7
:107F70000F93042300930F4A0D960CAB284606215D
:107F80000E9504F08DFF08E5D4F81424002A3FF480
:107F900004AD0223002100930C920CAB0846064A64
:107FA0000D9604F07DFFF8E430461A461946FFF7B7
:107FB0006BFAF2E48D740300B1740300A8DF70471C
:107FC000704700BF30B5044683B0083000F096F823
:107FD00004F10C010DF106020120FFF7EFFF054649
:107FE00028B9044B04481C602146FFF7D3F9284602
:107FF00003B030BDE88D00202C92002070B44C6896
:10800000C460D1E90254064A064E82600021112262
:108010000660C0E9045481808271C27170BC7047EF
:10802000F8680400E468040083790B70C379137066
:10803000704700BF62DF704763DF7047704700BF63
:1080400010B5044604F068FC204610BD034A0260E7
:10805000002282718280C0E902227047F868040021
:1080600010B4054C81800022012104608171C0E9B7
:1080700002225DF8044B7047F868040038B50E4BD7
:108080000360044608460D460BF065FF042806D041
:108090000023A371E560A380A360204638BD284675
:1080A000102200210CF014F801220023A271A080FC
:1080B000C4E90233204638BDF8680400002210B439
:1080C000044C0460816082718280C2605DF8044B60
:1080D000704700BFF86804008379012B0BD08268D9
:1080E0000AB180207047C268002AFAD1012B8CBFE8
:1080F0008020002070471020704700BF2DE9F0431A
:10810000857983B0002D41D1C7680646002F41D044
:10811000102002F09DF8804638460BF01CFF441EEC
:1081200000B3A94604E00134023C1BD4102D19D041
:108130003B5D2D2B07EB040C4FF010024FF00001BC
:1081400001A8F0D08DF806901CF801CC8DF804C081
:108150008DF805300BF0BCFF6B1C023C08F80500E5
:10816000DDB2E3D5C6F80880B8F1000F0ED0B11D1E
:108170004046FFF75FFF321DB1681020FFF75CFF3C
:10818000B0FA80F0400903B0BDE8F083012003B0ED
:10819000BDE8F083D0F80880E6E700BF4DDF704708
:1081A0004EDF70474FDF704750DF70474BDF70473F
:1081B00010DF70477CDF70477DDF704760DF7047FE
:1081C00069DF704761DF704766DF704767DF7047C0
:1081D000704700BF0C2005F0F3B900BF30B52C4C40
:1081E0002C4D83B04FF0FF31D4F8280702F06CFD1E
:1081F0000028F7D06DB301A8FFF7D8FF0528034684
:10820000F0D00028F7D1019A911E10460929F2D822
:108210000FF2040C5CF821F08382030083820300D8
:10822000F7810300F7810300F7810300F781030062
:10823000F78103006D8203006D8203006D820300ED
:108240000A2B04D0092B21D00B2B02D10120F3F7EC
:1082500053FB01A8FFF7AAFF0528C3D00028F8D1D7
:10826000019BA3F10902022AF3D8E9E70A2A04D004
:10827000092A09D00B2ABED101231846F3F73CFB8B
:10828000B9E7FDF751FDB6E70223F6E70220DEE786
:10829000EC8D0020295D03002DE9F04F4FF4FA70BA
:1082A00089B001F0D5FFB14C00F1080306460393F5
:1082B00004F5F06704F5C86A4FF0FF31D4F82407DD
:1082C00002F002FD0028F7D04FF4FA730DF1160109
:1082D0003046ADF81630FFF775FF10B10528EBD02A
:1082E000F2E7B6F80490B9F1130F00F2228104EB23
:1082F0008903D3F834573DB131462846FEF702FED4
:1083000031469B48FFF70AFB3388013B1B2B5AD8A9
:10831000DFE813F0A2005900590059005900590034
:108320005900590059005900590059005900590085
:108330005900A7001C005900590059005900590064
:1083400059005900590059005900FC00DFF83482E7
:108350004FF0000B58F8043F184633B1FEF746FDC6
:1083600018B10BF1010B5FFA8BFB4745F2D1BBF162
:10837000000F06D194F830371BB159460C2005F098
:10838000E1F82846FEF73CFD012800F00A81E26989
:1083900062B102230021009396F808C0CDF818902E
:1083A000084606ABCDF81CC004F07AFD09F5E67866
:1083B00004EB8803586810B103685B68984704EBC6
:1083C000880300225A6031465046FDF763FF31466C
:1083D000684801F0EFFBB4F832374B45338800F0C2
:1083E000AA80102B1ED02DB32846FEF709FD0128C8
:1083F00003D131465D48FFF739F82846FEF700FD06
:1084000002281BD05C4801F01BFB00BB31465B48D7
:10841000FEF7A2FED4F88837002B3FF455AF304664
:10842000984751E7F37B012BDDD1B388A4F83237AD
:10843000002DD9D131464D48FFF718F85048314644
:1084400001F0BAF94C4801F0FBFA0028DED03146C1
:10845000494801F0F7FAD9E700214846FFF7B4FE92
:10846000B1E74FF00008D4F82C07CDF80080434660
:1084700042460321434D03F0ABFF55F8043F184635
:1084800033B1FEF7B3FC18B108F101085FFA88F8C0
:10849000BD42F2D194F83037002B57D109F5E67878
:1084A00004EB8805686820B103685B68984700237F
:1084B0006B60F37B012B0BBF94F8133794F81937DB
:1084C00094F812B794F818B70293342004F022FA03
:1084D000029B0093039A5B4649460546FEF752FC11
:1084E00004EB880328465D60FEF78AFC01284BD028
:1084F000A269002A3FF467AF0123002100930846D8
:1085000006ABCDF8189004F0CBFC5CE7D4F88427D8
:10851000002A3FF458AF02230021009396F908C0C7
:10852000CDF81890084606ABCDF81CC004F0B8FC96
:1085300049E70546E8E6102B3FF474AF112B7FF4B2
:1085400052AF4FF6FF73A4F832374CE718F1000131
:1085500018BF01210C2004F0F5FF94F83037002BF0
:108560009CD001210C2004F0EDFF97E7EC8D00205A
:108570000C8E002088940020DC9400202C92002097
:10858000FC8D00201C950020A268002A3FF41BAF40
:108590000021009006AB0846CDF8189004F080FC4E
:1085A00011E7E268002A7FF4F4AEFFE638B504462E
:1085B000FEF700FF04F1100001F0CEF804F12000F6
:1085C000FEF784FF04F58860FEF76EFD04F5C860D1
:1085D000FDF772FD04F27C60FDF7F6FC04F29C608E
:1085E00001F066FA04F5DE6001F010FA4FF48053F2
:1085F0000025C4F8083716481649174AC4F80C076E
:1086000040F20113C4F81017C4F81427A4F818375F
:10861000A4F81A57A4F81C57294604F234705022C3
:108620000AF0CDFD01224FF6FF73C4F82457C4F8B9
:108630002857C4F82C5784F81E57C4F88857C4F834
:10864000845784F83027A4F83237204638BD00BF5D
:10865000010A1700030001011700030004290DD8C7
:10866000DFE801F02017200D0300134BC0F80E3790
:108670000322012380F8122780F8133770470F4B2D
:10868000C0F80E370222012380F8122780F8133732
:1086900070470B4BC0F80E37012380F8123780F873
:1086A00013377047074BC0F80E37012380F8123795
:1086B00080F81337704700BFF700640080000600A1
:1086C0001700020017000300F0B580F81C178DB0EA
:1086D00080F81D27BB4E044604F0A0F904F0A6F96B
:1086E00004F05EF90CA8336940F8243DB649FFF761
:1086F0005FFD18B1002528460DB0F0BD0120FFF741
:108700004FFD0120FFF74AFD0120FFF74BFD09A8AF
:10871000FFF74AFD099B9B0706D5AC4BD3F8043500
:1087200013B90220F3F7E8F80023A94A94F80D578B
:10873000049209A90120CDE909330B938DF8245047
:10874000FFF73EFD0028D5D194F81D370B90CDE9F9
:108750000900181C18BF012094F81C578DF8270039
:10876000049A8DF8263009A940208DF82550FFF78E
:1087700027FD0028BED194F80C170990034661F339
:108780000003CDE90A00049A8DF8243009A9A0203D
:10879000FFF716FD0028ADD1D4F808370A900B90EA
:1087A000049A099309A9A120FFF70AFD0028A1D185
:1087B00094F81C37002B40F0B68094F81D37002B3E
:1087C00048D000230225B4F81477049A099309A924
:1087D0002320CDE90A338DF82450ADF82670FFF739
:1087E000EFFC002886D1CDE9090094F81D77B4F894
:1087F00016370B90049A8DF8245009A920208DF883
:108800002670ADF82830FFF7DBFC00287FF472AF4C
:10881000099094F81837049A8DF82450CDE90A008D
:1088200009A922208DF82630FFF7CAFC00287FF422
:1088300061AFCDE909000B9094F81937049A8DF8CF
:10884000245009A921208DF82630FFF7B9FC002813
:108850007FF450AF04A8FFF7B1FC00287FF44AAFC3
:10886000C3B2CDE9070043F0010307A902208DF848
:108870001C30FFF7ABFC00287FF43CAF2046FEF72E
:10888000A7FD054600283FF435AF04F12000FEF7B0
:1088900039FE0CA8337D00F8283D0D224D49FFF725
:1088A00089FC00287FF426AF94F81D37002B40F098
:1088B000848003220021012001F04AFDC4F824072E
:1088C00000283FF417AF05AB0326CDE900634FF452
:1088D000A06200234049414802F03AFD324600219F
:1088E000012001F035FDC4F8280700283FF402AF4D
:1088F00006ABCDE90063C82200233949394802F0AC
:1089000027FD394B4FF480021A60384B0093002347
:10891000184601224FF4807103F002FDC4F82C07C1
:1089200000F012FCE7E609900123B4F80E57049A10
:108930008DF82430CDE90A0009A92320ADF826508E
:10894000FFF73EFC00287FF4D5AECDE9090094F88E
:108950001C77B4F810570B90049A8DF8243009A9AD
:1089600020208DF82670ADF82850FFF729FC00284C
:108970007FF4C0AE099094F81257049A8DF8243011
:10898000CDE90A0009A922208DF82650FFF718FC2E
:1089900000287FF4AFAECDE9090094F813570B908F
:1089A000049A8DF8243009A921208DF82650FFF76C
:1089B00007FC00283FF401AF9CE604F1100000F032
:1089C000D9FE76E700690400D181030000700240FF
:1089D00000600020B0600400286904009982030050
:1089E0002C690400DD81030000E100E0D581030073
:1089F00030B5084B83B002AC1B7D04F8043D08463B
:108A00000D460BF0A8FA294682B22046FFF7D2FBAA
:108A100003B030BD0069040000B583B002AB084666
:108A200023F8022D1946FFF7C7FB20B99DF8060071
:108A300003B05DF804FB002003B05DF804FB00BF49
:108A400070B4254B0C4606460FCB85B06D4607C566
:108A50009DF900202B80A24237D09DF90130A3421E
:108A600033D09DF90230A3422FD09DF90330A342A9
:108A70002BD09DF90430A34227D09DF90530A342A5
:108A800023D09DF90630A3421FD09DF90730A342A1
:108A90001BD09DF90830A34217D09DF90930A3429D
:108AA00013D09DF90A30A3420FD09DF90B30A34299
:108AB0000BD09DF90C30A34207D09DF90D30A34295
:108AC00003D0002005B070BC7047012086F81E4717
:108AD00005B070BC704700BF1869040090F91E070C
:108AE000704700BF80F83017704700BF70B504466C
:108AF00082B0D0F82C070D4603F096FC4FF47A7242
:108B000006460023A90DA8020AF0DAF8D4F82C17BB
:108B10000023024600930846042103F059FC3EB9A5
:108B2000D4F82C07009633463246032103F050FC5C
:108B300002B070BD132906D800EB8100D0F83407CD
:108B400008B1FEF753B90020704700BFB0F83207F4
:108B5000704700BF01290CBFB0F80E07B0F814072A
:108B6000704700BF13299ABF00EB8100D0F834078B
:108B70000020704710B5064C0021D4F8280701F0FA
:108B8000E5FED4F824070021BDE8104001F0DEBE68
:108B9000EC8D002090F8303703B9704710B582B0E3
:108BA000D0F82C4702F0B4FD002302460093204683
:108BB000012103F00DFC02B010BD00BFF0B583B081
:108BC000002507462B46D0F82C0700952A4603219E
:108BD00003F0FEFB07F5E66407F5F06654F8041FA2
:108BE000084621B1FEF702F908B10135EDB2B442F1
:108BF000F4D197F830370BB903B0F0BD291C18BF7A
:108C000001210C2003B0BDE8F04004F09BBC00BF84
:108C10000148FFF7CBBC00BFEC8D00203CDF704764
:108C20003DDF704711DF704713DF7047B0DF7047DB
:108C3000B2DF70472DE9F0419EB0064604A81488C3
:108C400015460F46FDF7A4FEBDF81030A34202D032
:108C50001EB0BDE8F081AB79043B022BF8D9314658
:108C60005048FFF77FFF4FF00008022331460446CB
:108C70003846CDE90688CDE908888DF81830FDF72B
:108C8000E3FE06A9002866D03046ADF81C80FFF749
:108C9000CDFF2D7B012DDBD1434F41463E2238468F
:108CA0000AF08DFA1EAA082322F86A3D3F492B4696
:108CB0003046FFF7BDFF68462146FEF7A7F800984B
:108CC0003860BDF804309DF80620BA71BB8020469C
:108CD000FEF790F8002846D1334935484FF6FF7229
:108CE0000B7883EA122383EA131343EA02229BB22E
:108CF00082EA0332013182EA431381429AB2EFD110
:108D0000294B2C489A870021FDF7F6F92046FEF7FB
:108D10008DF8FF210020FFF783FFB1210020FFF72E
:108D20007DFF002894D1FFF77DFF002890D1224AD3
:108D30004FF0FF314FF01023C2F88010C2F88011BD
:108D40005869FFF771FF002882D180F314885869B1
:108D500000F0E2FC7CE740F2FD133046ADF81C3039
:108D6000FFF764FF74E70AA92046FEF79DF8002884
:108D7000B2D01EAB13E903000B0C3860B980BB7195
:108D800018AD0FCD0D4EC7F807000AAD7160B26087
:108D9000F3600FCD11360FC695E8070086E807008F
:108DA0009AE700BFEC8D0020807F0020B47F002078
:108DB000BC7F00202C94002000E100E0877F002091
:108DC00030B585B004460E496846FFF777F9694625
:108DD0002046FFF713F925466846FFF72FF9094BA0
:108DE00045F8183B68460849FFF768F96946284680
:108DF000FDF74CFD6846FFF721F9204605B030BD70
:108E00006C690400B46904008C69040030B5B1B029
:108E10000546FFF7D7F818B10446204631B030BDFB
:108E20002C491AA8FFF74AF91AA904A8FDF72EFD44
:108E30001AA8FFF703F904A8FDF76CFD04A80421A4
:108E4000FDF76CFD04A81421FDF76CFD04A8FDF7E7
:108E5000B9FA044628B104A8FDF79AFA204631B0C1
:108E600030BD183528461821FDF758FD2846172132
:108E7000FDF758FD284601221749FDF775FD2846E4
:108E8000FDF7A0FA04460028E5D114496846FFF72B
:108E900015F969461AA8FDF7F9FC6846FFF7CEF800
:108EA0001AA8FDF737FD02211AA8FDF737FD0221A8
:108EB0001AA8FDF739FD1AA8FDF784FA044618B17F
:108EC0001AA8FDF765FAC6E701211AA8FDF79EFD6D
:108ED000F6E700BF7C690400358C03009C69040040
:108EE000C16180F83D207047816280F84020704762
:108EF000C16280F841207047016380F842207047CA
:108F000070B584B0044641F60A016846FFF7A8F838
:108F100069462046FFF772F86846FFF78FF820464B
:108F20000E4B40F8183B242200210AF048F90C4E61
:108F30000C480D49E06200232364E36384F8443065
:108F40000D25052213232046E66184F83D5084F860
:108F50004120216384F8423004B070BDE46904000C
:108F6000B0600400C0690400C86904002DE9F04342
:108F70009BB00646FFF726F88146002848D1336AA1
:108F8000002B52D0736A002B46D006F13C05C5F584
:108F9000285808F1230806F1140406F1380754F89C
:108FA000043F04A873B3FDF73DFC2268B36B08EBE4
:108FB00005019A4289B2684608BF42F65021FFF780
:108FC0004FF8694604A8FDF79BFC6846FFF736F8A2
:108FD00004A8FDF79FFC022104A8FDF79FFC297857
:108FE00004A8FDF7A1FC04A8FDF7ECF9814604A84C
:108FF000B9F1000F22D12A782168FDF7CFFC04A82F
:10900000FDF7C6F9BC4205F10105C8D14FF00009D2
:1090100048461BB0BDE8F08303F0ACFF04460AF0FD
:109020009AFF746286F83F00AFE703F0E3FF04465F
:109030000AF091FF346286F83E00A3E7FDF7A8F935
:1090400048461BB0BDE8F083002201214270017048
:10905000C0E90122C2818281704700BF017001B165
:10906000704710B504460A2001F0B4F9606010BDE5
:10907000037810B5044613B9406801F0D1FF00230E
:1090800001226370C4E90133E381A381227010BD22
:10909000002381608281C381704700BF037870B56F
:1090A00004460E46D3B94568012363704FF47A72C3
:1090B0000023B002B10D09F003FE0146284601F07D
:1090C00003FEB8B94FF0FF352378002666701BB158
:1090D000606801F0A5FF6660284670BD032200218C
:1090E000012001F035F9054660600028DCD14FF021
:1090F000FF35F1E7E589ADB2E6E700BF407870479C
:1091000070B58689964204463546806828BF154664
:1091100021B12A460AF02FF8A068A689E3892B44DA
:109120002844761B9BB2A060A681E381284670BDCF
:10913000406820B100231A46194601F07DB97047F6
:10914000B1DF7047B2DF704708B50C48FCF726FD69
:109150000B490A48F6F7D0FE58B10A490748F6F716
:10916000CBFE00B108BD07490448BDE80840F6F74A
:10917000DFBE03490148F6F7DBFEEEE72C7D002059
:10918000506A0400646A040000B587B003230491A8
:109190000021039005920093084603AB024A03F0B6
:1091A0007FFE07B05DF804FB8994030010B586B01C
:1091B0000323CDE9030114460093104603AB034A91
:1091C0000594072103F06CFE06B010BDAD950300B9
:1091D00038B5064D064C29462046F6F735FF294698
:1091E0002046BDE83840F6F7A3BE00BF506A040031
:1091F0002C7D002070B590B08D798B784A780395DE
:109200004D7902950E79CD78074C084901960128D1
:1092100008BF2146009504A80AF034FE04A90448BA
:10922000F6F7E0FE10B070BDF0690400206A04009B
:109230002C7D00202DE9F043D1B00B785B08012B89
:1092400004AF0D460446904668D9022B5FD14F4AC1
:109250004F49504BDFF84891012818BF11460022B2
:10926000381DF7F70DF807F168004A49F6F7F6FFE1
:1092700007F1CC0603E007F16800F7F789FA00224E
:10928000391D3046F7F7B6FAD7E93410D7E9363248
:10929000F966386797F8E010D7F8E4007B67BA679B
:1092A000D7F8E83087F87C10412207F1EC01C7F8C5
:1092B000800007F18800C7F8843009F05CFF07F1EF
:1092C0006800F7F791FA0446C0B107F16800F6F7B5
:1092D00065FF5028CFD10246414607F16800F7F7F5
:1092E000E1F908F1380229464846FEF751FA0446EA
:1092F0000028C0D007F16800F7F74AFA381DF7F7E1
:1093000047FA204607F59A77BD46BDE8F08300246A
:10931000204607F59A77BD46BDE8F083E9468CB054
:109320008979AB786A7803916979029129790191F9
:10933000194E1A49E878009004AD012C08BF314657
:10934000284607F1CC060AF09DFD12493046F6F793
:1093500085FF294630460022F7F74EF8044650B9FB
:1093600000243046F7F714FA2046CD4607F59A77E1
:10937000BD46BDE8F0833046F6F710FF021EEFDD74
:1093800092B241463046F7F78DF9EAE7646A040085
:10939000506A04002C7D0020F0690400206A04005B
:1093A0000C8E00202DE9F041AAB00E4691799378F9
:1093B0005578039151790291117901912F4C3049DF
:1093C000D278009204AF012808BF21462A46381DF2
:1093D0000AF058FD391D07F134002A4B0022F6F738
:1093E0004FFF07F13400F7F7FFF948B9002407F100
:1093F0003400F7F7CDF920469837BD46BDE8F08137
:1094000007F13400F6F7CAFE041E08DD07F1340048
:10941000F7F786F9211807F13400F7F763F907F138
:109420003400F6F7BBFE041E08DD07F13400F7F741
:1094300077F9211807F13400F7F754F907F13400F0
:10944000F6F7ACFE0028D1DDC31D23F00703E84684
:10945000ADEB030D84B204AD2246294607F134007A
:10946000F7F720F92246294630460323FFF768FE26
:10947000B0FA80F46409C546B9E700BFF06904009A
:10948000206A04002C7D00202DE9F041B2B092F852
:109490004E5092F84A30DFF810C13F4E144692F811
:1094A0004920039594F84D50029594F84C5001953D
:1094B00004AF94F84B500095884601280CBF314604
:1094C000614607F124000AF0DDFC07F1240133486E
:1094D0006D46F6F711FD88B907F1240107F1540034
:1094E0002E4B0122F6F7CCFE07F15400F7F77CF97A
:1094F00050B9B837AD46BD46BDE8F08107F124014B
:109500002648F6F76FFDE7E7502107F15400F6F71C
:1095100073FE5022214607F15400F6F7ADFD2022DC
:109520000021381D09F04BFE41461D48FFF71AFB8C
:10953000391D2022FDF796FD3B799BB994F849101F
:1095400094F84D3094F84E20039194F84A1002910B
:1095500094F84B10019194F84C100091381D11496A
:109560000AF090FC381D0AF0F6FC013084B2E1B23A
:1095700007F15400F6F740FE391D224607F154006A
:10958000F6F77AFD07F15400F7F702F9B837AD4660
:10959000BD46BDE8F08100BFF06904002C7D0020CD
:1095A000EC8D0020786A0400206A04002DE9F04761
:1095B000AAB004AF07F19804002324F8963D0D46A5
:1095C000814619469046032322462846FFF7BAFDF6
:1095D0007B886E4623B9B5469837BD46BDE8F0870F
:1095E0000733DB08A6EBC3039D460DF1100A2246A4
:1095F000284651460323FFF7A5FD04460028EAD17B
:1096000098F8061098F8023098F80120039198F81D
:109610000510029198F8041001913C483C4998F8D3
:1096200003500095B9F1010F18BF0146381D0AF02B
:1096300029FC391D07F13400364B0122F6F720FED4
:1096400007F13400F7F7D0F80028C4D0214607F11D
:109650003400F7F747F807F13400F6F79FFD041ED2
:1096600008DD07F13400F7F75BF8211807F1340043
:10967000F7F738F807F13400F6F790FD041E08DD1F
:1096800007F13400F7F74CF8211807F13400F7F729
:1096900029F807F13400F6F781FD7C8883B2A342F4
:1096A00010D0E1B207F13400F6F7A6FD224651468C
:1096B00007F13400F6F7E0FC07F13400F7F768F83B
:1096C000B54689E70733E846DB08A8EBC3039D46A8
:1096D00004AD2246294607F13400F6F7E3FF294698
:1096E0007A88504609F038FD08B9C546E4E707F125
:1096F0003400F7F731F87988C943014407F13400A1
:10970000F6F7F0FFC5467C88CBE700BF206A04006F
:10971000F06904002C7D0020F0B40346186880F343
:1097200008885868FF2464B2EFF30585002D01D145
:10973000A64600472546064621273FBAF0B4002436
:10974000002500260027F0B4F92040B2004700BFF2
:10975000F0BC704775DF704710B44FF010144FF431
:1097600048010022C0E90041C0E902225DF8044B33
:10977000704700BF014800F057B900BFDC940020DB
:10978000F8B500240B4F2546A1B23846FFF7EAF999
:109790000134064648B1FDF729FB30B13046FDF7EC
:1097A0002FFB022804BF0135EDB2142CECD1284662
:1097B000F8BD00BFEC8D002070B58D881B480C46AD
:1097C00094B02946FFF7CEF923881A2B1FD01F2B00
:1097D0000ED0102B01D014B070BD6946FDF764FBAC
:1097E0000028F8D06A4629461148FEF789F8F2E7C2
:1097F00054F8080F61686B4603C32846BDF8003073
:10980000ADF802306946FFF7A5FF14B070BD0646FB
:10981000FDF7EEFA0028DED03046FDF7EBFA00281F
:10982000D9D13046FDF758FBD5E700BFEC8D0020BD
:109830000C8E0020A1DF7047A3DF7047A4DF7047C4
:1098400000238383704700BF006A00F0DDB800BFCB
:10985000808B70472DE9F0410B88CE88382B86B07D
:109860000C46054642D0392B25D0362B02D006B007
:10987000BDE8F081006A00F0C7F801466148FFF7D3
:1098800071F9FDF7BFFA05F1240807466EB9E289C0
:1098900004F110014046FFF733FC2B8E2BB1033F40
:1098A000BFB2E389013FBB4270DA4046FFF740FC9C
:1098B00006B0BDE8F0810B7B012B57D0022BD6D12F
:1098C000836B002BD3D090F83C20B1F80480CE8974
:1098D000920701F1100700F184803246394628468C
:1098E000984761894046FFF7A9FFC0E700F12407C8
:1098F000002E35D10A8A38463146FFF701FC94F82C
:109900000C80B8F1010F2BD0B8F1040FAFD1286A49
:1099100000F07AF801463B48FFF724F9FDF772FAA8
:109920002B8E053880B2834228BF0346002B37D0E8
:10993000218AE289286AAC8BADF80C600A44E96A96
:1099400005918DF80C80ADF81230ADF81020ADF80F
:109950000E4000F059F803A9FFF76EFF002886D0EB
:109960003846FFF7E5FB06B0BDE8F081436B002BFE
:109970003FF47DAF90F83C20CE8901F11007D1076C
:109980001ED4324639462846984770E7286A00F0C8
:109990003BF86A8EA98BFFF74DFF002885D166E75B
:1099A00040F20511AA8B286AADF80C10CDE90433FA
:1099B000ADF80E2000F028F803A9FFF73DFFCFE730
:1099C00003201A460090314603AB3846CDE90357D1
:1099D000059603F065FA00287FF449AFE6896B6BC2
:1099E000CFE703201A460090314603AB3846CDE955
:1099F0000357059603F054FA00287FF472AFAB6B5F
:109A0000E6896AE7EC8D00208088704710B504462F
:109A10000430FFF719FB034B236000232375204616
:109A200010BD00BF0100FFFF017D01B1704710B5FF
:109A300004460430FFF712FB0123237510BD00BF5D
:109A4000007D704710B50B88322B18D0332B0CD00B
:109A5000302B00D010BDCB88041D0BB94B89FBB94E
:109A60002046BDE81040FFF763BBCB88041D002BE8
:109A7000F6D14A89002AF3D002EB420208E0CB88F3
:109A8000041D002BECD14A89002AE9D002EB8202A6
:109A90005200023292B20A312046FFF731FBDFE773
:109AA0000A310A222046FFF72BFBD9E78ADF7047ED
:109AB00030B403461F22012418628025828480F876
:109AC0002D4000220B4C80F82E50C0E911228262FA
:109AD000C0F8464080F82C2080F82F20028680F8BD
:109AE00038204263C0E90F22C264A0F8502030BC85
:109AF000704700BFA00050002DE9F04710468AB023
:109B000017460C46FEF7E8FAC0B210282ED0BF6800
:109B100007220623D4F818A094F81C808DF805209D
:109B20008DF80430C6084FF000091F22002102A85A
:109B300009F045FBB8F1010F06D8B9F1000F35D097
:109B400000200AB0BDE8F08701AB514613F809C008
:109B500042460B784878DC43604503F10105224416
:109B600008D012F0FF022944F3D1E6E704370322BC
:109B70000223CFE7013B0231DDB2DED02A4602A844
:109B800009F0F9FA002DD8D002AC02E013F0FF057D
:109B9000D3D020463246394609F0DEFA3444AB1BB6
:109BA0000028F3D101200AB0BDE8F0874FF0010989
:109BB000BBE700BF2DE9F0430B888E88103B87B0D0
:109BC0000C4605460D2B2CD8DFE803F082072B2B23
:109BD0002B2B2B2B2B2B2B6D2B2E836AF340DB0790
:109BE0001FD55A48FFF7CCFDD8B9AB6A95F82C20A1
:109BF000012404FA06F623EA0606AE628AB995F84D
:109C00002D3073B11F232D62AB8405F1200105F1C6
:109C10004400FFF74BFF20B94D48FEF7BBFF85F826
:109C20002C4007B0BDE8F08390F92E2091F91B304D
:109C30009A4230DC90F8383001F108061BB3454FEA
:109C40004FF0000803E05FFA82F8434519D96B6BC7
:109C5000029703EB0813D3E9011002AADB68039112
:109C60000490314628460593FFF746FF814602A837
:109C7000FEF7E4F908F1010295F83830B9F1000F68
:109C8000E1D0984507D095F82F30002B39D094F8C3
:109C90002430012B42D805F120010020FFF706FFF8
:109CA00007B0BDE8F0830B7A012BBAD1002480F80D
:109CB0002C402748FEF782FF2A6C002AB1D006AB61
:109CC0000094214643F8104D204603F0E9F8A8E738
:109CD000CB7B022BA5D10122836A02FA06F633431D
:109CE0000022836280F82C209BE70139CCB2911CC2
:109CF000D1D0022C20D95388ADF808302A8E9A4250
:109D0000C9D1EA6B002A8CD006AB012143F8106D53
:109D100030460091242103F0C3F882E7226A1178CB
:109D20005078CC43FF2801F101072344DDD013F024
:109D3000FF033A44F3D1AEE7224602A809F01BFA2A
:109D4000002CA8D0BDF80830D8E700BFFC8D00205B
:109D5000EC8D0020F868040008B501210E2003F006
:109D60006DFB01210E2003F0EDFB0021162003F016
:109D700065FB0121192003F061FB0121192003F08B
:109D8000E1FB01210B2003F059FB01210B2003F023
:109D9000D9FB01210D2003F051FB01210D2003F01F
:109DA000D1FB01210C2003F049FB01210C20BDE86F
:109DB000084003F0C7BB00BF69B170B5054608464F
:109DC0000C460AF0C8F82B680246214628465B6814
:109DD000BDE8704018470846704700BFF0B50668F8
:109DE0008BB01AB9336898470BB0F0BD0AAF0B4679
:109DF000D2B20021022A07F8041D05462CBF1446E2
:109E00000A241846B0FBF4F204FB1201CBB2092974
:109E100003F130018ABF3733CBB2DBB2104607F80B
:109E2000013D002AEED138460AF095F873680246E3
:109E30003946284698470BB0F0BD00BFF0B50F4635
:109E40008BB00568002A3DD00A2A04461ED100299D
:109E50003DDB0AAE00232F4806F8043D0B46A0FB6D
:109E60000312D20802EB8201A3EB4103303306F860
:109E7000013D1346002AF2D130460AF06CF86B68B7
:109E800002463146204698470BB0F0BD0AAED2B22A
:109E90000023022A06F8043D2CBF10460A200A4679
:109EA000B2FBF0F100FB1127FBB2092F03F13007E1
:109EB0008ABF3733FBB2DBB20A4606F8013D002900
:109EC000EED1D9E72B68C9B298470BB0F0BD2B682B
:109ED0002D2198470AAD002306460E4805F8043D9B
:109EE0007B42A0FB0321C90801EB8102A3EB4203E3
:109EF000303305F8013D0B460029F2D128460AF01F
:109F00002AF82368024629465B6820469847304471
:109F10000BB0F0BDCDCCCCCC036870B505460C467B
:109F20005E6849B108460AF016F8214602462846FE
:109F3000B0472B685E680446284602220149B047B4
:109F4000204470BD206D0400036870B505460C46C2
:109F50005E6849B1084609F0FEFF214602462846E0
:109F6000B0472B685E680446284602220149B04784
:109F7000204470BD206D0400F0B505468BB0066826
:109F80005AB93368984704462B6817495B682846D6
:109F90000222984720440BB0F0BD0AAF0B46D2B264
:109FA0000021022A07F8041D2CBF14460A24184673
:109FB000B0FBF4F204FB1201CBB2092903F130012A
:109FC0008ABF3733CBB2DBB2104607F8013D002A17
:109FD000EED1384609F0BFFF73680246394628467D
:109FE00098470446D0E700BF206D040008B5402222
:109FF000002109F0E4F80022C0E9102208BD00BFEA
:10A0000010B4D0E91024531C03F03F039C4218BF46
:10A0100081545DF8044B18BF036470470023C0E906
:10A0200010337047D0E91023934206D05A1CC35C0A
:10A0300002F03F024264184670474FF0FF3070470D
:10A04000D0E91030181A48BF40307047D0E91023CB
:10A05000934214BFC05C4FF0FF307047D0E910301E
:10A06000013303F03F03181AB0FA80F0400970473B
:10A0700070B50C4618491646054600F02FF800F05A
:10A08000C1F8E06008E002F031FE00F0BBF8D4E96E
:10A090000223C01A90421DD2236820461B699847AC
:10A0A0000028F0DBB04215D0C1B2284600F044F8D9
:10A0B00000F0A8F8E060236820461B699847002854
:10A0C000F0DA02F013FE00F09DF8D4E90223C01A82
:10A0D0009042F0D3284670BD406D0400F8B50025CD
:10A0E0000446C0E90055856091B108460E4609F066
:10A0F00032FF0746411C284609F0ACFE50B1A36868
:10A10000C4E9000703B90370A760314609F009FFED
:10A110002046F8BD206808B100F0B4F800232360A1
:10A12000C4E901332046F8BD10B50446006800F0CC
:10A13000A9F8204610BD00BF30B5836883B004463F
:10A1400000688DF8041000225D1C8DF8052010B108
:10A15000626895420AD9991C09F07CFE60B1A36837
:10A16000C4E9000513B903702068A368184401A965
:10A1700009F0D7FEA560012003B030BD826808B5A4
:10A180002AB989B10878B0FA80F0400908BD0068A2
:10A1900029B109F0BCFEB0FA80F0400908BD007892
:10A1A000B0FA80F0400908BD012008BD2DE9F0415A
:10A1B0000768F7B18468E4B106463D4600E04546CD
:10A1C000287805F1010808F08BFF0028F7D1013C41
:10A1D0003C4402E0A54205D8013C207808F080FF0D
:10A1E0000028F7D1621C521BAF42B26003D3002398
:10A1F000BB54BDE8F0813846294608F0BCFF3768FB
:10A20000B268F4E708B501F083FA4FF47A72A0FB64
:10A210000223900A40EA835008BD00BF014638B5CA
:10A220004FF47A7200238002890D08F049FD05463B
:10A2300001F06EFA0446EDF74BF801F069FA001BE5
:10A24000854200D838BD281ABDE8384001F084BBEB
:10A2500010B5044601F0DAFD022804D02046BDE81E
:10A26000104008F057BF01F04BFA204608F052FFAB
:10A27000044601F0EBFA0CB1204610BD02F048FD97
:10A28000FAE700BF10B5044601F0C0FD02280AD16C
:10A2900044B101F035FA204608F044FFBDE8104013
:10A2A00001F0D4BA10BD2046BDE8104008F03ABF16
:10A2B00010B5044601F024FA204608F02BFF0446AE
:10A2C00001F0C4FA0CB1204610BD02F021FD204679
:10A2D00010BD00BF50B110B5044601F011FA204680
:10A2E00008F020FFBDE8104001F0B0BA704700BF91
:10A2F00038B51C469DF8105043B3002908BF1A46D4
:10A300000123C4E90F01226084F8463002F0D8F836
:10A31000D4E90F132268A26001FB03F1CB1A1344A6
:10A3200000200A44FF21A063E36084F844106260C7
:10A3300084F8451004F1100003F01EFB04F1240022
:10A3400003F01AFB02F0C6F884F84C50204638BDE2
:10A35000F8B5074615460E4669B100FB01F05030CE
:10A36000FFF7A6FF044690B3002200F1500380F8E7
:10A370004620036007E05020FFF79AFF044630B301
:10A3800084F846602460C4E90F7602F099F8D4E9B5
:10A390000F132268A26001FB03F1CB1A13440020C3
:10A3A0000A44FF21A063E36084F84410626084F8EB
:10A3B000451004F1100003F0DFFA04F1240003F06B
:10A3C000DBFA02F087F884F84C502046F8BD0024F0
:10A3D0002046F8BDF8B5074650200D46FFF768FF48
:10A3E000044630B30026206080F846600664C763E8
:10A3F00002F066F8D4E90F322168A66303FB02F38A
:10A400009A1A0A440B44FF26C4E90131E26084F839
:10A41000446004F1100084F8456003F0ADFA04F1E3
:10A42000240003F0A9FA02F055F80223A56384F88A
:10A430004C302046F8BD00BF2DE9F04F044685B0F2
:10A440001D460192884602F03BF8A26BE36BA84FD1
:10A450004FF000099A424E46C0F08B80022D00F06A
:10A4600006810198002800F03081B9F1000F00F05A
:10A47000958002F02FF801F043F902F021F894F8EA
:10A480004430FF2B08BF84F8446094F84530FF2B1C
:10A4900008BF84F8456002F01DF801A902A801F088
:10A4A0005DFC002840F0188102F00AF8A26BE36B13
:10A4B0009A4277D002F00EF802F002F894F8453094
:10A4C0004FFA83FABAF1000F1ADD636AC3B104F1DF
:10A4D000240907E00AF1FF33DBB24FFA83FA7BB1BC
:10A4E000636A6BB1484601F0DFFB0028F2D001F04F
:10A4F0006DFC0AF1FF33DBB24FFA83FA002BEFD188
:10A50000FF2384F8453001F0E5FF01F0D9FF94F80E
:10A5100044304FFA83FABAF1000F1ADD2369C3B150
:10A5200004F1100907E00AF1FF33DBB24FFA83FAB6
:10A530007BB123696BB1484601F0B6FB0028F2D02D
:10A5400001F044FC0AF1FF33DBB24FFA83FA002B2F
:10A55000EFD1FF2384F8443001F0BCFF01F076F91D
:10A5600001F0AEFFA26BE36B9A424FF00109BFF41A
:10A5700075AF226CA66B002A40F0FC80256801367E
:10A58000002D00F01881A663636A002B40F08C80D8
:10A5900001F0A0FF012005B0BDE8F08F02A801F096
:10A5A000D1FB66E704F1100901F094FF48460199D8
:10A5B00001F0FEFA01F084FF94F845A04FFA8AFA00
:10A5C000BAF1000F1CDD636AD3B104F1240B08E07B
:10A5D0000AF1FF3A5FFA8AF34FFA83FA83B1636AAA
:10A5E00073B1584601F060FB0028F1D00AF1FF3A40
:10A5F00001F0ECFB5FFA8AF34FFA83FA002BEED1FD
:10A60000FF2384F8453001F065FF01F059FF94F80D
:10A6100044304FFA83FABAF1000F06DC15E00AF174
:10A62000FF33DBB24FFA83FA7BB123696BB1484643
:10A6300001F03AFB0028F2D001F0C8FB0AF1FF3329
:10A64000DBB24FFA83FA002BEFD1FF2384F84430BA
:10A6500001F040FF01F0FAF8002881D14FF080535B
:10A660007B6040BFBFF34F8FBFF36F8F78E7226CE3
:10A67000A66B002A82D04146E06808F07CFD236C7E
:10A68000E26821685B421A448A42E26080F0898075
:10A6900062681344E360022D00F083800136A663F4
:10A6A000636A002B3FF474AF04F1240001F0FCFA5C
:10A6B00000283FF46DAF0E4B4FF080525A6040BF00
:10A6C000BFF34F8FBFF36F8F62E7009001F002FF7F
:10A6D000009805B0BDE8F08F01F0F2FE94F8455007
:10A6E0006DB2002D18DD636AB3B104F1240607E0F2
:10A6F00000ED00E0013DEBB25DB26BB1636A5BB1AE
:10A70000304601F0D1FA0028F4D0013D01F05EFBA3
:10A71000EBB25DB2002BF1D1FF2384F8453001F09C
:10A72000D9FE01F0CDFE94F844506DB2002D16DD37
:10A730002369A3B104F1100605E0013DEBB25DB25F
:10A740006BB123695BB1304601F0AEFA0028F4D05A
:10A75000013D01F03BFBEBB25DB2002BF1D1FF23D9
:10A7600084F8443001F0B6FE01F070F8002005B026
:10A77000BDE8F08F41465DBBA06808F0FCFCA36813
:10A78000216C62680B44934206F10106A360FFF45A
:10A79000FAAEA663636A2268A260002B3FF4F8AEAB
:10A7A00082E7002E7FF4EFAE0123A363636A002BE0
:10A7B0003FF4EEAE78E7606801F07AFBA663636A67
:10A7C0006560002B7FF470AF00287FF474AFDFE684
:10A7D000E06808F0D0FC236CE26821685B421A4410
:10A7E0008A42E260BFF457AF52E700BFF8B50C46AB
:10A7F00079B300250123216081F84630C1E90F3586
:10A80000064601F05DFED4E90F322168A56303FB23
:10A8100002F39A1A0A440B44FF27C4E90131E260AB
:10A8200084F8447004F1100084F8457003F0A4F833
:10A8300004F1240003F0A0F801F04CFEC4E9005537
:10A84000E56084F84C602B462A4629462046FFF7EF
:10A85000F3FD2046F8BD00BF2DE9F0418C4682B0E3
:10A8600004461746EFF31186402282F31188806B6D
:10A87000E26B904221D3022B05D0002086F3118891
:10A8800002B0BDE8F08194F84550226CD4F83880CD
:10A890006DB252BB236808F10108002B4FD06B1C2E
:10A8A000C4F8388037D001356DB284F845500120A6
:10A8B00086F3118802B0BDE8F08194F84550226C0F
:10A8C000D4F838806DB2002AE4D073B9A06808F0DB
:10A8D00052FCA368216C62680B44934208F10108A2
:10A8E000A360DCD32368A360D9E76146E0680193E5
:10A8F00008F041FC206CE2682168019B4042024460
:10A900008A42E26002D262681044E060022B10D0FA
:10A9100008F10108C3E7636A002BC8D004F12400E2
:10A9200001F0C2F90028C2D0002FC0D00120386049
:10A93000A4E7B8F1000F08BF4FF00108AFE7606867
:10A94000019301F0B5FA019B6360A8E738B5EFF316
:10A950001184402383F31188826BC36B93420ED919
:10A9600090F8453001325BB282635A1C0BD0013340
:10A970005BB280F84530012084F3118838BD002097
:10A9800084F3118838BD436A002BF4D024300D467F
:10A9900001F08AF90028EED0002DECD001202860CB
:10A9A000EAE700BF2DE9F047044684B088460192EB
:10A9B00001F086FDD4F83890B9F1000F40F0938093
:10A9C000019B002B00F00A8102A801F0BBF9B34FF4
:10A9D0004E4604F1240501F07DFD00F091FE01F0EA
:10A9E0006FFD94F84430FF2B08BF84F8446094F85E
:10A9F0004530FF2B08BF84F8456001F06BFD01A9CD
:10AA000002A801F0ABF9002840F0878001F058FD62
:10AA1000A36B002B40F0E88001F05CFD0199284613
:10AA200001F0C6F801F04CFD94F845304FFA83F977
:10AA3000B9F1000F06DC15E009F1FF33DBB24FFA84
:10AA400083F97BB1636A6BB1284601F02DF90028C8
:10AA5000F2D001F0BBF909F1FF33DBB24FFA83F911
:10AA6000002BEFD1FF2384F8453001F033FD01F0D6
:10AA700027FD94F844304FFA83FABAF1000F1ADD3B
:10AA80002369C3B104F1100907E00AF1FF33DBB217
:10AA90004FFA83FA7BB123696BB1484601F004F9A0
:10AAA0000028F2D001F092F90AF1FF33DBB24FFA3D
:10AAB00083FA002BEFD1FF2384F8443001F00AFD24
:10AAC00000F0C4FE00287ED14FF080537B6040BF71
:10AAD000BFF34F8FBFF36F8F01F0F2FCD4F83890C3
:10AAE000B9F1000F76D0226C52B1E168636811446D
:10AAF0009942E16024BF2168E160404608F03BFBD9
:10AB000009F1FF33A3632369002B40F0C98001F0F2
:10AB1000E1FC012004B0BDE8F08701F0D1FC94F81D
:10AB200045304FFA83F9B9F1000F06DC15E009F161
:10AB3000FF33DBB24FFA83F97BB1636A6BB128460E
:10AB400001F0B2F80028F2D001F040F909F1FF332A
:10AB5000DBB24FFA83F9002BEFD1FF2384F84530A5
:10AB600001F0B8FC01F0ACFC94F844304FFA83FAE1
:10AB7000BAF1000F1ADD2369C3B104F1100907E02F
:10AB80000AF1FF33DBB24FFA83FA7BB123696BB171
:10AB9000484601F089F80028F2D001F017F90AF1CF
:10ABA000FF33DBB24FFA83FA002BEFD1FF2384F897
:10ABB000443001F08FFC00F049FE01F081FCA36BF2
:10ABC00063B101F087FC01F07BFCD4F83890B9F157
:10ABD000000F88D1019B002B7FF4FDAE01F07AFCC1
:10ABE000002004B0BDE8F08701F074FC01F068FCBF
:10ABF00094F845304FFA83F9B9F1000F06DC15E0FF
:10AC000009F1FF33DBB24FFA83F97BB1636A6BB1B1
:10AC1000284601F049F80028F2D001F0D7F809F1F0
:10AC2000FF33DBB24FFA83F9002BEFD1FF2384F817
:10AC3000453001F04FFC01F043FC94F844304FFAEA
:10AC400083FABAF1000F1ADD2369C3B104F11009C8
:10AC500007E00AF1FF33DBB24FFA83FA7BB12369D5
:10AC60006BB1484601F020F80028F2D001F0AEF8B0
:10AC70000AF1FF33DBB24FFA83FA002BEFD1FF2347
:10AC800084F8443001F026FC00F0E0FD01F018FCEF
:10AC9000D4F83890B9F1000F9CD024E700ED00E023
:10ACA00004F1100001F000F800283FF430AF054B2C
:10ACB0004FF080525A6040BFBFF34F8FBFF36F8F8A
:10ACC00025E700BF00ED00E02DE9F043044685B024
:10ACD0000026019101F0F4FBA36BB24FB04635465C
:10ACE000002B40F0F380019B002B00F05D81B8F158
:10ACF000000F00F0FC8001F0EDFB00F001FD01F021
:10AD0000DFFB94F84430FF2B08BF84F8445094F8DC
:10AD10004530FF2B08BF84F8455001F0DBFB01A94B
:10AD200002A801F01BF800286CD101F0C9FBA36B4D
:10AD3000002B40F0E08001F0CDFB2368002B00F0F9
:10AD40003C8104F124094846019900F031FF01F0EB
:10AD5000B7FB94F845304FFA83F8B8F1000F06DCE2
:10AD600015E008F1FF33DBB24FFA83F87BB1636A79
:10AD70006BB1484600F098FF0028F2D001F026F8A9
:10AD800008F1FF33DBB24FFA83F8002BEFD1FF233A
:10AD900084F8453001F09EFB01F092FB94F84430BA
:10ADA0004FFA83F8B8F1000F1ADD2369C3B104F13B
:10ADB000100907E008F1FF33DBB24FFA83F87BB1EB
:10ADC00023696BB1484600F06FFF0028F2D000F015
:10ADD000FDFF08F1FF33DBB24FFA83F8002BEFD110
:10ADE000FF2384F8443001F075FB00F02FFD0028AC
:10ADF00064D14FF080537B6040BFBFF34F8FBFF3F0
:10AE00006F8F5BE001F05CFB94F845304FFA83F8FC
:10AE1000B8F1000F1ADD636AC3B104F1240907E039
:10AE200008F1FF33DBB24FFA83F87BB1636A6BB191
:10AE3000484600F039FF0028F2D000F0C7FF08F1C3
:10AE4000FF33DBB24FFA83F8002BEFD1FF2384F8F6
:10AE5000453001F03FFB01F033FB94F844304FFAEA
:10AE600083F8B8F1000F1ADD2369C3B104F11009AA
:10AE700007E008F1FF33DBB24FFA83F87BB12369B7
:10AE80006BB1484600F010FF0028F2D000F09EFFA2
:10AE900008F1FF33DBB24FFA83F8002BEFD1FF2329
:10AEA00084F8443001F016FB00F0D0FC01F008FB00
:10AEB000A36B002B00F08A8001F00CFB01F000FB7B
:10AEC000A36B4FF00108002B3FF40DAF2268013B4C
:10AED000A363002A00F09E802369002B40F0898044
:10AEE00001F0F8FA0126304605B0BDE8F08302A86B
:10AEF00000F028FFFFE601F0EDFA01F0E1FA94F826
:10AF000045304FFA83F8B8F1000F1ADD636AC3B118
:10AF100004F1240907E008F1FF33DBB24FFA83F8AC
:10AF20007BB1636A6BB1484600F0BEFE0028F2D0E8
:10AF300000F04CFF08F1FF33DBB24FFA83F8002B2F
:10AF4000EFD1FF2384F8453001F0C4FA01F0B8FADC
:10AF500094F844304FFA83F8B8F1000F1ADD2369F2
:10AF6000C3B104F1100907E008F1FF33DBB24FFA77
:10AF700083F87BB123696BB1484600F095FE002849
:10AF8000F2D000F023FF08F1FF33DBB24FFA83F871
:10AF9000002BEFD1FF2384F8443001F09BFA00F03E
:10AFA00055FC8BE700ED00E0009301F093FA009B65
:10AFB0001E46304605B0BDE8F08301F081FA6068B6
:10AFC00000F034FF064601F085FABAE601F082FA95
:10AFD000002E88D001F074FA616A19B1236B1968E8
:10AFE000C1F10501606800F08FFF002601F072FAE0
:10AFF00079E704F1100000F057FE00283FF470AF2D
:10B00000064B4FF080525A6040BFBFF34F8FBFF3E3
:10B010006F8F65E700F0AEFF60605DE700ED00E078
:10B02000104B5A68904208D0DA68904208BF01225B
:10B0300004D090F8463093B170470022002110B43C
:10B0400003EBC20443F8321090F84630616013B14C
:10B050005DF8044B70475DF8044BFFF73BB9FFF711
:10B0600039B900BFC8A50020074B1A681AB19A6801
:10B0700002B17047012210B403EBC20443F832104E
:10B0800060605DF8044B7047C8A5002070B50546A8
:10B090000C46164601F014FA95F84430FF2B04BF15
:10B0A000002385F8443095F84530FF2B04BF00237A
:10B0B00085F8453001F00EFAAB6B2BB932462146CC
:10B0C00005F1240000F0B0FD01F0FAF995F84540D3
:10B0D00064B2002C16DD6B6AA3B105F1240605E00D
:10B0E000013CE3B25CB26BB16B6A5BB1304600F01D
:10B0F000DBFD0028F4D0013C00F068FEE3B25CB256
:10B10000002BF1D1FF2385F8453001F0E3F901F080
:10B11000D7F995F8444064B2002C16DD2B69A3B131
:10B1200005F1100605E0013CE3B25CB26BB12B699E
:10B130005BB1304600F0B8FD0028F4D0013C00F0CF
:10B1400045FEE3B25CB2002BF1D1FF2385F8443019
:10B15000BDE8704001F0BEB92DE9F041044601F0B0
:10B16000AFF9344A344D1368013313602B68002B58
:10B170002FD0324EE36A32682AB33148314907682A
:10B180000A689F4238BF03602F48013203EB8303F4
:10B190000A6000EB8300E263211D02F0FDFB01F079
:10B1A00099F933686BB12A68E36AD26A9A4208D285
:10B1B000264B4FF080525A6040BFBFF34F8FBFF312
:10B1C0006F8FBDE8F0812A68D26A9A4298BF2C60DE
:10B1D000D3E72C601368012B02D0E36A174ECCE74B
:10B1E0001948DFF894801A4F144E02F0C5FB194835
:10B1F00002F0C2FB184802F0BFFB184802F0BCFB8B
:10B20000174802F0B9FB404602F0B6FB384602F0A0
:10B21000B3FB144802F0B0FB134802F0ADFB134837
:10B2200002F0AAFB124B134AC2F800801F60E36AC7
:10B23000A3E700BFE89500207895002048960020FD
:10B24000FC950020F89500208495002000ED00E09A
:10B250001496002098950020AC950020C095002001
:10B26000D495002034960020609600204C96002053
:10B27000809500207C950020009600202DE9F84361
:10B28000DDE90964002C60D016B93046BDE8F883CA
:10B290000D469700984602233A4684F8513081467D
:10B2A00026633046A52107F08AFF2A78236B84F8AD
:10B2B0003420043F2A781F4427F0070702B36B7835
:10B2C00084F835306B78DBB1AB7884F83630AB7806
:10B2D000B3B1EB7884F83730EB788BB12B7984F805
:10B2E00038302B7963B16B7984F839306B793BB1A5
:10B2F000AB7984F83A30AB7913B1EB7984F83B3011
:10B30000089D042D28BF04250026E5626564201DE4
:10B3100084F83B60A66402F03BFBC5F1050504F12F
:10B32000180002F035FBE66442464946A5612461F7
:10B3300084F850606462384601F086F82060204648
:10B34000FFF70AFF2046BDE8F8832046BDE8F883F2
:10B350002DE9F0479600804630460D469946099FF4
:10B36000FEF7A6FF002869D082465420FEF7A0FF12
:10B37000044600285BD00023C0F830A03246504677
:10B3800084F85130A52107F01AFF2A78236B84F83E
:10B390003420043E2A781E4426F0070A02B36B7854
:10B3A00084F835306B78DBB1AB7884F83630AB7825
:10B3B000B3B1EB7884F83730EB788BB12B7984F824
:10B3C00038302B7963B16B7984F839306B793BB1C4
:10B3D000AB7984F83A30AB7913B1EB7984F83B3030
:10B3E000089D042D28BF04250026E5626564201D04
:10B3F00084F83B60A66402F0CBFAC5F1050504F1C0
:10B40000180002F0C5FAE664A561246184F8506072
:10B4100064624A464146504601F016F8206007B182
:10B420003C602046FFF798FE0120BDE8F0875046BB
:10B43000FEF750FF4FF0FF30BDE8F0874FF0FF30D0
:10B44000F3E700BF70B504464C4E01F039F8002C0C
:10B4500039D0251D284602F0C9FAA36A1BB104F1B0
:10B46000180002F0C3FA29464548464D02F094FA06
:10B4700094F85030012B04BF002384F8503001F0C1
:10B4800029F82B6893B93368A34200D070BD2B68AC
:10B49000DBB93B493C4A09681268914226D03B4BD4
:10B4A0001B682BB33A4B01221A6070BD01F008F8FB
:10B4B000384B1A68126892B9374B4FF0FF321A6056
:10B4C00001F008F8DFE73468C3E7344B4FF08052EF
:10B4D0005A6040BFBFF34F8FBFF36F8F70BD1A68C4
:10B4E0002D4BD268D26852681A60E9E7336070BDAC
:10B4F000274A13603268336812681B6B9A4236D948
:10B50000274C284922689300981880000858E0B911
:10B51000551EAB0058198000085830BB951EAB0073
:10B5200058198000085800BBD51EAB005819800080
:10B530000858D0B9151FAB00581980000858A0B999
:10B54000053A930098188000085813449B00CD18C2
:10B5500008336868406868600B44984204BF4068DC
:10B560006860C3683360226070BD2A46EDE73068CA
:10B570003168343101F0CAFBC2E700BF7895002082
:10B580004C96002048960020E8950020F495002075
:10B59000789600207C9500202C96002000ED00E09D
:10B5A000FC9500208495002080B170B51B4D2B6860
:10B5B00083420AD0044600F083FF194B62699A4225
:10B5C00005D0BDE8704000F085BF70BD7047A36A2C
:10B5D000144A9342F5D0002BF3D1261D304602F0D9
:10B5E00005FA114AE36A116810488B4288BF13605C
:10B5F00003EB830300EB8300314602F0CDF92B68A7
:10B60000E26ADB6A9A42DCD3094B4FF080525A60FF
:10B6100040BFBFF34F8FBFF36F8FD2E77895002005
:10B620004C96002034960020FC9500208495002044
:10B6300000ED00E070B584B0002503AA02A901A8BE
:10B64000CDE9015501F066FB019C002C46D0029823
:10B65000002843D0039E20630223B600A521324672
:10B6600084F8513007F0ABFD236B1F4A6263201D45
:10B6700084F83850043E84F83B50E562C4E9115523
:10B680001E4402F085F904F1180002F081F926F059
:10B6900007060523A3612A461449E5643046246160
:10B6A000646284F8505000F0CFFE20602046FFF71F
:10B6B00053FD0F4B1C6000F0DBFD012811D140232E
:10B6C00083F311880B490C4A0C4B4FF0FF340C608C
:10B6D00010601D6000F0CEFE04B070BD044B00226F
:10B6E0001A6004B070BD00BF49444C45DDB9030089
:10B6F000289600202C960020489600207496002062
:10B70000024A136801331360704700BFF4950020AC
:10B71000014B1868704700BF74960020024A1368F6
:10B7200018441060704700BF749600202DE9F04F58
:10B730003B4B1B6883B0002B42D13A4B1F6801374B
:10B740001F60002F4AD0384B01931B68BB423BD887
:10B75000364EDFF8EC80DFF8ECA0DFF8EC90002547
:10B7600025E03368DB68DC68636804F1040B9F4202
:10B77000584651D302F03AF9A36A04F118000BB10C
:10B7800002F034F9E36AD8F8002003EB8300934217
:10B7900059460AEB800088BFC8F8003002F0FCF878
:10B7A000D9F80030E26ADB6A9A4228BF0125336883
:10B7B0001B68002BD5D1019A4FF0FF33136004E0D2
:10B7C0001B4A13680133136000251A4B1B68002BBA
:10B7D0000CBF2846012003B0BDE8F08F134E164B76
:10B7E0003168164A186830601960136801331360B5
:10B7F00033681B683BB90C4B01931A464FF0FF337B
:10B8000013601346A1E73368074ADB680192DB68DF
:10B810005B681360134698E7019A1360D5E700BF91
:10B82000F4950020749600202C9600207C95002032
:10B83000F09500207896002080950020309600201A
:10B84000FC95002084950020789500202DE9F04794
:10B8500000F036FE354B1A68013A1A601C68002C5D
:10B8600057D1334B1B68002B53D0DFF8E0A0314E8B
:10B87000314FDFF8DC90DFF8DC80336813B3F36816
:10B88000DC68251D04F1180002F0B0F8284602F02B
:10B89000ADF8E36A3A6803EB83009342294609EB6B
:10B8A000800088BF3B6002F077F8D8F80030E26A89
:10B8B000DB6A9A424FF00103DFD3CAF800303368E5
:10B8C000002BDCD13CB11D4B1A6812683ABB1C4BF3
:10B8D0004FF0FF321A601B4D2C6844B10126FFF770
:10B8E00025FF08B1CAF80060013CF8D12C60DAF8F5
:10B8F000003073B1144B4FF080525A6040BFBFF319
:10B900004F8FBFF36F8F012400F0E4FD2046BDE8A8
:10B91000F087002400F0DEFD2046BDE8F0871A68BD
:10B92000074BD268D26852681A60D4E7F4950020B9
:10B93000E895002034960020FC9500207C9500209E
:10B940002C960020F095002000ED00E07896002075
:10B95000849500207895002070B548B9184B4FF0B9
:10B9600080525A6040BFBFF34F8FBFF36F8F70BDDF
:10B97000144A15491368154E013313600D680446C7
:10B980003068043002F032F8336864195C600FD21A
:10B990000F4B18683168043102F00EF80D4B1A682D
:10B9A000944238BF1C60FFF751FF0028D6D070BD0D
:10B9B000094B18683168043101F0FEFFF3E700BF5E
:10B9C00000ED00E0F49500207496002078950020AA
:10B9D0007C9500202C960020809500202DE9F84FC2
:10B9E0003C4E3D4D3D4CDFF80891DFF80881DFF813
:10B9F00008B14FF0805A2368D3B100F061FDF368BD
:10BA0000DF68381D01F0F2FF2B68013B2B602368D3
:10BA1000013B236000F05EFD97F85130002B37D0DA
:10BA2000012BE8D13846FEF755FC2368002BE4D102
:10BA30002B4B1B68012B06D9CBF804A040BFBFF3EA
:10BA40004F8FBFF36F8F00F0D1FED9F8003033BBBA
:10BA5000D8F80030DB6A002BCDD1214B1B68012BBD
:10BA6000C9D8204B204A1B6812689B1A012BC2D9E7
:10BA70001E4A136801331360D9F80030BBB1D8F8FF
:10BA80000030DB6A0BB9164B1B68FFF7DFFEB2E72D
:10BA9000386BFEF71FFC3846FEF71CFCABE7D8F806
:10BAA0000030DB6A002BA6D10D4B1B68A3E7D8F84A
:10BAB0000030DB6A002BE8D1094B1B68012BE4D86E
:10BAC000084B1868084B1B68C01A0128DDD900F024
:10BAD0006DFDDAE760960020E8950020EC950020E7
:10BAE000849500202C96002074960020F495002068
:10BAF000FC9500207895002000ED00E0274B1B68A6
:10BB0000002B40D1264A70B5264C1360226823686A
:10BB100012681B6B9A423AD9234D24492A68930034
:10BB2000981880000858E0B9561EB3009819800094
:10BB3000085830BB961EB30098198000085800BB07
:10BB4000D61EB300981980000858D0B9161FB3004C
:10BB5000981980000858A0B9053A930098188000F9
:10BB6000085813449B00CE18083370684068706012
:10BB70000B44984204BF40687060C36823602A6029
:10BB800070BD3246EDE7064B01221A60704720680F
:10BB90002168343101F0BAF8BEE700BFF495002007
:10BBA0007896002078950020FC9500208495002050
:10BBB00070B5174D2B680C4603F1180101F0FCFE1F
:10BBC000144B1E682868043001F010FF631C17D066
:10BBD0002B68A4195C600BD20F4B186829680431DC
:10BBE00001F0EAFE0D4B1A68944238BF1C6070BD2C
:10BBF0000B4B18682968BDE87040043101F0DCBEC9
:10BC0000296808480431BDE8704001F0C5BE00BF96
:10BC100078950020749600207C9500202C960020BA
:10BC2000809500204C96002070B5194D2B680C466D
:10BC3000164603F1180101F0AFFE164B5EB11B680A
:10BC40002868043001F0D2FE296813480431BDE8A9
:10BC5000704001F0A1BE1E682868043001F0C6FEE5
:10BC60002B68A4195C600BD20C4B1868296804314E
:10BC700001F0A2FE0A4B1A68944238BF1C6070BDE6
:10BC8000084B18682968BDE87040043101F094BE83
:10BC900078950020749600204C9600207C9500201A
:10BCA0002C9600208095002038B5C368DC6804F12C
:10BCB0001805284601F09AFE1A4B1B682BBB251D60
:10BCC000284601F093FE184AE36A116817488B4230
:10BCD00088BF136003EB8303294600EB830001F068
:10BCE0005BFE134BE26A1B68DB6A9A4282BF114B10
:10BCF00001201860104B1A68126898BF00204AB9DA
:10BD00000E4B4FF0FF321A6038BD29460C4801F047
:10BD100043FEE6E71A68094BD268D26852681A6097
:10BD200038BD00BFF4950020FC95002084950020CC
:10BD300078950020789600207C9500202C96002095
:10BD400034960020034A044B12681B68C0E90023A4
:10BD5000704700BF3096002074960020F8B50D465D
:10BD6000044600F0ADFB2B681649581C0A6813D036
:10BD7000DFF854C0D4E90060DCF80070BE4201D0A6
:10BD800090421AD9121A93420BD800232B60012536
:10BD900000F0A0FB2846F8BD002500F09BFB2846DC
:10BDA000F8BDDCF800009B1A0A682B60C4E90002A9
:10BDB000002500F08FFB2846F8BD012500F08AFB26
:10BDC0002846F8BD7496002030960020014B0122D1
:10BDD0001A60704778960020084B186860B9084BC5
:10BDE0001B6853B9074A084B10681B68013B98420F
:10BDF00014BF0120022070470020704734960020B5
:10BE0000789600204C960020E8950020054B1B6892
:10BE100033B1054B1B68002B0CBF0220002070477C
:10BE20000120704748960020F495002018B3F8B51B
:10BE30001C4CC36A2268D26A934214D28269002AD7
:10BE400004DB2268D26AC2F105028261164D4269A2
:10BE500003EB830305EB83039A420DD02368DB6A6F
:10BE6000C3620120F8BD2368406CDB6A98422CBF96
:10BE700000200120F8BD7047061D0746304601F03E
:10BE8000B5FD2268094BD06A1A68F862904200D961
:10BE9000186000EB800005EB8000314601F07CFD6E
:10BEA0000120F8BD7895002084950020FC950020A5
:10BEB00050B138B5C16A836C426C013B91428364D6
:10BEC00000D01BB1002038BD00207047051D04467E
:10BED000284601F08BFD0A4A636C1168E362C3F1E6
:10BEE00005008B42A061074888BF136003EB830302
:10BEF00000EB8300294601F04FFD012038BD00BF53
:10BF0000FC9500208495002048B1426CC36A9142A0
:10BF100038BF11468B4202D0826C012A00D0704794
:10BF2000826970B5114DC162002A03EB8303426937
:10BF3000A8BFC1F1050105EB8303A8BF81619A4247
:10BF400000D070BD061D0446304601F04FFD084B81
:10BF5000E06A1A68904288BF186000EB800005EB29
:10BF600080003146BDE8704001F016BD8495002088
:10BF7000FC950020044B1A681AB119688A6C0132CA
:10BF80008A641868704700BF789500202DE9F04F4B
:10BF9000AD4EDFF8C482AD4D89B033681C68002C0B
:10BFA00000F08E80DB681C68FFF7AAFBFFF7B0FB90
:10BFB000D8F80030984207465DD38442C8F80000A4
:10BFC00040F20B810022E11B2868FFF75FF8FFF7C2
:10BFD0003DFC88B99E4A4FF08053536040BFBFF389
:10BFE0004F8FBFF36F8F07E0019B0399204698475F
:10BFF000009B002B80F23881286800226946FEF7FA
:10C00000D1FC0028C9D0009B029C002BECDB6369AB
:10C0100013B1201D01F0EAFCFFF77AFBD8F80030DD
:10C020009842814643D3009BC8F80090092BE3D87F
:10C03000012202FA03F313F4047F69D113F0C70F4E
:10C0400040F0A1809B06D7D594F82C30002BD3D19B
:10C050002046FEF73FF9CFE7DB68DC68D3F800A0A5
:10C0600004F10409484601F0C1FC636A2046984780
:10C07000E369012B36D033681A68002AECD1754980
:10C08000C8F800700A6832600B60FFF7DFFBB3E7A7
:10C09000DB68DF68D3F800B007F1040A504601F00E
:10C0A000A5FC7B6A38469847FB69012B25D033688D
:10C0B0001A68002AECD167490A6832600B60B2E75F
:10C0C000FFF71EFBFFF724FBD8F80030834207463A
:10C0D000D1D8604BC8F800701B681A68B2FA82F2B7
:10C0E000520970E7A36953449A45494622D26360D6
:10C0F0002461306801F060FCBDE7BB695B449B458F
:10C10000514627D27B603F61306801F055FCCEE795
:10C11000019B246103EB09024A45A36162602CD8AC
:10C12000002B3FF469AF4B4B211D186801F044FC14
:10C13000286862E72B68002B9DD00023CDE9043AE4
:10C140000694FFF763FE00231A4604A92868FEF749
:10C1500073F990E72B68002BA9D00023CDE9043BAD
:10C160000697FFF753FE00231A4604A92868FEF736
:10C1700063F99CE74B4500D998B13068211D01F067
:10C180001BFC286839E7019BA269246199182CBF20
:10C190000120002049456160ECD8A9EB03039A42D5
:10C1A000C1D8636A20469847E369012B7FF424AF26
:10C1B000019BA2692868134400283FF41EAF0022A7
:10C1C000CDE904230694FFF721FE00231A4604A9B3
:10C1D0002868FEF731F928680FE7FFF737FB336867
:10C1E000DB68D3F80C9009F1040A504601F0FEFB1D
:10C1F000D9F81C30012B04D0D9F824304846984790
:10C20000FAE6D9F81830C9F81090E218BA42C9F81D
:10C21000042004D95146306801F0CEFBECE73F1B07
:10C22000BB421BD82B68002BE6D00023CDE9043499
:10C23000CDF81890FFF7EAFD00231A4604A92868F4
:10C24000FEF7FAF8D8E700BF7C960020009900209E
:10C2500000ED00E080960020AC980020034B514692
:10C26000186801F0A9FBC7E7029CD0E68096002081
:10C27000F0B5204C89B000F023F92568FDB100F03D
:10C2800029F92068C8B1002407AA06A905A8CDE9A4
:10C29000054400F04DFDDDE905300221CDE9001037
:10C2A000079A0293144915482346FEF7E7FF144AFC
:10C2B0000346001B18BF0120136009B0F0BD114FE9
:10C2C000114E384601F058FB304601F055FB0F4A3D
:10C2D0000F4900950F4B17600E600F4A1021202068
:10C2E000FEF706F820600028C9D00C49FEF7BCFE16
:10C2F000C5E700BF00990020246B04008DBF030038
:10C300000499002084980020989800207C960020B2
:10C3100080960020B0980020849600201C6B0400BA
:10C320002DE9F04F804685B030200F4616461D4659
:10C33000FDF7BEFF0446A8B1DFF8889000F0C0F812
:10C34000D9F8003093B100F0C5F80E9B6362C4F8D1
:10C350000080C4E906762562201D01F019FB002348
:10C3600084F82C30204605B0BDE8F08FDFF858B0D7
:10C37000DFF858A00393584601F0FEFA504601F04A
:10C38000FBFA0B4A0B49039B00932020C2F800B034
:10C39000C1F800A0084B094A1021FDF7A9FFC9F810
:10C3A00000000028CFD00649FEF75EFECBE700BFB5
:10C3B0007C96002080960020B09800208496002073
:10C3C0001C6B04000099002084980020989800209D
:10C3D00030B5144D2C6885B0C4B10529CDE90012E3
:10C3E00002900BDCFFF712FD022812D00023286810
:10C3F0001A466946FEF720F805B030BD1A462046B9
:10C4000000236946FEF728FA05B030BD204605B086
:10C4100030BD2868089A00236946FEF70DF805B07C
:10C4200030BD00BF0099002010B5044600F048F868
:10C430006469003418BF012400F04CF8204610BD98
:10C44000402383F31188FEE730B46FF002034FF00E
:10C450008075074C40F8045C40F80C4C40F8081C10
:10C4600040F8202C40F8243C30BC4438704700BFD2
:10C4700041C403000F4C08B5E02384F8223000F0DB
:10C4800077F80D4B0D4A00211960D4F8883043F439
:10C490007003C4F88830536843F040435360236905
:10C4A00043F01003236100F04FF9402383F3118818
:10C4B000FEE700BF00ED00E00899002030EF00E04B
:10C4C000402383F31188024A1368013313607047D5
:10C4D00008990020034A1368013B13600BB983F3EA
:10C4E000118870470899002041DF704712DF7047BC
:10C4F00070B51B4B00251D6082B01B680193019B2A
:10C50000EFF31186402383F31188164A164BD2F8B5
:10C5100004451D601B680093009BFFF7F9F8241A7F
:10C5200024F07F44012C0DD844B1FFF7FFF80546F5
:10C5300025B10E4B4FF080525A6040BF86F31188F0
:10C5400002B070BDFFF762FC0228EED1013CFFF79C
:10C55000EDF8013C631C45EA0005F8D1E8E700BFAF
:10C5600040110140001001400011014000ED00E0C9
:10C570000B4B0C4930B41F200B4DC3F808050122AA
:10C580000224E020C3F804232A601A60C3F844435D
:10C5900081F811034FF400330B6030BC704700BFCB
:10C5A0000010014000E100E0081001402DE9F041D9
:10C5B000804684B0EFF3108272B6584CA36883B9FA
:10C5C000574B58480121A160D3F8801001402160E9
:10C5D000C3F88000D3F8841061604FF0FF31C3F8D6
:10C5E000841002B962B6504ED6F80475FFF7F4FB1A
:10C5F00000283DD04D4A4E49424528BF4246BB180F
:10C6000023F07F4301200025C6F80803C6F8403513
:10C610000D600B6801934FF480330199C6F8043321
:10C62000BFF34F8FB8F1000F54D13F4B404D4149FC
:10C630004FF48030C3F80803002028602D6803956C
:10C64000039D08600968029101210298C3F8041350
:10C65000D3F804353249DB1B23F07F45954228BFD0
:10C6600015464FF40033012DC1F8803111D827D081
:10C67000A3685BB1EFF3108372B6294A2168116099
:10C68000616851600022A26003B962B604B0BDE8DF
:10C69000F081681EFFF742F8274BDB68DA010FD5FF
:10C6A000264A1368DB070BD5254B516803FB05F5BC
:10C6B000A5F57425A5F51075AD0A01EB8515556036
:10C6C000FFF734F80028D3D01E4B4FF080525A6049
:10C6D00040BFCDE7F1EE103A23F09F03E1EE103AB0
:10C6E000F1EE103A0E4B04A84FF480614026C3F8D7
:10C6F0008461C3F8841100F8045DFFF7F7FE9DF82C
:10C700000C1039B920BFD3F80001D3F8041101434C
:10C71000F8D08AE7FFF7E8FE87E700BFDCA5002036
:10C7200000E100E0FC06FFBD00100140FDFFFF003E
:10C730004011014000110140F0ED00E0001000E068
:10C7400040420F0000ED00E00748006880F30888D1
:10C7500062B661B6BFF34F8FBFF36F8F4FF0E0004B
:10C7600080F3118800DF00BF00700200064B1968DB
:10C770000868B0E8F04F80F30988BFF36F8F4FF07F
:10C78000000080F31188704778950020EFF309804E
:10C79000BFF36F8F144B1A681EF0100F08BF20ED07
:10C7A000108A20E9F04F10604DF8043D4FF0400032
:10C7B00080F31188BFF34F8FBFF36F8FFFF79EF9A0
:10C7C0004FF0000080F3118808BC19680868B0E8D1
:10C7D000F04F1EF0100F08BFB0EC108A80F30988EC
:10C7E000BFF36F8F704700BF78950020704700BF80
:10C7F0000A490B4A0B4B9B1A03DD043BC858D05027
:10C80000FBDC094809494FF0AD32026004300439BD
:10C81000FBD100F08DF9EAF71BFD000060900400E9
:10C82000006000208063002000F803200008000062
:10C83000FEE7FEE7FEE7FEE7FEE7FEE7FEE7FEE7D0
:10C84000FEE7FEE708B50020EAF73CFDF0F7F4F854
:10C850000E4B43B10E4B7BB1F0F766FA00F046FA8F
:10C86000AFF30080F8E7F0F75FFA00F03FFAF0F777
:10C870005BFA00F03BFAF6E7F0F756FA00F036FA0A
:10C88000F0F752FA00F032FAF6E700BF00000000BD
:10C890000000000000B583B000F0D0FBFDF75CFAAB
:10C8A0000E4B019301234FF480620D4900930D4814
:10C8B0000023FEF74DFD4FF4407000F037FBFEF70C
:10C8C000B9FEBFF34F8F0849084BCA6802F4E06213
:10C8D0001343CB60BFF34F8F00BFFDE70C990020DF
:10C8E0002C6B040045C8030000ED00E00400FA05CD
:10C8F00038B507480C461546EAF73AFE00B938BD88
:10C900002A4621460248BDE83840EAF7B9BD00BFD3
:10C910009C630020FDF79CBCFDF7B4BC084A0949A4
:10C9200008B513681844884202D81060184608BD3C
:10C9300006F086FB0C2303604FF0FF33184608BD5A
:10C940006461002000F80320114B1A78EAB90178DD
:10C95000104810B40A464FF0804402F00102C1F3BF
:10C960004001C4F88015C4F878250268D20706D4BF
:10C97000E021012280F80013C0F88021026001222A
:10C9800005481A705DF8044B70470448704700BFB3
:10C99000D8A5002000E100E00000AD0B0C00AD0BBD
:10C9A0000C4B012230B4C3F88020BFF34F8FBFF38C
:10C9B0006F8F094C094D0A490A4A00234FF0804005
:10C9C00023604FF460742B60C0F808430B60137051
:10C9D00030BC704700E100E010990020149900205D
:10C9E00018990020D8A500200268074B4FF080401E
:10C9F00010B400214FF46074C0F80843196002B10C
:10CA00001A605DF8044B7047189900204FF080437E
:10CA10004FF46072C3F80423704700BF4FF08043A7
:10CA20004FF46072C3F80823704700BF4FF0804195
:10CA3000034B4FF460700022C1F808031A6070477E
:10CA40001899002010B54FF0804386B0D3F8044306
:10CA5000620705D5D3F8082103F58473002A4ED167
:10CA6000A30603D52A4B1A68002A3FD1600603D5D6
:10CA7000284B1A68002A2FD1210602D5264B1A68A6
:10CA80000ABBE20502D5254B1A6892B9A3050ED55B
:10CA9000234B1A685AB100221A601A68214B05927A
:10CAA000059A1B68022006B0BDE81040184706B082
:10CAB00010BD00221A601B4A1B68049301201368F2
:10CAC000049A9847E2E700201860164A1B6803930F
:10CAD0001368039A9847D4E700221A60124A1B6829
:10CAE000029301201368029A9847C5E70020186056
:10CAF0000D4A1B6801931368019A9847B6E7002214
:10CB00001A600A4A1B6800931368009A9847A7E7BF
:10CB100014010040180100401C01004020010040A9
:10CB20002401004018990020149900201099002039
:10CB3000604B1B6830B45C1C37D05F4A082B12680E
:10CB400000F08F805B4B5C4A1B681268082B15D085
:10CB5000591C23D0584A1268082B12D0574AD2F8D1
:10CB6000883043F47003C2F88830BFF34F8FBFF3AF
:10CB70006F8F534B534A1A6030BC7047002A00F045
:10CB80008280032AEAD84FF08043D3F80024D207EA
:10CB900044BF6FF00102C3F80024DFE74A4A4B4B61
:10CBA00012681B78C2F30312D6E7484A464B127844
:10CBB0001B68082AC3F3031301D1032B53D9424A3C
:10CBC000424B12681B78C2F30312082BBAD1032A16
:10CBD000B8D84FF080523E4BD2F80414C3F8201559
:10CBE000D2F80814C3F82415D2F80C14C3F8281589
:10CBF000D2F81014C3F82C15D2F81414C3F8301559
:10CC0000D2F81814C3F83415D2F81C14C3F8401520
:10CC1000D2F82014C3F84415D2F82414C3F84815E8
:10CC2000D2F82814C3F84C15D2F82C14C3F85015B8
:10CC3000D2F83014C3F85415D2F83414C3F8601580
:10CC4000D2F83814C3F86415D2F83C14C3F8681548
:10CC5000D2F84014C3F86C15D2F84424C3F87025F8
:10CC600070E7032A0CD8134B1B684FF08042002159
:10CC7000581CC2F80C11C2F81011C2F838159ED019
:10CC80000D4A1268A1E7134C1349144D256014484E
:10CC9000144AFB24C1F8184501681268124C21F0AF
:10CCA0000F0102F00F020A434FF40071026021608D
:10CCB00050E700BF300100103401001000ED00E02B
:10CCC000686100200090D003E80F00F0E00F00F052
:10CCD00000C000408C56004000F000404881030036
:10CCE000E40E0040580200104096024008B5EAF7F2
:10CCF000EFFA054B4FF080525A6040BFBFF34F8FA1
:10CD0000BFF36F8F08BD00BF00ED00E0704700BFAC
:10CD1000704700BF044B036010B46423034C0C60E5
:10CD200013605DF8044B70471C9900207099002037
:10CD3000054B036010B44FF48073044C0C60136017
:10CD40005DF8044B704700BF009B0020549B0020FF
:10CD500070B51F4C84B04FF0FF3203A92068FDF777
:10CD600021FE0028F7D00398037A4568052B0DD8DB
:10CD7000DFE803F0272A221C1503D0E90361D0E97C
:10CD80000523C06900903046A847039803681BB18B
:10CD90001846FDF777FA0398FDF774FADBE7D0E958
:10CDA0000523D0E90301A8470398EFE7D0E904126F
:10CDB000C068A8470398E9E7D0E90301A8470398AA
:10CDC000E4E7A8470398E1E7C068A8470398DDE7D0
:10CDD000589F00202DE9F0432D4B2E4C5B6885B009
:10CDE000C3F30803019001AF2068002B44D0002357
:10CDF00039461A46FDF730FD01283AD0DFF8988011
:10CE0000D8F80000002240000421FDF7A1FA0646F0
:10CE100078B3DFF88890D9F80000FEF713FBFFF72E
:10CE20004FFB02E03046FDF707FB002203A9206814
:10CE3000FDF7B8FD00230546642203A90028F1D1BF
:10CE40002068FEF7EDF82660FFF744FBD9F80000F4
:10CE5000FEF7AAFBD8F800300D4A20685B00C8F83E
:10CE600000305368C3F30803394653B96422FDF711
:10CE7000E3FA05B0BDE8F08339466422FDF7DCFA39
:10CE8000BAE72B462A46FDF7E7FC05B0BDE8F0837C
:10CE900000ED00E0589F0020549F00205C9F002080
:10CEA0002DE9F8439DF8205006460F4691469846D6
:10CEB000CDB1A8000C30FDF7CBF9044688B10023B2
:10CEC000C0F804900572036006B177B92DB1AA00CD
:10CED000414604F10C0006F04EF92046FFF77AFFB8
:10CEE0000120BDE8F8831020E5E73846FDF7B0F9EA
:10CEF00081462060A0B13A46314606F03CF9002D4B
:10CF0000EBD0691EC9B208EB8101A8F1040353F804
:10CF1000042FB24208BFC3F800909942F7D1D6E778
:10CF20002046FDF7AFF94846DBE700BF30B54023A8
:10CF30000B4D83B004460022184604212B60FDF7F8
:10CF400007FA084B084918600223CDE90031A2B264
:10CF5000002306490648FEF7FBF903B030BD00BFC9
:10CF6000549F0020589F00205C9F0020346B0400D9
:10CF700051CD03001A4B197869BB70B54FF440537B
:10CF800082B01B78102B1AD943F21002142B1268AE
:10CF900023D943F21401134B0C68134D1348A3FB20
:10CFA00004139B0CA5FB046100FB134089094FF49B
:10CFB0007A76A5FB005006FB1141800902E0084685
:10CFC0000B460A46CDE900010949054806F05AFF1B
:10CFD000034802B070BD0248704708460B46F1E7AF
:10CFE000609F002083DE1B43D34D621040420F0040
:10CFF000406B040008B50648037833B94FF08053FE
:10D0000004495A6E1B6E06F03DFF014808BD00BF83
:10D01000809F0020546B0400BFF34F8F0549064BDF
:10D02000CA6802F4E0621343CB60BFF34F8F00BFC6
:10D03000FDE700BF00ED00E00400FA054FF080437B
:10D04000194AD3F80014194830B41160D3F80054C9
:10D05000D3F80024164C17492A43C3F80024D4F807
:10D060004025026001224FF40030C3F818259A6071
:10D07000C1F88000BFF34F8FBFF36F8F0E4C03F5E5
:10D0800088334FF0A0454FF480304FF0FF31C3F8A4
:10D090004803C3F808035A609A60C5F80815C4F835
:10D0A000081530BC704700BF949F0020989F002057
:10D0B00000A0004000E100E00003005008B54FF080
:10D0C00080434E22C3F81C25FFF7A6FFF8B50C4B92
:10D0D0000C4C0D4E1870074604F1100554F8043B33
:10D0E000BFF35B8F5B68BFF35B8FB34202D0AC4290
:10D0F000F4D1F8BD394654F8040C00F0C5FAF6E74F
:10D100006C61002074610020416C6F672DE9F04F65
:10D11000404D414EDFF808E181B05FFA80F805F13B
:10D12000100C2F462B4653F8044BBFF35B8F6468FB
:10D13000BFF35B8FB44223D06345F4D1354EDFF8A3
:10D14000D8B08946804600245FFA80FA56F8043B3E
:10D15000BFF35B8F5B68BFF35B8F5B4528D0013407
:10D16000042CF3D12C4E0024314655F8040B00F06A
:10D1700099FB40BB0134042CF6D101B0BDE8F08F1F
:10D1800053F8049C1EF82840D9F80020D2F860A576
:10D19000A24530D0D2F864A5544536D0D2F868A55F
:10D1A000544534D0D2F86C259442C5D1032323E0F2
:10D1B000514656F8040C00F07DFA0028CFD01FFA33
:10D1C00089F251460FE0154B57F8240019785FFAA1
:10D1D00088F800F059FA414657F8240000F06AFA3E
:10D1E00041461FFA89F257F82400002301B0BDE838
:10D1F000F04F00F007BB00238AB2484619460023CF
:10D2000001B0BDE8F04F00F0C7BA0123F4E70223F4
:10D21000F2E700BF74610020416C6F676C61002011
:10D22000986A0400014B1860704700BF70610020CD
:10D2300002381549042822D8DFE800F0090F151B31
:10D240000300124B0120022208601A6070470F4B46
:10D250000020012208601A6070470C4B0020022257
:10D2600008601A607047094B0020032208601A60AA
:10D270007047064B0020042208601A607047034A7A
:10D2800000230B6013607047A49F0020A09F002024
:10D29000202819D8F0B4614B53F82030023B82B0FB
:10D2A0001D2B00F2B980DFE803F011A4A6A8B7B7E0
:10D2B000B7B7B7B7B7B7B7B7B7B7B7B7B7B7B7B7FE
:10D2C000B7B7B7B7AAACAEB0002070470127544B30
:10D2D0001C680023082CADF8063040F398800A2C17
:10D2E00040F397800D2CB5BF0C250E250223032398
:10D2F0004C494D4AC1F8F03501260023DFF834C10E
:10D300004A48C1F80065C1F81435C1F81035C2F8B3
:10D310001435C2F81035C2F82435C2F82035C2F8E9
:10D320003435C2F83035C2F84435C2F84035C2F859
:10D330005435C2F85035C2F86435C2F86035C2F8C9
:10D340007435C2F870353A4ADCF80030006812686B
:10D35000DFF8E4C01B02000300F4805003F4E06334
:10D360001204034302F4E0229CF80000134343EA52
:10D3700000630DF10602C1F818350846C1F81475AE
:10D38000C1F81075C1F82C26C1F830660E60D0F8CF
:10D390000031002BFBD000210123224AC0F80011EC
:10D3A0004360D2F80431002BFBD0002001231D493B
:10D3B000C2F804019360D1F81431002BFBD0002394
:10D3C000C1F81431BDF80620120448BFADF806308C
:10D3D000144B0022C3F80025BDF80600AC4200B291
:10D3E00004D035BF2C1B641BE040A04002B0F0BC51
:10D3F000704702276BE7032769E7042767E70527DC
:10D4000065E7062763E7072761E708275FE7082541
:10D410006EE70A2501236BE70020E7E7986A04001E
:10D42000706100200070004010700040A49F002038
:10D43000A89F0020A09F00209C9F002020281BD890
:10D440003C4B53F820301F2B86BF03F01F033A4A92
:10D450004FF0A0420E290FD8DFE801F0655F595365
:10D460004D474039322B241D160F080003F5E07399
:10D4700040F2037142F82310704703F5E07340F265
:10D48000036142F82310704703F5E07340F2035143
:10D4900042F82310704703F5E07340F2034142F86D
:10D4A0002310704703F5E07340F2033142F8231074
:10D4B000704703F5E07340F2032142F823107047F0
:10D4C00003F5E07340F2031142F82310704703F5AF
:10D4D000E0734FF4403142F82310704703F5E073D6
:10D4E0004FF4003142F82310704703F5E0731349FD
:10D4F00042F82310704703F5E073114942F82310F6
:10D50000704703F5E073042142F82310704703F5D8
:10D51000E0730C2142F82310704703F5E0730321F8
:10D5200042F82310704703F5E073002142F82310FE
:10D53000704700BF986A0400000300500400020016
:10D540000C000300202811D80A4B53F820301F2B61
:10D5500088BF03F01F034FF001028CBF06484FF055
:10D56000A04002FA03F311B1C0F808357047C0F8C3
:10D570000C357047986A040000030050202818D822
:10D580000D4B53F820201F2A8ABF0C494FF0A041B1
:10D5900002F01F02D1F8140501239340034214BF87
:10D5A000D1F80425D1F81025134214BF0120002022
:10D5B00070470020704700BF986A040000030050C5
:10D5C000202800D970470E4B53F820101F298ABF1E
:10D5D0000C4A4FF0A04201F01F01D2F814050123BC
:10D5E0008B40034214BFD2F80415D2F810150B4239
:10D5F00002D1C2F808357047C2F80C35704700BF39
:10D60000986A04000003005020280DD8074B53F8F7
:10D6100020201F2A86BF02F01F0205494FF0A041BB
:10D6200001239340C1F80835704700BF986A040091
:10D630000003005020280DD8074B53F820201F2A44
:10D6400086BF02F01F0205494FF0A041012393401D
:10D65000C1F80C35704700BF986A04000003005001
:10D6600030B401600022BFF35B8F4260BFF35B8F79
:10D6700001688260FF254FF0FF340582C26082742A
:10D68000C1F8644530BC70470E2907D947F6FF73CF
:10D69000026819460182C2F808357047012303FA6F
:10D6A00001F1013989B2026801820B46C2F80835DE
:10D6B000704700BFF8B50368364DD3F8604515F8DC
:10D6C0002120A24256D0D3F86445A24252D0D3F8CA
:10D6D0006845A2424ED0D3F86C45A2424AD0D3F856
:10D6E0006025002A51DBD3F86425002A0BDBD3F830
:10D6F0006825002A4BDBD3F86C35002BB8BF032616
:10D7000002DB0020F8BD01260C4607460121204619
:10D71000FFF794FE00212046FFF714FF3B6855F801
:10D720002410D3F800253AB306F5AC700022043675
:10D73000C3F8002543F82010012127F81620C3F86C
:10D740000015D3F86025D3F86415D2430029D3F827
:10D7500068154FEAD272A8BF0132002904DBD3F862
:10D760006C2501209860F8BDD3F86C150029F8DA13
:10D77000002AF6D10120F8BD06F5AC70043643F856
:10D780002010012027F81620F8BD0026BCE702264D
:10D79000BAE700BF986A0400032931D830B463B3F4
:10D7A00003680431D3F8004520F811200CBB028A2D
:10D7B000C3F80445C3F80825827CC3F80C2508305B
:10D7C000022504210122C3F81055C3F81445C3F8FB
:10D7D0002005C3F82415C3F82845C3F82C45C3F821
:10D7E0004045C3F84445C3F84845C3F84C45C3F821
:10D7F00000250120986030BC704742F40042CFE71A
:10D800000020704730B4264D046815F82110D4F874
:10D810006055A9420ED0D4F864558D423AD0D4F860
:10D820006855A94238D0D4F86C558D4236D00020C6
:10D8300030BC704700210BB942F400420431D4F8E7
:10D84000003520F811200BBB028AC4F80435C4F857
:10D850000825827CC4F80C25083002250421012209
:10D86000C4F81055C4F81435C4F82005C4F82415BC
:10D87000C4F82835C4F82C35C4F84035C4F844350C
:10D88000C4F84835C4F84C35C4F800250120A06020
:10D8900030BC70470121CEE70221CCE70321CAE763
:10D8A000986A0400214B5B6809B90020704710B4E6
:10D8B000BFF35B8F4368BFF35B8F994200F10404B1
:10D8C00016D0BFF35B8F4368BFF35B8F83B90368E8
:10D8D000D3F86025D3F86405D2430028D3F868054F
:10D8E0004FEAD272A8BF0132002805DBD3F86C35AD
:10D8F00000205DF8044B7047D3F86C050028F7DA78
:10D90000002AF5D1D3F80035002BF1D1BFF35B8F9E
:10D9100054E8003F002B03D144E80012002AF7D15D
:10D92000BFF35B8F0CBF01200020E2E700ED00E0B9
:10D9300008B509490948FFF793FE09490948FFF767
:10D940008FFE09490948FFF78BFE09490948BDE8E0
:10D950000840FFF785BE00BF00C00140AC9F00201B
:10D9600000100240C09F002000200240D49F0020F1
:10D9700000D00240E89F002000F108034FF0FF3183
:10D980000022816002604360C0E90333704700BF3A
:10D9900000230361704700BF4368026810B49C68AD
:10D9A0008C609C684B600132616099605DF8044B4B
:10D9B00008610260704700BF30B40D686B1C11D065
:10D9C00000F1080200E01A4653681C68AC42FAD91C
:10D9D00004684B60013499608A605160086104609A
:10D9E00030BC704702695368F2E700BF4268816843
:10D9F000036910B4916081685C684A601A68844267
:10DA000008BF5960013A002101611A6018685DF889
:10DA1000044B704730B4002520240572C4600170A7
:10DA2000426030BC704700BF38B5044640680D46C0
:10DA3000EFF712FF0120207205B938BD2178606828
:10DA4000EFF7EEFF6068F0F75DF8B0FA80F040099C
:10DA500038BD00BF2DE9F041079EC4689519A54265
:10DA600002D90020BDE8F08104460F4601784068E5
:10DA700098461546EFF7D4FF606803685B684EB1BF
:10DA8000069A3AB1114632469847B042E9D16068E9
:10DA900003685B6839462A4698478542E1D141468A
:10DAA0006068EFF7C7FFB0FA80F04009DAE700BF1F
:10DAB000002A37D02DE9F04F83B090469A46019165
:10DAC00006460027F36831787068A8EB07059D4289
:10DAD00028BF1D46A8EB0503BB4294BF5346002355
:10DAE000EAB2EFF741FFA84203D0002003B0BDE83F
:10DAF000F08F85B1019B4FF0000B5C4603EB0709EB
:10DB000070680268126990470134A4B2AC4209F807
:10DB10000B00A346F4D32F44B845D3D8012003B05B
:10DB2000BDE8F08F0120704738B590F8E8500DB18E
:10DB3000284638BD012380F8E830044601F024FE71
:10DB40000028F5D12046BDE8384000F0AFB800BF4E
:10DB500010B5044C204600F0A5F8002384F8E83006
:10DB600010BD00BFFC9F002003680A689A4201D0E4
:10DB70000020704770B5054684B04FF453700C46D2
:10DB8000FCF766FB0646A8B10C4800F0ADF8211D75
:10DB900000242A6800912B1D02940949019601F086
:10DBA0008DFC04463046FCF76DFBB4FA84F0400966
:10DBB00004B070BD002004B070BD00BFFC9F002009
:10DBC00099E20300F0B585B006464FF453700D4658
:10DBD00017460393FCF73CFB78B1044600903A46A5
:10DBE000281D311D03AB01F0E7FC05462046FCF77C
:10DBF00049FB15B9039805B0F0BD002005B0F0BD94
:10DC000000220260704700BF10B50446084601F0CC
:10DC100045FD2060003018BF012010BD00220260C9
:10DC2000704700BF10B50446084601F037FD20607C
:10DC3000003018BF012010BD00230360704700BFF3
:10DC400000B583B002AB043043F8042D0A4604212A
:10DC500001F0AEFB18B9019803B05DF804FB002099
:10DC600003B05DF804FB00BFF0B5054683B04FF488
:10DC700063700E461746FCF7EBFA044678B1019044
:10DC800055F8040B00953A463146012301F0CCFAD1
:10DC900005462046FCF7F6FAB5FA85F0400903B0D0
:10DCA000F0BD00BF002280F8E420704770B590F806
:10DCB000E4400CB1204670BD012380F8E4300546F5
:10DCC0004FF4BF50FCF7C4FA06460028F2D03146A4
:10DCD000284600F0CDFC0446B4FA84F430466409CA
:10DCE000FCF7D0FA204670BD704700BFF0B505467E
:10DCF00099B01F4600230E46144605A81946032274
:10DD0000D5F8D05001F062F938BB0146AD000823C8
:10DD100003AA05A8CDE9034501F098F9E8B961190E
:10DD200005A801F0B7F9C0B937B92346102231462A
:10DD300005A801F0C7F980B905F1100302A9019106
:10DD400000941946324605A8029301F0F9F9044BF4
:10DD5000002818BF184619B0F0BD014819B0F0BD31
:10DD6000360CF0002DE9F04F864C80469E460F465B
:10DD700094460FCCB7B00DF11C0A55460FC594E878
:10DD80000F0004F1100685E80F000FCE0FAD0FC590
:10DD900096E80F00303485E80F000FCC17AD0FC5A3
:10DDA0000FCC0FC594E80F00D8F8D040CDF80CE0A8
:10DDB000042C85E80F0001D0082C6BD1409A231D5C
:10DDC000B2EB830F4FEA830B03D06F4837B0BDE847
:10DDD000F08F07EB0C019CFA8CF30CF118060CF198
:10DDE00009003B609BFA8BF5802326F00F06321A60
:10DDF0007D6038440B72002101F09CFD409B1B09A3
:10DE0000ABF1100B00F0BB80042C47D0DDF80C9078
:10DE1000CDF808B04B4617ADB1464FF0000823AC23
:10DE2000BB461E4624E0029FCDF814A0069701F0E1
:10DE30000DF903462946204610353BBB01F02AF96F
:10DE400084464FF0100E4B465A4649462046BCF1D8
:10DE5000000F1BD10DEB0E07CDE90067CDF810E0E8
:10DE600001F06EF9103688B9409BB8EB131F58D2F9
:10DE7000002319460222204601F0A8F8014608F1C5
:10DE80000108082305AA20460029CCD03F4837B016
:10DE9000BDE8F08F3E4837B0BDE8F08FDDF80C905C
:10DEA000CDF808B033460FAD4E464FF0000823AC16
:10DEB000BB46994626E0029FCDF814A0069701F0D4
:10DEC000C5F80346294620461035002BDED101F067
:10DED000E1F884464FF0100E4B465A46494620461C
:10DEE000BCF1000FD2D10DEB0E07CDE90067CDF8E4
:10DEF00010E001F025F910360028C7D1409BB8EB9F
:10DF0000131F0ED2002319460222204601F05EF8AC
:10DF1000014608F10108082305AA20460029CAD0B5
:10DF2000B4E7DDF808B0039D00231946012220461E
:10DF3000CDE9055B01F04AF801460028A6D1082387
:10DF400005AA204601F082F800289FD105EB0B01BD
:10DF5000204601F09FF80146002897D1409A2846B4
:10DF600001F0E8FC409B009540A901912A4620461B
:10DF7000194601F0E5F800283FF428AF86E723AC06
:10DF8000D1E700BFD06B0400230CF000360CF0008A
:10DF9000210CF0002DE9F04F2DED028B164687B0D5
:10DFA00007321C46D308129D0393002800F0BC8062
:10DFB0000F46002900F0BF80002C54D0BDF80C1093
:10DFC0008046204600F0BCFF0228064640F2AA80A8
:10DFD00003285DD12378032B40F2A480039B681CA7
:10DFE000591E0123019301F0A7FC019B0493019B9F
:10DFF00076429AB206F007064FF0FF0A4AFA06FA8E
:10E0000008EE102A5E1E4FF6FF72103B5FFA8AFA86
:10E010002E440292059318EE101A2A464046B8473D
:10E0200000287DD133780AEA03033370049B102B58
:10E0300040D0BDF8043022461946284600F0ACFE18
:10E04000022852D0029B013B0293E4D13E4B03993C
:10E050000193284601F070FC019B184607B0BDEC07
:10E06000028BBDE8F08F99B22A461C46B84703469A
:10E070000028ECD1611E70076A5C42F080025CD11E
:10E080006A540023184607B0BDEC028BBDE8F08F40
:10E09000039B00F10709A3EBD90105EBD90001F0BF
:10E0A0004BFC4FEAD903B9F1870F019388BF1023C6
:10E0B00004939CE7059B05EB030904EB030B07E0C6
:10E0C000002BB6D0B84758BB33780AEA0303337045
:10E0D000102319465A46484600F05EFE0346022BBE
:10E0E0004A464FF010014046EAD1019B002BC8D0B0
:10E0F000013DE918012315F8012F13448D422B70BF
:10E100004FEA2323F7D1019B013C2344022214F858
:10E11000011F0A449C4222704FEA2222F7D1B0E745
:10E12000034694E7094B92E7094B184607B0BDEC4C
:10E13000028BBDE8F08F074B8FE7764206F00706AB
:10E1400032416A5489E700BF010CF000320CF00044
:10E15000250CF000140CF0002DE9F0438FB0884638
:10E1600007A91746044601F0A5FA054600284ED136
:10E17000D4F8D050042D01D0082D4ED1D4F8C4309D
:10E180000C2B62D8B8F1000F45D02E1D760106AADF
:10E1900004ABCDE90032029707A905AB0022204667
:10E1A000059600F0DFFD00283CD1069B0498D4F8CA
:10E1B000C42023F00303083304F1840918449200B7
:10E1C000494601F0B3FBD4F8C400069A04992B1D0C
:10E1D0009E0002EB800200964B4620460692FFF717
:10E1E000C1FD054650B9B8F1010F33D003462246B0
:10E1F00049462046FFF77AFDB0B105462046E421A6
:10E2000001F09AFB38464FF4BF5101F095FB2846C8
:10E210000FB0BDE8F0836E01B9E71B4D28460FB083
:10E22000BDE8F083194DE9E7D4F8D430012243F07A
:10E230000103C4F8D430C4F8CC2000234846C4F805
:10E24000C430402101F078FBDCE7114D28460FB0C7
:10E25000BDE8F0833146204601F06EFB2B46224696
:10E2600049462046FFF742FD0028C6D1D4F8D430F5
:10E27000084AC4F8CC8023F4803343F00103C4F887
:10E28000D430C4F8DC20D8E7210CF000260CF000D4
:10E29000040CF000CDAB23012DE9F04F9DB0002818
:10E2A00000F03B811646002A00F03D810D4621B961
:10E2B0008B4658461DB0BDE8F08FB14F04464FF075
:10E2C000FF31386801F058FB002840F01981AD4B50
:10E2D000D4F8DC209A4216D0DFF8B8B2294630468E
:10E2E00001F02AFBD4F8C430002B40F00D813868CF
:10E2F00001F05CFB0028DCD0A34801F0EBFA5846A3
:10E300001DB0BDE8F08FD4F8D430DA0740F10E81AB
:10E31000D4F8CC30113300F20F81D4F8D080B8F1AA
:10E32000040F05D0B8F1080F02D0DFF86CB2D5E7C2
:10E33000D4F8C4200C2A00F2FC8004F140030293BC
:10E3400004F1840A002A00F0FD809200514604F195
:10E35000480001F0EBFAD4F8C420029908F1040354
:10E360009B000093920053462046FFF7FBFC834638
:10E370000028B3D10346224651462046FFF7B6FC9B
:10E3800083460028AAD104EB88090122D9F80C3071
:10E390001BBA9B181BBAC9F80C304FEA880B16D36E
:10E3A000D9F808301BBA9B181BBAC9F808300ED32D
:10E3B000D9F804301BBA9B181BBAC9F8043006D32D
:10E3C00054F828301BBA13441BBA44F828300023F1
:10E3D00009A81946032200F0F9FD002840F0AF809B
:10E3E0000146082307AA09A8CDE9074B00F02EFE35
:10E3F000002840F0A480494609A800F04BFE002800
:10E4000040F09D80614AD4F8D4301A4200F0A280D6
:10E410002B0915F00F0B049300F09980013304933E
:10E42000CDF80CB05B469D420DD0EA1A114630463D
:10E43000059201F081FA059A3346314609A800F0A9
:10E4400041FE00287BD104F1300B1022029859467E
:10E4500001F06CFA5846102101F06EFA102306A95B
:10E460000191CDF800B009A85A461946069300F06C
:10E4700067FE002863D1039AA81A3044594601F078
:10E4800055FAD4F8D430DB0509D45A460298049BD7
:10E49000314600F0CBF9834600287FF41FAFD9F84E
:10E4A0000C30049A1BBAD3181BBAC9F80C3017D316
:10E4B000D9F8083001221BBA9B181BBAC9F80830DA
:10E4C0000ED3D9F804301BBA9B181BBAC9F8043014
:10E4D00006D354F828301BBA13441BBA44F828302A
:10E4E0005146012322462046FFF700FC83460028C0
:10E4F0007FF4F4AED4F8CC300133C4F8CC30F1E67C
:10E50000234801F0E7F9E2E60023C4F8C43004F13F
:10E510008400402101F010FAE9E6DFF880B05846A7
:10E520001DB0BDE8F08FDFF878B0C2E6DFF874B058
:10E53000D4E6DFF874B0D1E6DFF870B0CEE6DFF8ED
:10E5400070B0CBE65046402101F0F6F91BE71023EE
:10E55000039368E704F1300318461021039301F098
:10E56000EBF9039B1022194609A800F0ABFD002827
:10E57000E5D1D4F8D43043F48033C4F8D43047E73D
:10E58000E8A50020CDAB2301786B04000001010059
:10E59000606B04000E0CF000210CF000270CF00062
:10E5A000000CF000080CF000040CF000070CF00068
:10E5B000360CF00070B5002849D00D46002943D034
:10E5C000244E04464FF0FF31306801F0D5F990BB7E
:10E5D000002001F021FA50BB20462A460121FFF716
:10E5E000BBFD0446012001F017FAB8B9306801F00C
:10E5F000DDF950B9012001F00FFA08B9204670BDCD
:10E60000154801F067F9204670BD144801F062F921
:10E61000012001F001FA0028F0D0F1E70E4801F0E6
:10E6200059F9306801F0C2F90028E3D0EDE70C4851
:10E6300001F050F9D0E70B4801F04CF9002001F04F
:10E64000EBF90028C8D0F2E7074C204670BD074C14
:10E65000204670BDF8A50020B06B0400786B040064
:10E66000906B0400606B0400200CF000250CF0009F
:10E6700000284CD0F0B50D4689B0002938D00446AA
:10E68000E42101F059F901A9204601F013F810B175
:10E69000204809B0F0BD204F4FF0FF31386801F03D
:10E6A0006BF980BB002001F0B7F940BB01A92A46F5
:10E6B000204600F063FB0646012001F0ADF9D0B919
:10E6C000386801F073F978B9002EE1D12046E421D1
:10E6D00001F032F929462046FFF76CFF0F4B002866
:10E6E00018BF184609B0F0BD0D4801F0F3F8EBE78C
:10E6F0000C4809B0F0BD0C4801F0ECF8E0E70B481D
:10E7000001F0E8F8D2E70A4801F0E4F8CAE709485E
:10E71000704700BF110CF000F8A50020120CF000AB
:10E72000786B0400200CF000B06B0400906B0400C8
:10E73000606B0400250CF00030B4029D4DB1064D15
:10E74000941EAC4202D830BCFFF724BC034830BC56
:10E750007047034830BC7047FDFF0700310CF000E4
:10E76000300CF00038B504464FF4806001F040F9F9
:10E77000054D06480649074A00232B6003600B68D5
:10E780002360136038BD00BFC8B102502CB10250E5
:10E7900004B1025008B102500138072805D8DFE85B
:10E7A00000F00A0E041204040406094870478B693D
:10E7B0008B6000207047CB688B60002070470B692E
:10E7C0008B60002070474B698B600020704700BF52
:10E7D000310CF1000B6802E0082B0B6006D8426890
:10E7E00013424FEA4303F7D00020704700487047B8
:10E7F000310CF100084B094A002119601368002B05
:10E80000FCD107480749084A03604FF480604FF085
:10E81000FF330860136070472CB1025010B90250EA
:10E82000C4B1025008BA025008B10250012BF8B529
:10E8300016461CD010221D460C4601F05FF8E0B1D0
:10E84000AF1E314604EB0710102201F057F8A0B1BB
:10E85000022D0ADD0025204610342146102201F049
:10E860004DF8013548B1BD42F5D10020F8BD114643
:10E87000102201F043F80028F7D10148F8BD00BF8D
:10E88000020CF000002877D0F8B50C46002971D0B2
:10E890001D46002B6ED0064622B1012200232A60BD
:10E8A000C0F8D8302B68002B62D029462046FFF7ED
:10E8B00091FF00285BD128682146FFF76DFF0028F3
:10E8C00055D1364B3649374A01271F609C460F60A9
:10E8D000CCF80070A368136011688B42F8D1324FF6
:10E8E0003249334A334B4FF0000CC7F800C00427BD
:10E8F0000F600A2111606FF03A021A60079B012B2A
:10E900004FF080533AD0D3F8002C013243D0D3F8E3
:10E91000002C294BA3FB02321209A368274C28497B
:10E92000284F03FB02F303EB4303DB039B09236044
:10E93000254B2C680C601A60069A244C3A604FF400
:10E940008062226001224FF0FF3441F8C44C43F84A
:10E950000C2CD6F8D8302A6823F07F4343EA0263B0
:10E96000C6F8D8302A6843EA0223C6F8D830F8BD82
:10E970001748F8BD1748F8BD16487047D3F80C2C57
:10E98000013206D0D3F80C2C0B4BA3FB0232FA4019
:10E99000C3E71622C1E70622BFE700BFC4B1025099
:10E9A00040B1025030B102502CB102500CB10250B3
:10E9B00038B1025000B10250ABAAAAAAD8B1025095
:10E9C000CCB10250D0B10250D4B1025008BA0250BA
:10E9D000310CF100350CF100F0B4C900002401F154
:10E9E000FF3C2646274606E09F4216D00126654595
:10E9F00019D82C461F46630904F01F0150F8233034
:10EA00001F2923FA01F304F1010518BF03F00103E4
:10EA1000002CE9D101263546EBE701369642E6D1D6
:10EA20000248F0BC70470020F0BC7047360CF10083
:10EA3000002861D02DE9F0414C1EB4F5047F27D2A7
:10EA400033B32AB3CD00012B05F1FF3E30D00021B6
:10EA50008C460F460E4603F1FF384C0901F01F05A6
:10EA600050F824401F2D24FA05F418BF04F00104C7
:10EA700021B90126B44631462746EEE7B34213D00A
:10EA8000A74201D10CF1010C464504D1624502D2E6
:10EA90001A48BDE8F0813C4601318E4506F1010679
:10EAA000EAD20020BDE8F08100264FF0010CF3E728
:10EAB0000026B44637463446610904F01F0350F877
:10EAC00021101F2B21FA03F118BF01F001013CB105
:10EAD0005FB98C4501D0614608E00136614605E02A
:10EAE000012634468C460127E6E73E46B242CFD3A4
:10EAF0000134AC42F6D1D4E700487047370CF1003E
:10EB00002DE9F04F89B01D46149BDDF84CA004465A
:10EB10000E4617464BB94FF08053D3F8002C013204
:10EB200000F0A980D3F800BC08E04FF08053D3F880
:10EB30000C2C013200F0A280D3F80CBC7C480AF502
:10EB4000C1622A60129A00234FF0FF31136000F077
:10EB500013FF002840F08680764A774B7749106093
:10EB60000432196013680693069BD907FAD5714AD7
:10EB7000714B002111601B680793043213680793DF
:10EB8000079BDB07FAD56C4B6D4A1B680793DDF8D2
:10EB90001C9013680793079BD807FAD5644800F0C8
:10EBA00005FF00285AD1654B994540F0B680D4F84E
:10EBB000D43013F400790ED1D90512D52B68129AEE
:10EBC0001B6813603BB1D4F8D4309B055BD5484635
:10EBD00009B0BDE8F08FDFF87C91484609B0BDE888
:10EBE000F08F002F00F08780564A574B1168B268AB
:10EBF0001B689A4245D10A2943D194F8DB3005932A
:10EC00000AF5C26A042500274FF0805804A8FFF7D0
:10EC1000A9FD0498820602D510F01A0039D0D4F864
:10EC2000D810059A0B0A03F47F030B4323F07F43AC
:10EC3000082AC4F8D83077D0149B4FEA420CCDE9AB
:10EC40000073002205AB31462046CDF814C0FFF713
:10EC500019FE00285FD1013DD8D1B4E73B4800F050
:10EC600039FEA0E73A48DFF8F09000F033FE48465E
:10EC700009B0BDE8F08F4FF0900B5FE74FF4047BD5
:10EC80005CE7DFF8D890FFF7B5FD484609B0BDE86E
:10EC9000F08F129B5246C3F800B0594600F03CFD7D
:10ECA000002838D1D8F8043C129A013318BFD8F89C
:10ECB000043C116808BF51230293D8F8083C013383
:10ECC0002ED0D8F8083C03934B1EB3F5047F0FD227
:10ECD000029A02915046FFF77FFE48B90299039AC3
:10ECE0004FF480635046FFF7A3FE00283FF46BAF5C
:10ECF000129B1F6093E723F00F03C4F8D430149BDA
:10ED00000122CDE90093314605AB2046FFF7BAFD5D
:10ED100000283FF475AF814655E7DFF83C9056E791
:10ED200040F237330393CFE7DFF834904BE700BF6F
:10ED300000A6002004BF025000BF025012FA12FACF
:10ED400008BF025038B1025030B10250786B040055
:10ED5000606B0400330CF000350CF000300CF10057
:10ED6000320CF10030B4DDE90234049D0294002439
:10ED7000CDE9035430BCFFF7C3BE00BF10B586B069
:10ED800005AB0124CDE901240093002204ABFFF779
:10ED9000B7FE06B010BD00BFF0B4441831B114F88E
:10EDA000015D4E1E15B931460029F8D1D41833B192
:10EDB00014F8015D5E1E45B93346002BF8D10D1ED7
:10EDC00018BF01252846F0BC70478B4222D325D8B6
:10EDD0004C1EA64228BF2646002E23DB013694197E
:10EDE0000025821904E0012D38BF012590420BD087
:10EDF00012F8016D14F8017DB742F4D3F6D9002D55
:10EE000008BF02259042F3D18B4218BF0025284647
:10EE1000F0BC704701252846F0BC70470225284603
:10EE2000F0BC70470025EFE79942F0B50DD801EB33
:10EE300003044FEA540467D3002C7DD04FF0000C3C
:10EE4000171F2146051F624632E003F1804C0CF18A
:10EE5000FF3C051F002600EB8C0C05EB810E3446B1
:10EE60005CF8047FE64546EA0706F9D116F1FF375C
:10EE700044F1FF3C6FEA0C0C99420CF0010C3ED2BD
:10EE800001F1804E0EF1FF3E171F02EB8E0507EBDE
:10EE9000830355F8042FAB4246EA0206F9D116F176
:10EEA000FF3644F1FF32D24302F0010291B3051F55
:10EEB000002305EB810E28463C46194650F8046FA6
:10EEC00054F8045FAE4218BF002103F0010318BFDD
:10EED000002388BF41F0010138BF43F0010386459C
:10EEE000ECD1A9B182F00100BCF1000F00D10840C3
:10EEF0008CF0010402B91C4000EB4400F0BDC3B12A
:10EF0000171F19460022D3E700263446B446B7E758
:10EF1000002BE7D1BCF1000F03D132B1604614469B
:10EF2000EAE782F001000023E2E7104613461446A8
:10EF3000E1E760461C46DEE720462346DBE700BFEC
:10EF40004218084630B112F8013D411E1BB908466F
:10EF50000028F8D170471A064FEAC00018D45906A5
:10EF600000F1FF3215D49906A0F1020211D4D9069E
:10EF7000A0F103020DD41907A0F1040209D4590726
:10EF8000A0F1050205D49B07A0F1060201D40738C1
:10EF900070471046704700BFA1B100EB810001E04F
:10EFA00001390FD050F8043D002BF9D04801A0F1F1
:10EFB000200202E00138904206D0002B4FEA4303C2
:10EFC000F8DA704708467047704700BF78B3032AE5
:10EFD00070B50E461546044601D9052A1CD1012EEE
:10EFE00018D8ABB9022D19D0052D17D04C212046C9
:10EFF00000F0A2FC052D88BF4FF0FF3213D900208E
:10F000000123C4E90826C4E90B00C4E90D3370BD2F
:10F01000094870BD094870BD094870BD56B94C21FA
:10F02000204600F089FC074B53F82520E7E74FF412
:10F0300070007047044870BD0E00F0000600F0003C
:10F040000200F000406C04001200F000C8B110B5DE
:10F050000C4682B18CB9082B0DD15368102B0ED100
:10F06000136843B101238362D2E90012103000F02B
:10F070005DFC204610BD044810BD044810BD044886
:10F0800010BD4FF4700070470400F0000500F00060
:10F090000300F00070B108B5036A013B022B05D8EC
:10F0A00031B1102200F042FC002008BD034808BD29
:10F0B000034808BD4FF47000704700BF0200F00025
:10F0C0000100F00038B349B31AB338B512F00F0598
:10F0D0001BD1046A24F00404032C01D003B31D46A1
:10F0E00013462A4601F022FE58B1A0F5710005280A
:10F0F00018D8052816D8DFE800F005030A0303082E
:10F100000A4838BD4FF4700038BD094838BD094879
:10F1100038BD074870474FF4700070470648704785
:10F12000064838BD4FF4750038BD00BF0200F0003E
:10F130000A00F0000600F0000800F0000900F000EE
:10F14000F8B5079F48B30E460546002A35D09942C8
:10F1500039D8002F41D02B6A23F0040103290699E6
:10F160001FD0002932D03968B14233D3300703D0E1
:10F17000012B1CD8EB6A23B311463346069A284666
:10F1800001F0E0FE044660B3A0F57104052C37D809
:10F19000DFE804F00310251010174FF47004204628
:10F1A000F8BDA9B139680F2914D93107E4D0032B70
:10F1B000E2D1DFE7144C2046F8BD0029C9D0134C3A
:10F1C000EDE7134CEBE7134C2046F8BD002ED3D0EF
:10F1D000114CE4E7114C2046F8BD114CDFE7114C0F
:10F1E000DDE72B6A23F00403032B01D03E60D6E752
:10F1F00006982946102200F099FB10233B60CEE7C9
:10F200004FF47504CBE700BF0200F0000800F000E7
:10F210000A00F0000C00F0000900F0000D00F00002
:10F220001100F0000600F0002DE9F84F1E460A9B81
:10F23000002B6AD00D4600296FD0044600287DD0EF
:10F24000022E5ED816B10B9B002B79D0D4F8B87281
:10F25000B7F5107F4CD8D4F8BC127B1C994247D824
:10F2600095F80090B9F1070F53D8B9F1050F50D0B8
:10F2700009F006030737022B4FEAD7073CD07B0083
:10F28000013393423BD10A9807F1030B4FF45D71B0
:10F2900000F1040A2BF0030800F04EFB41465046F3
:10F2A0003B466A1C00F002FC002838D14FEA9B0B59
:10F2B0005B46594622465046FFF7B6FD022855D117
:10F2C00019F0040F3ED10A9B214603F194004FF43C
:10F2D000377200F02BFB4946504600F06DFC0446A7
:10F2E000002845D1022E45D00A9A264B13601CE017
:10F2F000254C2046BDE8F88F7B1C9342C3D0234C9D
:10F30000F7E7234C2046BDE8F88F224C2046BDE8A5
:10F31000F88F214C2046BDE8F88F204CE9E7204CBF
:10F320000A984FF45D7100F007FB0B9B002BE0D0B7
:10F330004FF46371184600F0FFFADAE7194CD8E78A
:10F34000194CD6E70A9B7A1C4C334146184698461E
:10F350002A443B4600F0AAFB0028E0D140465B4629
:10F3600059462246FFF760FD0228ACD00C4CC0E79E
:10F370000E4CD5E70B99504600F0FCFC0028B3D0AA
:10F380000446CDE7010000EC9508F0000F08F000FE
:10F390001108F0000E08F0000708F0000D08F0005A
:10F3A0001008F0000208F0001208F0003008F00029
:10F3B0002DE9F04383B0019300283DD01646002A82
:10F3C00067D002681F46354B9A4204461BD18FB363
:10F3D000052914D0072912D8D0F84C33C56C21F078
:10F3E000020203F10709042A03F11F034FEAD909B6
:10F3F0004FEA531305F0010522D0022907D028480F
:10F4000003B0BDE8F083274803B0BDE8F0833A6855
:10F4100009F1010842453ED3304645F0020500F8A7
:10F42000015B9B00221D494600F096FB48BBC7F8D4
:10F430000080E5E71C48E3E71C4803B0BDE8F08323
:10F440003A684FEA490808F10108424523D30429E4
:10F4500030460CBF0D4645F006059B0000F8015BE9
:10F46000221D4946019300F077FB50B909F10100D4
:10F47000019B04F14C023044494600F06DFB00282A
:10F48000D5D03046396800F057FA002308483B6071
:10F49000B6E70848B4E70848B2E700BF010000EC4F
:10F4A0001508F0001A08F0001708F0001408F00022
:10F4B0001B08F0001608F0001808F0002DE9F047CE
:10F4C00082B0DDE90A98002A5CD01D46002B5ED090
:10F4D000B9F1000F5DD0B8F1000F5CD007460028ED
:10F4E0005BD08A46002948D0144618464FF44C7128
:10F4F00000F022FA4FF45D71484600F01DFAD4F88E
:10F50000BC621F367609B200013E04F1D8014046C4
:10F5100005EB860600F00AFA002373602B1DD4F871
:10F52000BC220093514638464346FFF705F906468C
:10F53000C8B128464FF44C7100F0FEF948464FF42C
:10F540005D7100F0F9F90C9B23B140F66811184683
:10F5500000F0F2F940464FF4537100F0EDF93046F7
:10F5600002B0BDE8F087204643464A46294602F0ED
:10F570006DFE06460028E6D0DBE7094E304602B0B5
:10F58000BDE8F087074E304602B0BDE8F087064E72
:10F59000E5E7064EE3E7064EE1E7064EDFE700BF8C
:10F5A0009008F0000208F0000308F0000408F000E2
:10F5B0000508F0009108F0002DE9F041002940D045
:10F5C00016461F460A682B4B9A420C4631D1054617
:10F5D00000283AD00268013B9A422ED1002E45D035
:10F5E000002F45D0069BB3B300F194014FF437725E
:10F5F00004F1500000F082F90435211D68BBD4F8F5
:10F6000008333A680733B2EBD30F4FEAD3081ED35F
:10F61000069B2846324600F0DDFB0446F8B9C7F8E1
:10F62000008006984FF4537100F086F92046BDE83B
:10F63000F081114C2046BDE8F081104C2046BDE819
:10F64000F0810F4C2046BDE8F0810E4CF2E70E4CE5
:10F65000C7F80080EEE70D4CECE70D4CEAE739689F
:10F66000304600F069F900233B60DAE7094CE1E736
:10F67000094CDFE7020000EC3408F0003208F0002B
:10F680003308F0003108F0003808F0003708F000C7
:10F690003A08F0003508F0003608F0000B2804D8CE
:10F6A000034B53F8203003B118470020704700BFC8
:10F6B000B46D040030B5042285B00123C0F8D02019
:10F6C0000B6068460023CDE90033CDE902330C46D8
:10F6D00000F04EF80546C8B9DDE90030DDE9021258
:10F6E000E360003BC4E9040118BF0123A26108B133
:10F6F00043F0020309B143F004030AB143F00803E5
:10F70000002228466360A26005B030BD014800F0C9
:10F71000E1F8E1E7586C040030B585B004460D46C9
:10F72000104803924FF0FF3100F026F9039A68B9B0
:10F73000204600950123002101F0E6FF0446094818
:10F7400000F034F938B9204605B030BD064800F065
:10F75000C1F8039AECE7054800F0BCF8204605B074
:10F7600030BD00BF00A60020606B0400786B040071
:10F7700000234FF4FA714FF47A72C0E900228160DD
:10F78000C3601846704700BF10B500F031F8A0B94B
:10F7900000F01EF920B1032400F070F8204610BDDF
:10F7A00000F03AF9034680B90D4A1268120EF02AA9
:10F7B00006D0052400F00EF9EEE70424204610BD23
:10F7C0000849094A0968914201D00624F2E7074A2C
:10F7D0000120136000F020F904460028DED0E8E79D
:10F7E00028B9025024BA02500000E0200CBA02509E
:10F7F00008B5184800F0A4F898B9174800F0A0F828
:10F80000B8B9164800F09CF8D8B9154B124A1548FB
:10F810001A6000F095F8C0B9134B124A1A60002024
:10F8200008BD124800F056F80B4800F089F800288F
:10F83000E7D00F4800F04EF8084800F081F80028A3
:10F84000E3D00C4800F046F8DFE70B4800F042F840
:10F85000E2E700BF00A60020F0A50020FCA50020E4
:10F86000F8A50020F4A50020E8A50020886C04007D
:10F87000A46C0400C06C0400E06C040008B500F047
:10F880003BF80F4800F06AF804210D4800F054F8E6
:10F890000C4800F063F80B48042100F04DF80A48CA
:10F8A00000F05CF840B9094800F058F8BDE808409D
:10F8B0000648042100F040B8054800F00BF8F2E7D4
:10F8C00000A60020F0A50020FCA50020F4A5002043
:10F8D000C06C0400BFF34F8F0549064BCA6802F4A1
:10F8E000E0621343CB60BFF34F8F00BFFDE700BF63
:10F8F00000ED00E00400FA05704700BFA2B1013A34
:10F9000030B401398518421E002012F8013F11F869
:10F91000014F954283EA040340EA0300F5D1003821
:10F9200018BF012030BC70471046704703F023BC5D
:10F9300003F02CBC03F043BC0A46002103F03FBC9B
:10F9400010B5044610B10020206010BD0248FFF73A
:10F95000C1FF0020206010BD006D040010B50446FA
:10F9600010B10020206010BD0248FFF7B3FF002057
:10F97000206010BD006D040010B5044680B1012365
:10F98000BFF35B8F54E8002F44E800310029F9D120
:10F99000BFF35B8F012AF3D0BFF35F8F002010BD50
:10F9A0000148FFF797FFEAE7246D040010B504460D
:10F9B00020B1BFF35F8F0020206010BD0348FFF728
:10F9C00089FFBFF35F8F0020206010BD446D0400ED
:10F9D0000020704700207047014B1860704700BF3F
:10F9E00008BA0250014B1860704700BF04BA0250B9
:10F9F00010B5044630B1054B18680442FCD0044BE6
:10FA00001C6010BD0348FFF765FFF4E700BA025021
:10FA100008BA0250646D040010B54FF0FF3104467F
:10FA20001748FFF7A9FFE8B9164A54B11368A3B104
:10FA3000012B18D0013B1360BDE810401048FFF7C0
:10FA4000B5BF106838B9104B10490124C3F8004500
:10FA50000B68002BFCD101301060BDE81040084855
:10FA6000FFF7A4BF10BD09490B68002BFCD1064865
:10FA70000749C0F800356FF07E430B601368D9E783
:10FA8000FCA50020E8A0002000A0025010B9025000
:10FA900004BA02503AB10A44013812F8013D00F8A4
:10FAA000013F8A42F9D10020704700BF002A48D0A8
:10FAB0002DE9F0410446002845D015465A1E05326E
:10FAC00034D811F0030631D18B422FD8CF1C27F048
:10FAD00003028A4232D8A2EB030840441A46294660
:10FAE000FFF726FF414620464FEA9708FFF724FF1D
:10FAF000B8F1010F1DD0FF0804EB87000438231F65
:10FB000004EB880553F8042F55F8041D12BA09BAFE
:10FB1000834219602A60F5D118F0010007D054F82B
:10FB200027301BBA44F82730002000E00748BDE822
:10FB3000F08123681BBA30462360F8E70448BDE82B
:10FB4000F081044870470348F1E700BF050DF0005D
:10FB5000090DF000040DF00030B40AB300B3DBB1BE
:10FB600013F0030518D18B4216D3A9B1904208D0E7
:10FB700002D91344984217D3904202D243189A42B2
:10FB800012D91144431E11F8014D03F8014F8A4266
:10FB9000F9D1284630BC7047044D284630BC704728
:10FBA000034D284630BC7047024DF6E7050DF000C6
:10FBB000040DF000060DF000F0B50446D0F848033F
:10FBC0008DB000F11F062023B6F5187F00937ED27A
:10FBD0000F46694601F0F0FB054610B128460DB00E
:10FBE000F0BD7609334604F19002012101F024FDB5
:10FBF00001210846052304F5127201F01DFD33466C
:10FC000022460121022001F017FD334604F1D802FB
:10FC10000121042001F010FD04F59072334601210A
:10FC2000052001F009FD424A13680193019BDB079F
:10FC3000FAD5404B40493E4A196013680293029B33
:10FC4000D807FAD53B4B3D49394A196013680393ED
:10FC5000039BD907FAD5374B3949354A19601368E0
:10FC60000493049BDB07FAD5324B364A1A6007F03F
:10FC70000603022B2FD004F1480233460121032052
:10FC800001F0DAFC2A4A13680593059BDC07FAD5D4
:10FC9000284B2D49264A196013680693069BD807FE
:10FCA000FAD5244B29492A4A196013680793079B00
:10FCB000D907FAD5274A284B126812F4805F08BF8B
:10FCC0001D46009801F062FC28460DB0F0BD234DA2
:10FCD00028460DB0F0BD01F069FE002826D01C4A70
:10FCE00013680893089BDB07FAD51D4B184A19685F
:10FCF00013680A930A9BD807FAD51A4A1A4B11605F
:10FD00001B680993099B5F40F90708D5343A1368CB
:10FD10000B930B9BDB07FAD5064B144A1A6031464E
:10FD200004F14800032201F05BFCCAE7104DC8E76C
:10FD3000B0B0025080B00250802108888041183154
:10FD4000806108880051183180310C88006810519A
:10FD5000B4B0025088B002501008F0000F08F00054
:10FD60000CB00250E4B00250DCB00250C0300029A8
:10FD70004021F00070B5D0E9D2421F3484B064094C
:10FD800000F148030D4601EB84061F3201EBC4016C
:10FD90000391009300F5B4710346CDE90156520971
:10FDA000903000F0D3FE70B930462146FFF7F4F8EA
:10FDB00030B921462846FFF7EFF808B904B070BD06
:10FDC000024804B070BD024804B070BD1008F000D5
:10FDD0003008F0002DE9F043D0E9D2451F3485B05A
:10FDE000640903EBC40E1E4603EB84071F3500F1C4
:10FDF00048030093CDE9027E034601969046903079
:10FE00006A0900F0A3FE054640B130464FF4537135
:10FE1000FFF792FD284605B0BDE8F083384621463D
:10FE2000FFF7BAF860B121463046FFF7B5F838B1B0
:10FE30004FEA84094A4640463146FFF72BFEE4E785
:10FE4000004DE2E72008F1002DE9F04F97B0DDE921
:10FE500020744FEA043E4EEA844E4EEA83149D4DD0
:10FE600044F0045C9C012E680096009EF607FAD5CB
:10FE7000229DDFF86482974EC8F800C0920142EAE2
:10FE8000834242EA053545F010454FEA834832681F
:10FE90000192019AD207FAD58F4ADFF838C215606D
:10FEA0004EEA811E4EF0104E8E01DCF800200292C8
:10FEB000029AD507F9D53D0345EA8745864A854F1D
:10FEC000C2F800E044EA050949F004593A6803928F
:10FED000039AD207FAD5804ADFF8F8E1C2F8009019
:10FEE00044EA033C48EA0C0747F004574FEA033A58
:10FEF000DEF800200492049AD207F9D5764ADFF89A
:10FF0000D4E117604CEA814949F010498F04DEF8CA
:10FF100000200592059AD207F9D56F4ADFF8B4E1BF
:10FF2000C2F8009045F0104545F48075DEF80020D9
:10FF30000692069AD207F9D5DFF89CE1674ADFF806
:10FF40009491CEF8005042EA80124FEA801ED9F810
:10FF500000500795079DED07F9D5DFF87CB1DFF874
:10FF600084915C4DCBF8002049EA00394FEA003B10
:10FF70002A680892089AD207FAD5574DC5F800901A
:10FF8000239A574D45EA8249524A12680992099AC2
:10FF9000D507F9D5504A4F4DC2F800904CF024597E
:10FFA00049F400192A680A920A9AD207FAD54A4DEA
:10FFB000484AC5F800904EEA030343F0484343F42F
:10FFC000821315680B950B9DED07FAD54EEA0B05CC
:10FFD000DFF804E13F4ACEF8003045EA080545F075
:10FFE000045513680C930C9BDB07FAD53A4B394A3E
:10FFF0001D604CEA804040F0045013680D930D9B47
:020000024000BC
:10000000DD07FAD5344BDFF8E0C0324A18604AEA1F
:100010000C0C13680E930E9BD807FAD52E4B2D4D62
:10002000C3F800C047EA013746EA070C4CF0045019
:100030000A032B680F930F9BDB07FAD5264B254D40
:1000400018604CF0104C2B681093109BDB07FAD50E
:10005000214B204DC3F800C02B681193119BDB0787
:10006000FAD51D4B1B4D1860274347F004572B68EA
:100070001293129BDB07FAD5174B16481F60239B80
:1000800044EA080444EA033444F010440368139338
:10009000139BDD07FAD5104B0E481C60324342F02B
:1000A000245242F4101203681493149BDC07FAD50F
:1000B000094B08481A600E4346F0484646F4A2161B
:1000C00003681593159BDB07FAD5034B1E6017B029
:1000D000BDE8F08FB0B0025080B002500040102157
:1000E0000041002100011021400128292DE9F04F95
:1000F0009FB0AF4F2D9D289E2C0344EA854C4CEABF
:10010000831C4FEA854E01944CF0104C9D013C68D5
:100110000494049CE407FAD54FEA801BA54F4BEAF0
:10012000033848EA8646DFF88882C7F800C046F000
:1001300010461F03D8F800400594059CE407F9D544
:10014000DFF87082DFF868C24BEA00340294C8F826
:10015000006044F0245848F40018DCF8004006948D
:10016000069CE607F9D5DFF84C92914EC9F800805D
:1001700045EA070C4EEA0C0E4EF0104E3468079418
:10018000079CE407FAD5299CDFF82892DFF8208243
:10019000C9F800E047EA811646EA84468C0146F039
:1001A00010460094D8F800400894089CE407F9D55C
:1001B000009CDFF80082DFF8F891C8F8006044EA9C
:1001C000013E4EF0245848F40018D9F80040099434
:1001D000099CE607F9D52A9CDFF8D891744EC9F836
:1001E00000804FEA043A4AEA844A2A9C4AEA050A0D
:1001F0004AF0104A4FEA844934680A940A9CE4079A
:10020000FAD52B9C47EA844606430396694E684C10
:10021000C6F800A0039E46F0484A4AF0C00A266885
:100220000B960B9EF607FAD5624C614EC4F800A0FF
:1002300049EA0C0A4AF0104A34680C940C9CE40712
:10024000FAD52C9C47EA84460E430396594E584CE7
:10025000C6F800A0039E2E4346F0484A26680D9635
:100260000D9EF607FAD5019C44EA8216514C46EAE7
:1002700009094F4EC4F800A049F010494FEA821A0C
:1002800034680E940E9CE407FAD54A4C484EC4F8E4
:1002900000904AEA824A4AF0104A4AF4405A4FEA29
:1002A000824934680F940F9CE407FAD5414E404CC4
:1002B000C6F800A026681096109EF607FAD53D4EA7
:1002C000DFF8F8A03A4CC6F800A026681196119EF7
:1002D000F607FAD5374EDFF8E8A0354CC6F800A08F
:1002E00026681296129EF607FAD5324EDFF8D4A091
:1002F0002F4CC6F800A04EF0104E4EF4402E26684B
:100300001396139EF607FAD52A4E2B4CC6F800E03A
:1003100044EA804E3036800434681494149CE40718
:10032000FAD547EA8347DFF88CA0214CCAF800E0F1
:100330004BEA070646F0484646F003064FEA834A72
:1003400023681593159BDB07FAD5DFF868E0184C96
:10035000CEF80060029B43F0045646F480162368F2
:100360001693169BDB07FAD5124CDFF844E02660A3
:10037000DEF800301793179BDC07F9D50D4CDFF83A
:1003800030E0266040F0045040F48240DEF8003057
:100390001893189BDB07F9D5009B054C4AEA01012D
:1003A0001943044B41F04841186041F480410BE08F
:1003B000B0B0025080B002500041009000310C906B
:1003C000C0400C90C030202923681993199BDE0788
:1003D000FAD5194B1948196003681A931A9BDC0760
:1003E000FAD5154B1549C3F8008049EA02322A4371
:1003F00042F010420B681B931B9BD807FAD50E4B9B
:100400000E491A602F4347F010470B681C931C9B42
:10041000DA07FAD5084B094A1F604CF0104141F445
:10042000301113681D931D9BDB07FAD5024B196031
:100430001FB0BDE8F08F00BF80B00250B0B00250D6
:100440002DE9F04F99B0DFF870C2269C239D270359
:1004500047EA844949F0104646F0800699464FEA3B
:10046000844EDCF800300193019BDC07F9D5914BF9
:10047000914C1E604FEA894949EA801949F01046BB
:1004800046F400564FEA801A23680293029BDB076A
:10049000FAD5884B884C1E604AEA003C4CF0245642
:1004A00046F4001623680393039BDB07FAD5814BC0
:1004B000814C1E604EF0104646F4025623680493A9
:1004C000049BDB07FAD5229B7B4C4FEA834E4EEA16
:1004D000811E784B4EF0104E1E604EF4005E8E0171
:1004E00023680593059BDB07FAD5724B724CC3F862
:1004F00000E046EA013949F0245B4BF4001B236815
:100500000693069BDB07FAD54FEA053E694B6A4C1A
:10051000C3F800B04EEA854E4EF0104E4EF0800EFD
:100520004FEA854823680793079BDD07FAD5249B8C
:10053000604C40EA834545F048455F4BC4F800E015
:1005400045F403551C680894089CE407FAD5594BF8
:10055000594C1D6048F0104545F402552368099335
:10056000099BDB07FAD5259BDFF848E1524CCEF812
:10057000005041EA834343F0484545F4025523685F
:100580000A930A9BDB07FAD547EA8217494B4A4C84
:100590001D6047EA080848F01047950123680B934F
:1005A0000B9BDB07FAD5434B434C1F6045EA824265
:1005B00042F0104242F4405223680C930C9BDD073A
:1005C000FAD53C4B3C4C1A6023680D930D9BDA071F
:1005D000FAD5384B394C384A1C6013680E930E9B81
:1005E000DB07FAD5334B364C334A1C6013680F9344
:1005F0000F9BDF07FAD52F4B324C1C602E4A49F077
:10060000104444F4402413681093109BDD07FAD57E
:10061000284B2D4D284A1C6045EA8045800413680C
:100620001193119BDC07FAD5224B284C224A1D60FE
:100630004AEA040413681293129BDB07FAD51D4B98
:100640001D4A1C604CF0045444F480141368139346
:10065000139BDF07FAD5174B174A1C6013681493D6
:10066000149BDD07FAD5134B134A1C6040F004506D
:1006700040F4824013681593159BDC07FAD50D4BA7
:100680000D4A18600E4346F0484646F404261368A7
:100690001693169BD907FAD5064B074A1E601368B6
:1006A0001793179BDB07FAD5024BC3F800B019B0BC
:1006B000BDE8F08F80B00250B0B0025000310C9015
:1006C000C0400C90C030202900410090032008C891
:1006D0002DE9F043974AABB013680993099BDF07F4
:1006E000FAD5954B9549934A196013680A930A9B6A
:1006F000DE07FAD5904B92498E4A196013680B9326
:100700000B9BDD07FAD58C4B8E498A4A196013681A
:100710000C930C9BDC07FAD5874B8B49854A1960F3
:1007200013680D930D9BD807FAD5834B8749814AEF
:10073000196013680E930E9BD907FAD57E4B844A35
:100740001A601B2000F030FD0446182000F02CFD3C
:100750008442784A09D913680F930F9E16F0010658
:10076000F9D0754B7B4A1A6009E013681093109B0F
:10077000DB07FAD5704B784A1A60044600266D4AAA
:1007800013681193119BDF07FAD56B4B7349694AC4
:10079000196013681293129BDD07FAD5664B704AF5
:1007A0001A601C201D2118220B238DE80F000F2337
:1007B0000E220D210C20FFF747FB01340C200D21E8
:1007C0000E220F238DE80F0024F0010413231222C0
:1007D00011211020FFF738FB0125A11E08AB07AA45
:1007E0001B20089500F02CFD022800F06A810328E8
:1007F00000F04081012800F0168100274D4A13685F
:100800001F931F9BDB07FAD54B4B5649494A19608A
:1008100013682093209BDD07FAD5474B5249454A80
:10082000196013682193219BD807FAD5424B4F4A90
:100830001A60043C39D44FF0170916254FF01A08F6
:1008400015211420CDE900011A231622CDE9025901
:10085000FFF7FAFA142003468DE82201162201F070
:100860007BFB08AB07AA21461B2000F0E9FC00EB4C
:1008700087000430072816D8DFE800F0A1A8A59D5E
:100880009995840412271122102315211420CDE9F3
:1008900004270393CDE90001029517231622FFF7E1
:1008A00025FC4FF0FF37023CCAD519201C21162227
:1008B00015231824CDE90121CDE9030400930E226C
:1008C00014230D210C20FFF7BBFD1A4A002F40F026
:1008D000818013682693269BDC07FAD5164B2449A2
:1008E000144A196013682793279BD807FAD5124832
:1008F000204B2149214C0F4A0460002E14BF1E4694
:100900000E4613682893289BD907FAD50A4B094A43
:100910001E6013682993299BDB07FAD5064B184AFA
:100920001A6018231D221C21012001F029FC2BB084
:10093000BDE8F083B0B0025080B002500002002148
:1009400000822021408220218082242140066E499D
:1009500000966929C0066649C006624900066241E0
:100960000016624940D62129C0D32029C01421296C
:10097000C05521294007564940075E4900075249A2
:1009800000065A490E270D220C2315211420CDE90B
:1009900004270393CDE90001029517231622FFF7E0
:1009A000A5FB00277FE718271D221C23EDE718274A
:1009B0001D221C2369E7182719221C23E5E71227AB
:1009C00013221023E1E70E270F22DDE70E270F2267
:1009D0000C235AE713682293229BD907FAD54C4B74
:1009E0004C494D4A196013682393239BDB07FAD5C2
:1009F00047484A4B4A494B4C474A0460002E14BFB3
:100A00001E460E4613682493249BDF07FAD5404BFD
:100A1000414A1E6013682593259BDD07FAD53C4BA0
:100A2000414A1A607DE73C4A13681393139BD80729
:100A3000FAD5374B3D49384A196013681493149B13
:100A4000D907FAD5324B3A49334A196013681593DE
:100A5000159BDB07FAD52E4B36492F4A19601368D0
:100A60001693169BDF07FAD5294B334A1A604FF0CD
:100A7000FF37C3E6284A13681B931B9BDF07FAD591
:100A8000234B2E49244A196013681C931C9BDD07D5
:100A9000FAD51F4B2A49204A196013681D931D9BE4
:100AA000D807FAD51A4B27491B4A196013681E93B9
:100AB0001E9BD907FAD5164B234A1A604FF0FF3711
:100AC0009CE6154A13681793179BDD07FAD5104B60
:100AD0001649114A196013681893189BD807FAD55C
:100AE0000B4B13490C4A196013681993199BD907CA
:100AF000FAD5074B0F49084A196013681A931A9BD5
:100B0000DB07FAD5024B0C4A1A60002776E600BFD5
:100B100080B00250C0D32029B0B0025040073649FF
:100B200040073E490007324900063A49000532496C
:100B30004005364980053A49C0053E49000542490D
:100B40004005464980054A49C0054E492DE9F04F08
:100B50000D4687B004461146284600929846FEF797
:100B60001BFAD4F8BC32009904F1D80A1F330646A8
:100B70005B0952462846FEF757F9002E70D001282F
:100B80006ED0D4E9AEB0394B584593F91A2093F999
:100B90001CC000924FF0200793F91B2093F91D30E1
:100BA000059738BF584605A90192CDF808C00393B0
:100BB00000F002FC074618B1384607B0BDE8F08FD8
:100BC0002B490BF11F094FEA59194B46C1F800B0E8
:100BD0002246012100F030FD0121084604F5DC72B7
:100BE000052300F029FD4B4604F1480201210B20AA
:100BF00000F022FDD4F8BC329DF808409DF80000BA
:100C00001F3352465B099DF80CA0012100F014FD32
:100C100042464B462046012100F00EFD109A4B46FD
:100C20005046012100F008FD06F11F035B099DF805
:100C300004002A46012100F0FFFCFFF749FD11984E
:100C40002246494600F0CCFC12985246494600F034
:100C5000C7FC059800F09AFC384607B0BDE8F08F55
:100C6000044F384607B0BDE8F08F00BF946D040014
:100C700090B002503008F10038B5224B224A0121D1
:100C8000054619601368002BFCD1204A1368002B1D
:100C9000FCD11F4A1368002BFCD11E4A1368002B9D
:100CA000FCD11D4B1C68002CFCD14FF0FF30FEF72F
:100CB00093FE2B6A23F00403032B184B18680CBF18
:100CC00020F0400020F08000FEF78CFE144B002244
:100CD0001A602B6A23F00402032A18BF6C6A114AB7
:100CE0004FEA830318BF04F0010403F01C031C4304
:100CF00014602B6A072B02D10B4B01221A600020D3
:100D000038BD00BF00B9025070B4025020BD02507F
:100D100020BC025038BD025038BC025004BA025008
:100D2000BCB40250C0B402507CB40250002800F0A1
:100D3000BF80F8B51D46436B0E4617460446002B90
:100D400035D0012B02D1B5F5803F33D265484FF045
:100D5000FF31FEF711FE002857D10020FEF75CFEA0
:100D600000284ED1604B01221A60236A032B28DC35
:100D7000002B28DA5D4A1368002BFCD15A4A136015
:100D8000236A23F00403032B594B18680CBF40F06F
:100D9000400040F08000FEF725FE0120FEF73CFEFB
:100DA000002836D14F48FEF701FE28B9F8BDB5F549
:100DB000805FCBD34F48F8BD4F48FEF78BFD002036
:100DC000F8BD072BD6D1636A012BD3D8636B012BF7
:100DD000D0D8A36B012BCDD82046FFF74DFF0028BC
:100DE000C8D1A36A012B6CD033F0020263D0236A0E
:100DF0005A1E062A1BD8DFE802F0104B101A1A1AE6
:100E000010003E48FEF766FDACE73D48FEF762FD88
:100E1000A3E73C48FEF75EFDC4E73B4B22681A603F
:100E200062685A60A2689A60E268DA60236A23F016
:100E30000403032B31D0A36B012B4CD0334A344B2A
:100E4000176020201D60636B012B2CD0314A324B80
:100E500016601D60FEF7CCFD244A1368002BFCD100
:100E6000236A013B062B10D8DFE803F00414040FBB
:100E70000F0F0400244A294B126822601A6862602E
:100E80005A68A26008331B68E3600123236371E79B
:100E9000234BC3E7224A234BEEE7636B012B01D0C0
:100EA0001020D3E74020204A204B16601D60D1E778
:100EB0004FF4710070471E491E4A0B6001231360F6
:100EC00095E71D4B22691A6062695A60A2699A60AF
:100ED000E269DA608BE7194A194B176080201D60C0
:100EE000B1E700BF00A6002010B8025010B90250B0
:100EF00004BA02500500F100786B0400906B040006
:100F0000606B0400B06B040040B4025030BD02506E
:100F100034BD025030BC025034BC025044B40250C4
:100F200060B4025064B4025028BC02502CBC025081
:100F300038BA025078B4025000B4025028BD0250B2
:100F40002CBD02502DE9F041002800F081801D46A3
:100F5000036A072B0F46044616D055B9032B0FD151
:100F6000036B6BB9C0E90F55C0E9115500F13C079F
:100F700010252B4639462046BDE8F041FFF7D6BE86
:100F80002E463046BDE8F081436B002B37D1B5F5D6
:100F9000805F39D215B9236B002B35D167484FF0EC
:100FA000FF31FEF7E9FC002840F097800020FEF7B3
:100FB00033FD002840F09980614B01221A60236ABA
:100FC000032B23DC002B23DA5E4E5F4A1368002BD1
:100FD000FCD15B495D4A0B60106840F04000FEF7B1
:100FE00001FD0120FEF718FD00287AD15348FEF7D5
:100FF000DDFC0028C5D05648FEF76CFCC1E7012B8C
:10100000C8D1B5F5803FC5D3524EBAE7072BDBD127
:10101000636A012B78D8636B012B57D8A36B012B24
:1010200000F284802046FFF727FE06460028CCD138
:10103000A36A012B6AD033F0020271D0236A013B0C
:10104000062B13D8DFE803F0094409121212090035
:101050004FF471063046BDE8F0813F4B22681A60BC
:1010600062685A60A2689A60E268DA603B493C4A6A
:1010700001230B601560002D3BD1226B0AB9394A60
:101080001360314B1E68002EFCD1236A013B062BF6
:101090009BD801A252F823F0B5100400D51004002B
:1010A000B5100400CB0F0400CB0F0400CB0F0400DD
:1010B000B5100400284A2C4B126822601A6862603E
:1010C0005A68A26008331B68E3607EE7274E7CE71E
:1010D000274BC3E7264A274BEEE72748FEF7FAFBE4
:1010E00064E72648FEF7F6FB80E72548FEF7F2FBAB
:1010F00062E7636B012B1BD0224A234B1760102041
:101100001D60FEF775FCBCE7204E5EE7204B2269B0
:101110001A6062695A60A2699A60E269DA608DE7D2
:101120001C491D4A0B600123136087E71B4E4CE7E7
:101130001B4A1C4B176040201D60E2E700A6002000
:1011400010B802500100F10010B9025004BA025068
:10115000786B04000500F10040B402507CB40250EA
:10116000BCB4025024B5025044B402500300F10054
:1011700060B4025064B40250606B0400B06B0400B1
:10118000906B040030BC025034BC02500200F100ED
:1011900000B4025038BA025078B402500400F10092
:1011A00028BC02502CBC025030B4214A84B01368D1
:1011B0000093009BDC07FAD500F1A05303F52C4304
:1011C0009B001B4A186813680193019BD907FAD545
:1011D000184B1A6812F11F0348BF02F13E035B115E
:1011E000591E0FD4124A144D144C13680393039BD9
:1011F000DB07FAD50B182B6023680293029B2BB9EF
:101200000139F2D2580104B030BC704701314801B5
:10121000A0F120014FF0004202E001388142F2D0FB
:1012200013424FEA5202F8D004B030BC704700BFFE
:10123000B4B00250ACB00250E4B00250DCB0025086
:1012400070B41C6885B001F01F0644B91E2E06D08C
:101250001068F04000F0030005B070BC70470F4DFF
:101260002C680194019CE407FAD500F1A05404F520
:101270002C44A400094D20682C680394039CE407C7
:10128000FAD5074C00EB6111064821600168029114
:101290000299116000211960DAE700BFB4B0025072
:1012A000E4B00250DCB00250A0F12003B3F5426F6D
:1012B00061D8F0B48F2882B053D900F11F035B09C5
:1012C0005B013F339B09013311B18B4255D80B466B
:1012D000DC004FF48051B1FBF4F1202928BF20211C
:1012E00002B11160264C274D0126002226600239EA
:1012F000144603FA06F640F6FC778C4204F101042A
:10130000B6BF2A602F6092191E2C05F10405F4D196
:101310001D4C1E4D226032442A6000F13F011C4AE0
:101320001C4DDFF890C0E56021F03F0110604031B6
:10133000194F1A4E1A4D1B48CCF800109B011A4940
:101340003B6033602B60E3620360D3610A68019203
:10135000019AD207FAD5154A0020136002B0F0BCFA
:10136000704700F1470400F16603E4064FEA5313A7
:10137000A6D00133A4E70E4870470D48EEE700BF42
:101380001CB8025000B0025078B002507CB002503D
:1013900090B0025020F80F0098B002509CB002505C
:1013A000A0B00250A8B00250B4B00250ACB002508D
:1013B0002221F00094B0025038B504460D46194879
:1013C0004FF0FF31FEF7D8FA60B90020FEF724FB9A
:1013D00080B920462A460021FFF766FF0446A0B9DF
:1013E000204638BD1048FEF775FA0020FEF714FBC2
:1013F0000028EED00D48FEF76DFA20462A4600215F
:10140000FFF752FF04460028EAD00120FEF704FB54
:1014100020B90448FEF7CAFA204638BD0448FEF752
:1014200059FAF6E7F0A50020606B0400906B040009
:10143000B06B04002DE9F0434E4C89B02368019352
:10144000019BDD07FAD54C4B13449B000A181D681D
:101450001E2A05F11F0588BF1E224FEA551502FB03
:1014600005F288BFC0F11E01B2F5806F04D94FF4B8
:101470008061B1FBF5F1091A002976DD00F1A05079
:1014800000F52C4005F1010E4FF0000C394ADFF851
:10149000F4803A4C87002EF00106604613680293F0
:1014A000029BDB07FAD5D7F8009013680393039BE0
:1014B000DB07FAD5C8F80090002355B101339D42EF
:1014C0002060FBD1AE4204D92B4601339E422060FE
:1014D000FBD10CF1010C614507F10407DED1254A6F
:1014E00013680493049BDC07FAD5254B214A19683D
:1014F00013680593059BD807FAD5224B19607DB177
:1015000000231E491A4601339D420A60FBD1AE42B8
:1015100006D91A492B46002201339E420A60FBD1AC
:10152000144A13680693069BD907FAD5164B114A3D
:10153000196813680793079BDB07FAD5114B1960ED
:1015400035B100230D491A4601339D420A60FBD193
:10155000AE4207D9094A002301E00EF1010E76459B
:101560001360FAD109B0BDE8F08305F1010E2EF049
:101570000106B4E7B4B0025024AC0014D8B0025055
:101580007CB00250D4B0025078B0025008B558B9BF
:101590000F4B00221A600120FEF73EFA98B90D4861
:1015A000FEF704FA50B908BD202801464FF00702A3
:1015B00028BF20210020FFF73DFFE9E7BDE80840F4
:1015C0000548FEF787B90548FEF784F9E7E700BF4D
:1015D0001CB80250F0A50020786B0400B06B04002A
:1015E00010B4124C85B023680193019BDB07FAD538
:1015F00002F1A05202F52C4293000C4A1C681368B9
:101600000393039BDB07FAD5094B1C6051B10438E7
:10161000084A00EB810113680293029B40F8043FE3
:101620008842F8D105B05DF8044B7047B4B0025061
:10163000E4B00250DCB0025070B42F4D85B02C687D
:101640000094009CE407FAD500F1A05000F52C406E
:101650008000294C0568206801900198C607FAD5DA
:101660002648012605609BB1043A254E02EB83040F
:1016700052F8040F3060A242FAD15E1C26F001023B
:10168000934205D21E4C0020013393422060FBD1CF
:10169000194A26F0010013680293029BDC07FAD571
:1016A000184B0B449B001B681F33B0EB531F4FEAD2
:1016B00053121DD210490B680393039BDB07FAD525
:1016C0000E4B0544121A1D6012D000230C48194617
:1016D000013393420160FBD15A1C22F0010199426F
:1016E00006D90748002300E001328A420360FBD19B
:1016F00005B070BC704700BFB4B00250D4B0025007
:10170000D8B0025024AC0014F8B5069E002E33D099
:1017100001292FD8012B31D81C4C074600251C4825
:1017200025600468002CFCD11A4D2C68002CFCD1DB
:10173000194D2C68002CFCD1184D2C68002CFCD1C4
:10174000174D2C68002CFCD1012B19D01548164BD5
:10175000026020201E6001290BBF144B144B154A58
:10176000154A17601E60FEF743F9144B18680028ED
:10177000FCD1F8BD1248F8BD1248F8BD1248F8BDBA
:101780001248134B026080201E60E4E700B902504B
:1017900070B4025020BD025020BC025038BD02502F
:1017A00038BC025030BD025034BD02502CBC025037
:1017B00034BC025028BC025030BC025010B9025058
:1017C0000200F4000100F4000300F40028BD025000
:1017D0002CBD02502DE9F043644A93B01368009386
:1017E000009BD907FAD5624B6249634A19601368B6
:1017F0000193019BDB07FAD5604B1B68DF0400F106
:10180000AF805A4A13680293029BDE07FAD5584B01
:101810005B49594A196013680393039BDD07FAD5A6
:10182000564B1B68DC0400F18580534B554E4F49E5
:101830004F4FDFF86CC14FF00109DFF868E1524DFE
:1018400000241A680492049AD007FAD530681A68FE
:101850000692069AD207FAD5CEF800002A680592B9
:10186000059A12B95DE052080134D007FBD514F097
:101870001F0568D11D680995099DE807FAD5434DF4
:10188000D5F800801D680B950B9DED07FAD5DFF8A4
:1018900014E13D4DCEF800802D680A95E0070A9DC1
:1018A00005D505F00704032C4AD0052C48D002F0DA
:1018B0000302032A05D105F00305032D08BFC9F172
:1018C00000090A680C920C9AD407FAD5304A3A609B
:1018D0000A680D920D9AD007FAD52E4A3A600A6826
:1018E0000E920E9AD207FAD52B4A3A600A680F92E6
:1018F0000F9AD507FAD5294A3A600A681092109AC9
:10190000D407FAD51B4A3A601A681192119AD00787
:10191000FAD51A4A1268D2048FD5484613B0BDE8EA
:10192000F0830A680792079AD207FAD5C7F800C071
:10193000203486E74FF00109484613B0BDE8F08334
:10194000C9F10009B3E7DFF860E0013D4EEA053E6A
:101950000D680895089DED07FAD5C7F800E089E7FE
:101960004FF00009484613B0BDE8F083B0B0025014
:1019700080B0025000082A51B4B0025088B0025022
:1019800000182A5128B00250DCB002502CB002508E
:1019900000032A4980022E49C0C228A1C002324950
:1019A00080F22961E4B00250800228612DE9F047FD
:1019B000894ABAB013680093009BD807FAD5874BC1
:1019C0008749884A196013680193019BD907FAD5A2
:1019D000854B1B68DB0400F19181824A13680393F5
:1019E000039BDE07FAD5814B7E4A1968136805937D
:1019F000059BDD07FAD57E4A7E4B11601B68049378
:101A0000049F07F00303032B00F0748207F0070321
:101A1000052B714A00F0278113681993199BDC0785
:101A2000FAD56E4B74496C4A196013681A931A9B65
:101A3000D807FAD5694B714A1A60FFF7CBFE01301F
:101A400000F01D82644A13681B931B9BD907FAD5CB
:101A500062486B4B0360013F40F071825E49DFF8E2
:101A6000D0C1604B674E624D624CB8460A681C920A
:101A70001C9AD207FAD5C0F800C008F120081A68ED
:101A80001D921D9AD707FAD537681A681F921F9AB8
:101A9000D207FAD52F6022681E921E9F002FE5D034
:101AA00017F0010311D17F08FE07194603F1010366
:101AB000F9D5494802682092209AD507FAD5524AAA
:101AC000464842EA013198440160434A1368219331
:101AD000219BDC07FAD5414B4C493F4A19601368FA
:101AE0002293229BD807FAD53C4B494A3A4CDFF85F
:101AF0004491484E414D1A609A4623682393239B94
:101B0000D907FAD5CAF8009023682493249BDA07F2
:101B1000FAD5CAF8006023682593259BDB07FAD520
:101B2000CAF80050FFF756FE0130E6D12A4A136882
:101B30002693269BDC07FAD5284B3749264A19609D
:101B400013682793279BD807FAD5244B3349224A99
:101B5000196013682893289BD907FAD51F4B2A4987
:101B60001D4A196013682993299BDB07FAD51B4B83
:101B70002B49194A196013682A932A9BDE07FAD564
:101B8000164B2849144A196013682B932B9BDD07C9
:101B9000FAD51248244A104BDFF89C90DFF89CE0FD
:101BA000224EDFF89CC002601A682C922C9AD4074F
:101BB000FAD5C0F800901A682D922D9AD107FAD55F
:101BC0000849094DC0F800E000241A682E922E9AA8
:101BD000D207FAD5066035E0B0B0025080B00250AE
:101BE00000081251B4B0025088B0025000B0025048
:101BF000E4B00250DCB0025080021249C002024937
:101C0000C01002290CB00250C0000C61C0011E417E
:101C1000C0111E4980021E49C0311C98C0100E21FF
:101C2000C030109840021249809184A800182651B3
:101C3000C0F00D61C0111E2140320C884062248822
:101C4000409224880A682F922F9AD207FAD52A68E0
:101C5000D20460D401341A683092309AD207FAD58F
:101C6000C0F800C0B1E713680993099BDB07FAD5F8
:101C7000854B8649864A196013680A930A9BDF07D9
:101C8000FAD5814B8349824A196013680B930B9BE9
:101C9000DE07FAD57C4B80497D4A196013680C93A6
:101CA0000C9BDD07FAD5784B7C497D4A1960136897
:101CB0000D930D9BDC07FAD57A4B754A1B68D80447
:101CC00040F1928013680E930E9BD907FAD56E4BA4
:101CD00075496F4A196013680F930F9BDB07FAD59C
:101CE000694B72496A4A196013681093109BDF07A9
:101CF000FAD5654B6E4A1A60002054E0644A1368B6
:101D00000293029BDF07FAD55F4B6A4A1A600120F3
:101D10003AB0BDE8F087002C3FD0A8EB0404012CBA
:101D200033D0621E02F01F01002A4FF00107B8BF36
:101D300004F11E028F4051111A683292329AD20772
:101D4000FAD55D4A564C026022683392339AD50721
:101D5000FAD55A4A524C156822683492349AD207FE
:101D6000FAD5574C574A2944216017601A683592B2
:101D7000359AD207FAD5544A02601A683692369AD2
:101D8000D507FAD5514A02600EE71A683192319AA6
:101D9000D107FAD54E4A026006E707F00303032B8A
:101DA00040F0C58001203A4A13683793379BDC071F
:101DB000FAD5354B4749364A196013683893389B32
:101DC000D907FAD5304B4449354A1960136839931D
:101DD000399BDB07FAD5334B1B6813F4805F18BFC0
:101DE00001203AB0BDE8F08713681193119BDE071C
:101DF000FAD5254B39492A4A196013681293129B68
:101E0000DD07FAD5274B1B68DC04C3F30030CAD5C5
:101E10001F4B1A681392139AD107FAD51A4B304AFE
:101E20001B491A600B681493149BDA07FAD5164BFA
:101E30001E4A17491A600B681593159BDB07FAD5E4
:101E4000114B284A12491A600B681693169BDF073C
:101E5000FAD50D4B244A0E491A600B681793179B4D
:101E6000DE07FAD5084B214A09491A600B68189316
:101E7000189BDD07FAD5044B1D4A1A603CE7002089
:101E80003AB0BDE8F08700BF80B00250401202298E
:101E9000B0B00250C01124618071109800181A511E
:101EA000B4B0025088B00250803102218021186104
:101EB000C0601098C0000E410002224120B00250C4
:101EC000D4B00250D8B0025040821C98C0900C8808
:101ED000C0700C8880310C88004818510098185147
:101EE0008051022940121071C06124984002107183
:101EF000C0901C88343A13680693069BDC07FAD519
:101F0000104B1149114A196013680793079BD807B2
:101F1000FAD50C4B0E490D4A196013680893089BBB
:101F2000D907FAD5074B0B4A1A6000203BE707F0A8
:101F30000707052F4FF001003FF435AFE8E64FF0FB
:101F40000008ADE580B00250C0100221B0B00250D0
:101F500080110C61C0601098F0B595B07D4C1A9E50
:101F6000370347EA864747F0045545F08005266861
:101F70000096009EF607FAD51B9C764E920142EA27
:101F80000434754A44F01044156044F40024326867
:101F90000192019AD507FAD56F4A6E4E146047EA4E
:101FA000811747F010478A0134680294029CE407C5
:101FB000FAD54FEA033C4CEA834C674B654C1F60F3
:101FC0004CF0045646F0800623680393039BDF071A
:101FD000FAD5614B5F4C1E6023680493049BDD07B8
:101FE000FAD55D4B5D4F5E4C5A4E1C6047EA814707
:101FF0008C0433680593059BDB07FAD5564B554E89
:102000001F604CF0104C4CF4807C33680693069BA8
:10201000DD07FAD5504E534D4E4FC6F800C045EA85
:10202000801586013B680793079BDB07FAD54A4F6B
:102030004D4BDFF820C13D6043EA003E0703DCF86A
:1020400000300893089BDD07F9D5434DDFF828C120
:10205000C5F800E01C9B30354CEA834E2B68099391
:10206000099BDB07FAD53C4B3A4DC3F800E02B68DF
:102070000A930A9BDB07FAD5374B3C4DDFF8FCC0CF
:102080001D60344D46EA0C0C2B680B930B9BDB0751
:10209000FAD5314B2F4DC3F800C03E4346F00456ED
:1020A00046F400262B680C930C9BDF07FAD52A4DCB
:1020B0002F4B2E6043EA804030352B680D930D9BEB
:1020C000DE07FAD5244B234D18602B680E930E9B28
:1020D000DB07FAD5204B274D1E481D60144344EA08
:1020E000013444F004550E0303680F930F9BDF0780
:1020F000FAD5194B17481D6044F01044036810933B
:10210000109BDB07FAD5144B12481C60036811932F
:10211000119BDF07FAD5104B0E481D60164346F0A1
:10212000245646F4101603681293129BDC07FAD566
:10213000094B08481E600A4342F0484242F4A2128A
:1021400003681393139BDB07FAD5034B1A6015B092
:10215000F0BD00BFB0B0025080B0025080200090AF
:10216000802008210040102100011021802020291A
:10217000802000214021282900410021024010C870
:1021800030B42D4C88B0206800900098C507FAD56F
:102190002A4C2B482B4D2560303440EA8345236878
:1021A0000193019BD807FAD5900140EA8240234B66
:1021B000214A1D6040F0104444F4C0441368029367
:1021C000029BDB07FAD51D4B1B4A1C601368039367
:1021D000039BDD07FAD58B0143EA8141174B1A4D6A
:1021E0001D60154A41F0104545F4C045136804933D
:1021F000049BDB07FAD5114B0F4A1D60136805934A
:10220000059BDD07FAD50D4B0B4A1C6041F0584188
:1022100013680693069BDC07FAD5084B064A19603B
:1022200040F0584013680793079BDB07FAD5034B30
:10223000186008B030BC7047B0B0025080B0025097
:1022400080710098C0210229806118902DE9F04327
:1022500085B000284CD00E4600294ED01546002AE5
:102260004DD0002B3FD0D0F8BC22039305F14C0792
:1022700000F5B6731F3201F1040905F10408CDE938
:10228000018700935209494600F592730446FEF710
:102290005DFC0746A8B94FF43772214606F150009D
:1022A000FDF744FB174B336021464FF4377205F1BD
:1022B0009400FDF73BFB144B2B60384605B0BDE89E
:1022C000F08300244846346021462C604C22FDF700
:1022D00031FB404621469022FDF72CFB0B4F384640
:1022E00005B0BDE8F0830A4F384605B0BDE8F0837D
:1022F000084F384605B0BDE8F083074FDDE7074FCC
:10230000DBE700BF020000EC010000EC3008F00049
:102310000508F0000208F0000308F0000408F000CF
:1023200000487047E46D040000487047C070040026
:10233000004870479C73040000487047787604009A
:10234000004870475479040000487047307C04000E
:10235000004870470C7F040000487047E881040083
:1023600000487047C484040000487047A0870400F8
:10237000004870477C8A040070B41049104A114824
:10238000114B556A146A0860906A566E0D738C730F
:102390000125546F4873906E0D7100220B4D1E7312
:1023A0009C735873CA730A741A71DA731A741D60B5
:1023B0004A748A605A749A6070BC7047ECA000201E
:1023C000986A040000F0024000A1002000300240A2
:1023D000194BD3F8182102B970470021174AC3F8E6
:1023E0001811D3F81811D37F82B0FF2B01910199F6
:1023F0000DD0917F99B11F2B86BF03F01F031048AA
:102400004FF0A040012101FA03F3C0F80C3500237E
:1024100053771372D2E900310A4802B018471F2BD4
:1024200086BF03F01F0306484FF0A040012101FAC8
:1024300003F3C0F80835EAE70030024014A1002099
:10244000000300501CA100201B4BD3F8182102B937
:1024500070470021194AC3F81811D3F8181192F8DF
:10246000433082B0FF2B019101990ED092F84210B7
:10247000A9B11F2B86BF03F01F0311484FF0A040E6
:10248000012101FA03F3C0F80C35002382F8413032
:1024900082F82C30D2E909310A4802B018471F2BC4
:1024A00086BF03F01F0306484FF0A040012101FA48
:1024B00003F3C0F80835E8E700F0024014A100205B
:1024C0000003005040A100200B460146184600F0D2
:1024D000A9BD000081F0004102E000BF83F000438D
:1024E00030B54FEA41044FEA430594EA050F08BFAF
:1024F00090EA020F1FBF54EA000C55EA020C7FEA73
:10250000645C7FEA655C00F0E2804FEA5454D4EBEF
:102510005555B8BF6D420CDD2C4480EA020281EAB9
:10252000030382EA000083EA010180EA020281EAF1
:102530000303362D88BF30BD11F0004F4FEA013143
:102540004FF4801C4CEA113102D0404261EB410152
:1025500013F0004F4FEA03334CEA133302D05242D8
:1025600063EB430394EA050F00F0A780A4F1010494
:10257000D5F1200E0DDB02FA0EFC22FA05F28018CE
:1025800041F1000103FA0EF2801843FA05F35941B4
:102590000EE0A5F120050EF1200E012A03FA0EFC33
:1025A00028BF4CF0020C43FA05F3C01851EBE3715D
:1025B00001F0004507D54FF0000EDCF1000C7EEB7A
:1025C00000006EEB0101B1F5801F1BD3B1F5001FB8
:1025D0000CD349085FEA30004FEA3C0C04F10104D7
:1025E0004FEA445212F5800F80F09A80BCF1004F00
:1025F00008BF5FEA500C50F1000041EB045141EA82
:10260000050130BD5FEA4C0C404141EB010111F482
:10261000801FA4F10104E9D191F0000F04BF01462D
:102620000020B1FA81F308BF2033A3F10B03B3F10B
:1026300020020CDA0C3208DD02F1140CC2F10C029B
:1026400001FA0CF021FA02F10CE002F11402D8BFF9
:10265000C2F1200C01FA02F120FA0CFCDCBF41EAC5
:102660000C019040E41AA2BF01EB0451294330BD94
:102670006FEA04041F3C1CDA0C340EDC04F1140471
:10268000C4F1200220FA04F001FA02F340EA030048
:1026900021FA04F345EA030130BDC4F10C04C4F18E
:1026A000200220FA02F001FA04F340EA030029466E
:1026B00030BD21FA04F0294630BD94F0000F83F4B8
:1026C000801306BF81F480110134013D4EE77FEA9B
:1026D000645C18BF7FEA655C29D094EA050F08BFE7
:1026E00090EA020F05D054EA000C04BF19461046C8
:1026F00030BD91EA030F1EBF0021002030BD5FEA0C
:10270000545C05D14000494128BF41F0004130BD33
:1027100014F580043CBF01F5801130BD01F0004587
:1027200045F0FE4141F470014FF0000030BD7FEAFA
:10273000645C1ABF194610467FEA655C1CBF0B46F5
:10274000024650EA013406BF52EA033591EA030F0C
:1027500041F4002130BD00BF90F0000F04BF002104
:10276000704730B54FF4806404F132044FF0000537
:102770004FF0000150E700BF90F0000F04BF0021B0
:10278000704730B54FF4806404F1320410F0004516
:1027900048BF40424FF000013EE700BF42004FEA11
:1027A000E2014FEA31014FEA02701FBF12F07F438E
:1027B00093F07F4F81F06051704732F07F4208BF45
:1027C000704793F07F4F04BF41F40021704730B54C
:1027D0004FF4607401F0004521F000411CE700BF98
:1027E00050EA010208BF704730B54FF000050AE01B
:1027F00050EA010208BF704730B511F0004502D51C
:10280000404261EB41014FF4806404F132045FEA1D
:10281000915C3FF4D8AE4FF003025FEADC0C18BFC6
:1028200003325FEADC0C18BF033202EBDC02C2F1B8
:10283000200300FA03FC20FA02F001FA03FE40EA4A
:102840000E0021FA02F11444BDE600BF70B54FF04E
:10285000FF0C4CF4E06C1CEA11541DBF1CEA13552C
:1028600094EA0C0F95EA0C0F00F0DEF82C4481EA94
:10287000030621EA4C5123EA4C5350EA013518BFB4
:1028800052EA033541F4801143F4801338D0A0FBA1
:1028900002CE4FF00005E1FB02E506F00042E0FB4E
:1028A00003E54FF00006E1FB03569CF0000F18BF54
:1028B0004EF0010EA4F1FF04B6F5007F64F54074FC
:1028C00004D25FEA4E0E6D4146EB060642EAC6218F
:1028D00041EA55514FEAC52040EA5E504FEACE2EFC
:1028E000B4F1FD0C88BFBCF5E06F1ED8BEF1004FFF
:1028F00008BF5FEA500E50F1000041EB045170BD7B
:1029000006F0004646EA010140EA020081EA0301BE
:10291000B4EB5C04C2BFD4EB0C0541EA045170BDBA
:1029200041F480114FF0000E013C00F3AB8014F134
:10293000360FDEBF002001F0004170BDC4F100047D
:10294000203C35DA0C341BDC04F11404C4F12005FE
:1029500000FA05F320FA04F001FA05F240EA020059
:1029600001F0004221F0004110EBD37021FA04F68F
:1029700042EB06015EEA430E08BF20EAD37070BD49
:10298000C4F10C04C4F1200500FA04F320FA05F0A8
:1029900001FA04F240EA020001F0004110EBD370AA
:1029A00041F100015EEA430E08BF20EAD37070BD1A
:1029B000C4F1200500FA05F24EEA020E20FA04F3F3
:1029C00001FA05F243EA020321FA04F001F00041A2
:1029D00021FA04F220EA020000EBD3705EEA430E13
:1029E00008BF20EAD37070BD94F0000F0FD101F042
:1029F0000046400041EB010111F4801F08BF013C7B
:102A0000F7D041EA060195F0000F18BF704703F0B8
:102A10000046520043EB030313F4801F08BF013D3F
:102A2000F7D043EA0603704794EA0C0F0CEA1355FB
:102A300018BF95EA0C0F0CD050EA410618BF52EAB5
:102A40004306D1D181EA030101F000414FF00000BB
:102A500070BD50EA410606BF1046194652EA4306C9
:102A600019D094EA0C0F02D150EA013613D195EA3D
:102A70000C0F05D152EA03361CBF104619460AD185
:102A800081EA030101F0004141F0FE4141F470018F
:102A90004FF0000070BD41F0FE4141F4780170BD7F
:102AA00070B54FF0FF0C4CF4E06C1CEA11541DBFE4
:102AB0001CEA135594EA0C0F95EA0C0F00F0A7F8E6
:102AC000A4EB050481EA030E52EA03354FEA013113
:102AD00000F088804FEA03334FF0805545EA131326
:102AE00043EA12634FEA022245EA111545EA1065EE
:102AF0004FEA00260EF000419D4208BF964244F185
:102B0000FD0404F5407402D25B084FEA3202B61AA3
:102B100065EB03055B084FEA32024FF480104FF477
:102B2000002CB6EB020E75EB030E22BFB61A7546EB
:102B300040EA0C005B084FEA3202B6EB020E75EB7E
:102B4000030E22BFB61A754640EA5C005B084FEAE6
:102B50003202B6EB020E75EB030E22BFB61A7546B3
:102B600040EA9C005B084FEA3202B6EB020E75EBBE
:102B7000030E22BFB61A754640EADC0055EA060E7F
:102B800018D04FEA051545EA16754FEA06164FEAC2
:102B9000C30343EA52734FEAC2025FEA1C1CC0D16E
:102BA00011F4801F0BD141EA00014FF000004FF0FB
:102BB000004CB6E711F4801F04BF01430020B4F1BC
:102BC000FD0C88BFBCF5E06F3FF6AFAEB5EB030C74
:102BD00004BFB6EB020C5FEA500C50F1000041EB71
:102BE000045170BD0EF0004E4EEA113114EB5C043E
:102BF000C2BFD4EB0C0541EA045170BD41F4801111
:102C00004FF0000E013C90E645EA060E8DE60CEA18
:102C1000135594EA0C0F08BF95EA0C0F3FF43BAF35
:102C200094EA0C0F0AD150EA01347FF434AF95EAEC
:102C30000C0F7FF425AF104619462CE795EA0C0FD0
:102C400006D152EA03353FF4FDAE1046194622E79D
:102C500050EA410618BF52EA43067FF4C5AE50EA77
:102C600041047FF40DAF52EA43057FF4EBAE12E767
:102C70004FEA410212F5001215D211D56FF47873A4
:102C8000B3EB625212D94FEAC12343F0004343EA47
:102C9000505311F0004F23FA02F018BF4042704722
:102CA0004FF00000704750EA013005D111F00040AC
:102CB00008BF6FF0004070474FF00000704700BF42
:102CC00053B94AB9002908BF00281CBF4FF0FF3193
:102CD0004FF0FF3000F086B9ADF1080C6DE904CE7D
:102CE00000F01AF8DDF804E0DDE9022304B07047D3
:102CF000430803F05533C01A830803F0333300F060
:102D00003330184400EB101000F00F3000EB0020BF
:102D100000EB0040000E70472DE9F047089E044686
:102D20008846002B4BD18A42154667D9B2FA82F207
:102D30004AB1C2F1200701FA02F320FA07F79540E1
:102D400047EA030894404FEA154E230CB8FBFEF700
:102D50001FFA85FC0EFB178843EA084307FB0CF1BA
:102D6000994209D9EB1807F1FF3080F01B81994295
:102D700040F21881023F2B445B1AA4B2B3FBFEF071
:102D80000EFB103344EA034400FB0CFCA44509D9B4
:102D90002C1900F1FF3380F00781A44540F2048133
:102DA00002382C4440EA0740A4EB0C0400271EB173
:102DB000D4400023C6E900433946BDE8F0878B4282
:102DC00009D9002E00F0EB800027C6E90001384643
:102DD0003946BDE8F087B3FA83F7002F47D18B421D
:102DE00002D3824200F2FA80841A61EB03030120CD
:102DF0009846002EE0D0C6E90048DDE702B9FFDEC4
:102E0000B2FA82F2002A40F08F80491B4FEA154E39
:102E10001FFA85F80127B1FBFEFC230C0EFB1C11E9
:102E200043EA014308FB0CF1994207D9EB180CF176
:102E3000FF3002D2994200F2CD808446591AA3B2E3
:102E4000B1FBFEF00EFB101443EA044408FB00F84B
:102E5000A04507D92C1900F1FF3302D2A04500F29A
:102E6000B6801846A4EB080440EA0C409FE7C7F17F
:102E7000200CBB4022FA0CFE4EEA030E01FA07F4C6
:102E800020FA0CF521FA0CF34FEA1E482543B3FB58
:102E9000F8F92C0C08FB19331FFA8EFA44EA0343A5
:102EA00009FB0AF49C4202FA07F200FA07F10BD977
:102EB0001EEB030309F1FF3080F087809C4240F253
:102EC0008480A9F1020973441B1BADB2B3FBF8F077
:102ED00008FB103345EA034400FB0AFAA24508D96F
:102EE0001EEB040400F1FF336BD2A24569D902380E
:102EF000744440EA0940A0FB0289A4EB0A044C4553
:102F0000C2464B4654D351D0002E69D0B1EB0A05CE
:102F100064EB030404FA0CFCFD40FC404CEA05059C
:102F2000C6E90054002747E7C2F1200320FA03F75F
:102F3000954001FA02F021FA03F34FEA154E3843A7
:102F4000010CB3FBFEF71FFA85F80EFB173341EABD
:102F5000034107FB08F38B4204FA02F407D969180E
:102F600007F1FF3C2FD28B422DD9023F2944CB1AC7
:102F700081B2B3FBFEF00EFB103341EA034100FBCC
:102F800008F38B4207D9691800F1FF3C17D28B4236
:102F900015D902382944C91A40EA07473BE73746A2
:102FA000304609E70746E7E61846FBE64145ABD25F
:102FB000B8EB020A69EB0E0201381346A4E760463B
:102FC000E9E7184695E76746D1E781467CE702388E
:102FD0002C4447E7ACF1020C2B442FE7384608E7B6
:102FE0003746E9E6704700BF1FB51C46094B1B6812
:102FF0000546D86852B1084B0091CDE90132074926
:103000002B46224600F036F801F046F9044B1A46EA
:10301000F2E700BF84610020588D0400658D040034
:10302000938D040010B5054C13462CB10A46014699
:103030000220AFF3008010BD2046FCE70000000036
:10304000014B1868704700BF8461002008B5074B2A
:10305000044613B10021AFF30080054B1868836A62
:1030600003B19847204602F0D3FF00BF00000000E4
:10307000948D04000EB403B5014603AB054853F824
:10308000042B0068019300F075F902B05DF804EBC1
:1030900003B070478461002070B50D4E0D4CA41B29
:1030A000A4100025A54209D10B4E0C4C02F0B2FF32
:1030B000A41BA4100025A54205D170BD56F82530EB
:1030C00098470135EEE756F8253098470135F2E785
:1030D0005463002054630020546300207C6300206C
:1030E00010B5044600F008F82044407800F00800CD
:1030F00010BDD0F8EC007047044B054A1B681B6AF2
:10310000002B08BF1346D3F8EC0070478461002001
:10311000E8610020024B0146186800F0A7B800BF24
:1031200084610020024B0146186800F051B800BFCE
:103130008461002082B001B901A942B14BB113787A
:103140000B601278101C18BF012002B070471046A7
:10315000FBE76FF00100F8E730B50024A24201D18F
:10316000002007E0035D01340D1915F8015CAB4246
:10317000F4D0581B30BD10B5431E0A44914200D113
:1031800010BD11F8014B03F8014FF7E7884210B565
:1031900001EB020307D8421E99420AD011F8014BF5
:1031A00002F8014FF8E78342F5D98118D21AD342C9
:1031B00000D110BD13F8014D01F8014DF7E70244AD
:1031C0000346934200D1704703F8011BF9E7000062
:1031D00038B50546002945D051F8043C0C1F002B9A
:1031E000B8BFE41802F0E4F81F4A1368104633B978
:1031F000636014602846BDE8384002F0DAB8A342A4
:103200000CD921686218934204BF1A685B68636036
:1032100004BF521822600460ECE713465A680AB1F2
:10322000A242FAD919685818A0420BD1206801446B
:10323000581882421960DDD1106852685A60014402
:103240001960D7E702D90C232B60D3E72068211837
:103250008A4204BF11685268626004BF0918216085
:103260005C60C7E738BD00BF5CA1002070B5CD1C15
:1032700025F0030508350C2D38BF0C25002D06461A
:1032800001DBA94203D90C233360002070BD02F09A
:103290008FF8214A1468214691B9204C23681BB944
:1032A000304600F0DFFD20602946304600F0DAFDB0
:1032B000431C24D10C233360304602F07AF8E4E753
:1032C0000B685B1B18D40B2B0FD90B60CD50CC189F
:1032D000304602F06EF804F10B00231D20F00700C9
:1032E000C31AD3D05A42E250D0E78C424B6816BF83
:1032F000636013600C46EBE70C464968CCE7C41CDE
:1033000024F00304A04205D0211A304600F0AAFDA3
:103310000130CFD02560DBE75CA1002060A1002058
:103320009368013B002B10B4936008DA9469A342C0
:1033300001DB0A2903D15DF8044B00F0DFBE1368FE
:10334000581C1060197008465DF8044B7047F8B5BA
:1033500006460F461446D518AC4201D1002007E0BE
:103360003A4614F8011B3046FFF7DAFF431CF3D14D
:10337000F8BD00002DE9F04F9DB00C4617460393B1
:10338000064618B183690BB901F0C2FE7B4B9C4223
:1033900057D17468A38918075DD52369002B5AD0CB
:1033A0000023099320238DF8293030238DF82A300B
:1033B0004FF0010BB846454615F8013B0BB1252BE4
:1033C00054D1B8EB070A0BD053463A462146304653
:1033D000FFF7BDFF013000F0C280099B5344099301
:1033E00098F80030002B00F0BA8000234FF0FF3235
:1033F000CDE90523049307938DF853301A93A8461B
:10340000052218F8011B5E4801F082FF049B78BB7F
:10341000D90644BF20228DF853201A0744BF2B221F
:103420008DF853202A782A2A2AD0079AA846002005
:103430000A25414611F8013B303B092B69D960B39D
:1034400024E0504B9C4201D1B468A3E74E4B9C4210
:1034500008BFF4689EE72146304600F0AFFE002822
:103460009ED04FF0FF301DB0BDE8F08FA846A2E718
:10347000434A801A0BFA00F0184304904546BEE711
:10348000039A111D12680391002A01DB079204E0E0
:10349000524243F002030792049398F800302E2B17
:1034A0000ED198F801302A2B38D1039B1A1D1B68C6
:1034B0000392002BB8BF4FF0FF3308F102080593C9
:1034C000324D98F800100322284601F021FF40B148
:1034D0004023401B03FA00F0049B034308F101085A
:1034E000049398F800102A488DF82810062208F155
:1034F000010701F00DFF002837D0264B1BBB039BB3
:10350000073323F0070308330393099B4B440993C4
:1035100050E705FB0232012088468AE7002308F1C4
:103520000108059319460A25404610F8012B303A48
:10353000092A03D9002BC3D00591C1E705FB01215E
:1035400001238046F0E703AB00932246124B04A907
:10355000304600F0B7F8B0F1FF3F8146D5D1A389DE
:103560005B063FF57EAF09987DE703AB00932246EB
:10357000094B04A9304600F05BFBECE7188F040010
:10358000A28D0400388F0400F88E0400A88D04007A
:10359000AC8D0400C53604004F3304002DE9FF470D
:1035A00055EC104B0D9FDDF830A0002D0E469146D6
:1035B0001946B8BF22462B4627F02007BBBF05F1AE
:1035C00000431D4600232D23B8BF1446462F0B7021
:1035D00004D0452F00D10136022100E0032103ABC6
:1035E000019302AB00933246534645EC104B00F07A
:1035F000E7FE472F804602D119F0010F26D0462F53
:1036000008EB060911D198F80030302B0AD10022BE
:1036100000232046294602F07BFC18B9C6F10106BA
:10362000CAF80060DAF800309944002200232046EE
:10363000294602F06DFC38B93022039B4B4505D278
:10364000591C03911A70F8E7CDF80C90039B0E9A61
:10365000A3EB08034046136004B0BDE8F087F7B55C
:1036600000290446BABF49422D232B23092904F817
:10367000022B437020DD0DF107031F460A2691FB44
:10368000F6F506FB15113031092D03F8011C03F185
:10369000FF32294609DC3031023B02F8011CBB42F3
:1036A000224604D3101A03B0F0BD1346E7E713F81F
:1036B000012B04F8012BF2E7302319448370021D1B
:1036C000C170EFE72DE9F04F8DB00C46DDF8588062
:1036D00016461F46054601F0A5FD036804931846EB
:1036E00000F039FC00230A93D8F800300590073326
:1036F00023F0070303F1080294F818A0D4F800B0EF
:10370000C8F80020D3E90023C4E91223D4E91289C0
:1037100029F000430793CDF818804FF0FF32A74BF4
:10372000DDE9060102F026FC70BB4FF0FF32A34B2F
:10373000DDE9060102F000FC30BB00220023404618
:10374000494602F0EFFB10B12D2384F843309C4A28
:103750009C4BBAF1470F8CBF9046984603232BF041
:103760000402236122604FF00009009733460BAA40
:103770002146284600F0E6F9013040F08D804FF0F8
:10378000FF300DB0BDE8F08F42464B4640464946FB
:1037900002F0F0FB10B18C4A8C4BDAE761684B1CED
:1037A0004BF480620AA83ED1062363600023CDE972
:1037B000020309AB009349EC108B0DF12303226047
:1037C000CDF804A061682846FFF7E8FE0AF0DF03A1
:1037D000472B804609D1099BD81C02DB62689342C3
:1037E00047DDAAF1020A5FFA8AFABAF1650F099970
:1037F00024D80139524604F150000991FFF72FFFF8
:103800000A9A1318012A8146236102DC2268D10733
:1038100001D5013323619DF82330002BA5D02D2342
:1038200084F84330A1E7BAF1670F00F07781BAF16D
:10383000470FBBD10029B9D10123B6E7BAF1660F12
:1038400019D1002963680CDD216113B92268D20700
:1038500002D501330B442361099BA3654FF0000996
:10386000D9E713B92268D00701D50233F3E7012362
:10387000F1E74FF0670ADDE90932934205DB226880
:103880002361D107E8D50133E5E7002BD4BFC3F1AD
:10389000020301231344DEE723685A0507D4236992
:1038A000424631462846B84701302BD167E7BAF186
:1038B000650F40F2DC8000220023D4E9120102F0FF
:1038C00027FB002833D00123414A31462846B84718
:1038D00001303FF454AFDDE909239A4202DB23684B
:1038E000D8070FD5DDE9042331462846B847013013
:1038F0003FF445AF4FF0000804F11A090A9B013B61
:10390000434509DC23689B0700F10381E0680B9BBA
:103910009842B8BF184634E701234A463146284644
:10392000B84701303FF42BAF08F10108E6E7099BE7
:10393000002B2BDC0123264A31462846B8470130AC
:103940003FF41DAF099B23B90A9B13B92368D9071C
:10395000D8D5DDE9042331462846B84701303FF485
:103960000EAF4FF0000904F11A0A099B5B424B4568
:1039700001DC0A9B94E70123524631462846B847AA
:1039800001303FF4FCAE09F10109EEE70A9AA36D9C
:103990009A42A8BF1A46002A914607DD13463146CF
:1039A00042462846B84701303FF4E9AE04F11A0315
:1039B0004FF0000B29EAE979069315E0FFFFEF7F4E
:1039C000B78D0400B38D0400BF8D0400BB8D0400CF
:1039D000C38D04000123069A31462846B8470130BA
:1039E0003FF4CDAE0BF1010BD4F858A0AAEB0903BC
:1039F0005B45EFDCDDE909239A42D04415DB2368FF
:103A0000DA0712D40A9B0999A3EB0A02A3EB010A75
:103A10009245A8BF9246BAF1000F0EDC4FF00008A5
:103A20002AEAEA7A04F11A0919E0DDE904233146A9
:103A30002846B8470130E5D1A1E653464246314613
:103A40002846B8470130E9D199E601234A46314674
:103A50002846B84701303FF492AE08F10108DDE98D
:103A600009239B1AA3EB0A034345EEDC4AE70A9AB3
:103A7000012A01DCDB073AD50123424631462846BC
:103A8000B84701303FF47BAEDDE9042331462846D8
:103A9000B847013008F101083FF471AE0A9B0022DB
:103AA00003F1FF3AD4E91201002302F031FAC8B958
:103AB0005346424631462846B84701300ED15EE6AD
:103AC0000123524631462846B84701303FF457AEED
:103AD00008F101080A9B013B4345F1DC4B4604F128
:103AE0005002DEE64FF0000804F11A0AF2E7012363
:103AF000DFE701234A4631462846B84701303FF404
:103B00003EAE08F10108E3680B9A9B1A4345F0DCCE
:103B1000FCE64FF0000804F11909F4E700293FF42E
:103B20008BAE0023CDE9020309AB009349EC108B67
:103B30002260CDF804A00DF123032846FFF72EFDE7
:103B4000804648E62DE9F04791461F468A680B6992
:103B5000DDF820809342B8BF1346C9F8003091F8D1
:103B6000432006460C4612B10133C9F800302368E1
:103B7000990642BFD9F800300233C9F800302568F1
:103B800015F0060507D104F1190AE368D9F80020F9
:103B90009B1AAB4228DC94F843302268003318BFEC
:103BA000012392062DD404F1430239463046C04722
:103BB000013020D02368E568D9F8002003F006031F
:103BC000042B08BFAD1AA36822690CBF25EAE5756E
:103BD00000259342C4BF9B1AED184FF000091A3418
:103BE0004D451AD1002008E001235246394630469F
:103BF000C047013003D14FF0FF30BDE8F0870135F9
:103C0000C3E7E1185A1C302081F84300224494F89D
:103C1000451082F843100233C5E701232246394696
:103C20003046C0470130E6D009F10109D8E700006D
:103C30002DE9F04301F1430C0C46097E85B06E2955
:103C40001746064698460C9A00F0B38022D863299E
:103C500036D00AD8002900F0B980582900F08380B6
:103C600004F1420584F8421032E0642901D0692948
:103C7000F6D120681368050603F104012AD51B68F4
:103C80001160002B03DA2D225B4284F843206F4839
:103C90000A2239E0732900F09D8008D86F2920D0CE
:103CA0007029DDD1236843F02003236003E07529E8
:103CB00017D07829D4D1782384F84530644855E06A
:103CC0001368191D1B68116004F1420584F8423025
:103CD00001238CE01B68116010F0400F18BF1BB26D
:103CE000CFE713682568181D1060280601D51B68EA
:103CF00002E06806FBD51B8854486F2914BF0A22CE
:103D00000822002184F843106568A560002DC0F2E8
:103D10009580216821F004012160002B3DD1002D08
:103D200040F08E806546082A0BD12368DB0708D552
:103D3000236962689A42DEBF302305F8013C05F131
:103D4000FF35ACEB05032361CDF800803B4603AAA9
:103D500021463046FFF7F6FE01304DD14FF0FF30DF
:103D600005B0BDE8F083394884F845101368216830
:103D70001D1D1B6815600A060BD5CA0744BF41F01C
:103D8000200121601BB9226822F02002226010224B
:103D9000B7E74D0648BF9BB2EFE76546B3FBF2F1CC
:103DA00002FB1133C35C05F8013D0B460029F5D138
:103DB000B9E7136825686169181D106028061B683B
:103DC00001D5196002E06A06FBD519800023236142
:103DD0006546B9E71368191D11601D686268002106
:103DE000284601F095FA08B1401B606063682361C2
:103DF000002384F84330A7E723692A463946304632
:103E0000C0470130AAD023689B0713D4E068039B06
:103E10009842B8BF1846A3E701234A4639463046C0
:103E2000C04701309AD00135E368039A9B1AAB4230
:103E3000F2DCEBE7002504F11909F5E7002BACD122
:103E4000037884F8423004F142056CE7C58D040024
:103E5000D68D0400024B0A460146186801F094BD55
:103E60008461002038B5064C0023054608462360CF
:103E7000F8F754FD431C02D1236803B12B6038BD11
:103E800004A600200EB400B59CB01DAB02900690B5
:103E90006FF00041094807910491094953F8042B38
:103EA00005910068019302A901F0EEFD029B00223A
:103EB0001A701CB05DF804EB03B0704784610020F9
:103EC0000802FFFF034611F8012B184603F8012BE7
:103ED000002AF8D1704710B503461A785C1C3AB92D
:103EE000013B11F8012B03F8012F002AF9D110BD75
:103EF0002346F2E7C9B2034610F8012B1AB18A42F1
:103F0000F9D118467047002918BF0023F9E710F8C7
:103F1000012B11F8013B012A28BF9A42F7D0D01A91
:103F20007047034611F8012B03F8012B002AF9D141
:103F3000704770B503461A4612F8015B4DB14C1E2E
:103F400001E0AE4205D014F8016F002EF9D11346FE
:103F5000F1E7181A70BD034613F8012B002AFBD1B4
:103F6000181A0138704770B50139044602B970BD9E
:103F7000234611F8015F03F8015B561E2DB9144466
:103F8000A342F4D003F8015BFAE71C463246EDE7A2
:103F900038B503460D4669B9BDE83840FFF7AABFFA
:103FA000431C044629461846FFF7A4FF0028F7D112
:103FB000204638BD0024F5E770B503461A4612F8CE
:103FC000015B3DB14C1E01E0AE4205D014F8016F1B
:103FD000002EF9D1181A70BD1346EFE72DE9F0470E
:103FE0008046894692461E460F463D46089815F87B
:103FF000014BFFF77EF82044437813F0080330D1DB
:104000002D2C30D17C78BD1C0121002E5CD0102ECF
:1040100009D1302C07D12B7803F0DF03582B4ED178
:104020006C78102602354FF0FF320023B2FBF6F217
:1040300006FB02FC6FEA0C0C1846A4F13007092FAE
:1040400017D83C46A64223DD002B1EDB82421CD340
:1040500001D1A44519DB00FB0640012315F8014BF3
:10406000EBE72F46C1E72B2C04BFBD1C7C7819461B
:10407000CBE7A4F14107192F01D8373CE2E7A4F1BF
:104080006107192F04D8573CDCE74FF0FF33E5E711
:10409000002B09DA2223C8F800304FF0FF30BAF1C4
:1040A000000F07D1BDE8F08701B14042BAF1000F1F
:1040B000F8D00BB105F1FF39CAF80090F2E73024CF
:1040C000002EB0D10826AEE7302CA4D00A26AAE7ED
:1040D000084B37B51C68084D236A002B08BF2B46D8
:1040E000009313460A4601462046FFF777FF03B0C8
:1040F00030BD00BF84610020E8610020F8B50E46A5
:104100001446054618B183690BB901F001F8214B3B
:104110009C422AD16C68A369A360A3891A072ED593
:10412000236963B323692068C01A6369F6B28342C6
:10413000374604DC2146284600F080FF28BBA368F0
:10414000013BA36023685A1C22601E706369013022
:10415000834204D0A389DB0719D50A2E17D1214643
:10416000284600F06BFF90B10FE00B4B9C4201D151
:10417000AC68D0E7094B9C4208BFEC68CBE721460E
:10418000284600F01BF80028CCD04FF0FF37384607
:10419000F8BD00BF188F0400388F0400F88E0400AB
:1041A00049B1FF2A85BF8A2303600A704FF0FF30B0
:1041B00098BF01207047084670470000324B70B529
:1041C0001D6806460C4625B1AB6913B9284600F0B8
:1041D0009FFF2E4B9C420FD16C68B4F90C309AB201
:1041E00015072CD4D00611D40922326043F04003C5
:1041F000A3814FF0FF303EE0254B9C4201D1AC68DB
:10420000EBE7244B9C4208BFEC68E6E7510712D568
:10421000616B41B104F14403994202D03046FEF78C
:10422000D7FF00236363A38923F02403A381002322
:10423000636023692360A38943F00803A381236992
:104240004BB9A38903F42073B3F5007F03D0214653
:10425000304601F019F8A28912F001030CD00023B6
:10426000A36063695B42A361236953B9B4F90C305D
:1042700013F08000BAD170BD920758BF6369A36084
:10428000F2E70020F7E700BF84610020188F0400E8
:10429000388F0400F88E040008B5062001F012FDE6
:1042A000012001F0B5FE2DE9F74F03690C69A34227
:1042B0008046C0F28280013C01F114074FEA840C71
:1042C00000F1140657F8245056F8240006EB0C03AE
:1042D000013507EB0C090193B0FBF5F595B34FF0F1
:1042E000000A3846B646D34650F8042B93B205FB75
:1042F00003A34FEA134A9BB2ABEB0303120CDEF8A5
:1043000000B005FB02A213FA8BF34FEA124A1FFA20
:1043100082FBDEF80020CBEB124202EB23429BB281
:1043200043EA024381454FEA224B4EF8043BDBD27D
:1043300056F80C3033B9019B043B9E421A4630D3E9
:10434000C8F81040404601F04BFA002825DB013543
:1043500030464FF0000C57F8042BD0F800E093B231
:10436000ACEB0303120C13FA8EF3C2EB1E4202EB0A
:1043700023429BB243EA0243B9454FEA224C40F83C
:10438000043BE8D256F8242006EB84032AB9043B08
:104390009E421A460BD3C8F81040284603B0BDE829
:1043A000F08F1268043B002ACAD1013CC5E71268AD
:1043B000043B002AEFD1013CEAE70020EEE70000D1
:1043C0002DE9F04F57EC106B97B0456A0691044603
:1043D0000B921293DDF88080CDE900673DB9102083
:1043E000F5F736FF6062C0E901550560C560636A94
:1043F000196851B15A684A60012393408B60204686
:1044000001F00CF8636A00221A603B1EBBBF23F068
:104410000043019300230122ACBFC8F80030C8F864
:104420000020AF4BDDF8048033EA080314D1129A60
:1044300042F20F731360009B23B9C8F313000028E6
:1044400000F04285219BDFF8ACB2002B00F04485E0
:104450000BF1030300F03EBDDDE9006700220023FD
:104460003046394601F054FD814668B1129A012365
:104470001360219B002B00F024859A4B219A03F1B5
:10448000FF3B136000F028BD14AA15A947EC106B80
:10449000204601F01CFAC8F30A550490002D7CD088
:1044A000C7F3130343F07F5BB2464BF4401BA5F206
:1044B000FF35CDF84C9000228B4B50465946FEF705
:1044C0000DF881A3D3E90023FEF7C0F980A3D3E957
:1044D0000023FEF705F8064628460F46FEF74CF97E
:1044E0007DA3D3E90023FEF7B1F902460B4630461F
:1044F0003946FDF7F5FF06460F46FEF7B9FB0022E9
:10450000824600233046394601F00CFD48B1504642
:10451000FEF732F932463B4601F0FAFC08B90AF1DF
:10452000FF3ABAF1160F59D8704901EBCA01DDE91B
:104530000023D1E9000101F013FD002850D00AF159
:10454000FF3A00230F93149B5D1BB5F1010849BF8F
:10455000C5F10103002305934FF0000858BF0593F0
:10456000BAF1000F3EDB0023D044CDF838A007930A
:10457000069B092B00F29080052BC4BF043B0693D9
:10458000069BA3F10203CCBF00250125032B00F2FB
:104590008F80DFE803F07D7F3171DDE914531D4426
:1045A00005F23240202813DDC0F14000009B08FADC
:1045B00000F805F2124023FA00F048EA0000FEF786
:1045C000CBF801238246A1F1F87B013D139372E7FA
:1045D000009BC0F1200003FA00F0F0E70123B1E7EF
:1045E0000F90B0E7059BA3EB0A030593CAF1000304
:1045F000079300230E93BBE701230A930B9B002B29
:1046000059DD02939946666A00227260042202F123
:1046100014009842716853D9204600F0CBFE636ABB
:104620003060B9F10E0FD3F800B000F2E680002D33
:1046300000F0E3809DED007BBAF1000F8DED107B63
:1046400074DD2A4A0AF00F0302EBC30393ED007BEB
:104650004FEA2A16F0068DED087B65D5244BDDE97F
:104660001001D3E90823FEF71BFACDE9000106F09B
:104670000F0603251E4F4CE001230A930B9B534466
:1046800003F1010902934B46012BB8BF0123BAE79E
:104690000023B2E70023F0E70125002306930A95E3
:1046A0004FF0FF3302939946002212230B92AAE7A0
:1046B00001230A93F4E70123029399461A46F5E78A
:1046C000013171605200A2E761436F63A787D23F57
:1046D000B3C8608B288AC63FFB799F501344D33FF1
:1046E0000000F07FC48D04000000F83F808F0400BC
:1046F000588F0400F18E0400F10708D5DDE90801A8
:10470000D7E90023FEF7A2F8CDE9080101357610BC
:104710000837002EF0D1DDE90823DDE90001FEF7BE
:10472000BFF9CDE900011AE00225A3E700F0A0805F
:10473000CAF100069F4BA04F06F00F0203EBC20325
:10474000D3E90023DDE91001FEF780F8CDE900018F
:10475000361100230225002E7FD1002BE1D10F9BC3
:10476000002B00F08780DDE900670022934B304684
:10477000394601F0D7FB00287CD0B9F1000F79D081
:10478000029B002B35DD0AF1FF33089339460022E6
:104790008B4B3046FEF75AF8CDE90001029F0135F8
:1047A0002846FDF7E9FFDDE90023FEF74FF8002278
:1047B000844BFDF795FE0546A1F15076002F5DD1A3
:1047C0000022814BDDE90001FDF788FE2A463346D1
:1047D000CDE9000101F0C4FB002840F088822A46A0
:1047E00006F10043DDE9000101F09CFB002840F0E8
:1047F0007C82DDE91023CDE90023159B002BC0F25C
:104800005081BAF10E0F00F34C816A4B03EBCA03DF
:1048100093ED007B0B9B002B8DED027B80F2D8800B
:10482000B9F1000F00F3D48040F05E820022664BA5
:1048300051EC170BFEF70AF8DDE9002301F086FBC7
:104840004F464E46002840F0348231230BF10105DB
:104850008BF800300AF1010A2FE2F20705D5D7E9FB
:104860000023FDF7F3FF013501237610083772E7C7
:10487000022574E7CDF820A04F4691E74D4B03EB9E
:10488000C70353E902010A9B002B47D002460B469F
:1048900000204E49FEF704F92A463346FDF71EFE76
:1048A000CDE90C015D46DDE90001FEF7E1F90646C0
:1048B000FDF762FF02460B46DDE90001FDF70EFE43
:1048C000303605F8016BDDE90C23CDE9000101F07C
:1048D00029FB002863D1DDE9002300203749FDF7DB
:1048E000FDFDDDE90C2301F01DFB002840F0B78041
:1048F000A5EB0B039F427FF77CAF0022304BDDE935
:104900000C01FDF7A3FF0022CDE90C012C4BDDE9E2
:104910000001FDF79BFFCDE90001C4E72A463346BD
:10492000FDF794FFCDE90C010BEB07055E46DDE9D1
:104930000001FEF79DF90746FDF71EFF30370246DE
:104940000B46DDE90001FDF7C9FD06F8017BAE422B
:10495000CDE900014FF0000226D11C4BDDE90C012E
:10496000FDF7BEFD02460B46DDE9000101F0F8FA55
:10497000002874D1DDE90C2300201449FDF7AEFDB9
:1049800002460B46DDE9000101F0CCFA00283FF4B5
:1049900030AF15F8013C302B05F1FF3202D0DDF8C5
:1049A00020A04AE01546F4E7054BFDF74FFFCDE99F
:1049B0000001BCE7808F0400588F04000000F03F26
:1049C0000000244000001C40000014400000E03FB4
:1049D000DDE900675D46DDE9022330463946FEF732
:1049E0005FF8FEF745F98046FDF7C6FEDDE90223D4
:1049F000FDF72CFF02460B463046394608F13006DB
:104A0000FDF76CFD05F8016BA5EB0B06B145024601
:104A10000B4639D1FDF764FDDDE9022306460F465A
:104A200001F09EFAC8B9DDE902233046394601F0AB
:104A30006FFA10B118F0010F0FD10499204600F061
:104A4000EDFC0023129A2B700AF101031360219BE5
:104A5000002B00F041821D603EE2CDF820A015F849
:104A6000012C392A05F1FF3308D19B450AD1089B57
:104A70000133089330238BF800305B461A780132FB
:104A80001A708CE71D46EAE700229B4BFDF7DEFE1D
:104A90000022002306460F4601F03AFA00289AD079
:104AA000CBE70A9A002A00F08B80069A012A6EDC76
:104AB000139A002A67D003F23343079F059D059A96
:104AC00001211A4420460592984400F047FD06460D
:104AD000002D0CDDB8F1000F09DD4545059A2B4688
:104AE000A8BF4346D21A0592ED1AA8EB0308079B0C
:104AF000EBB10A9B002B67D08FB131463A46204676
:104B000000F0CCFD049A01460646204600F02FFD39
:104B100004990890204600F081FC089B0493079BB1
:104B2000DA1B04D00499204600F0B8FD049001215E
:104B3000204600F013FD0E9B0746002B00F0D081AD
:104B40001A460146204600F0A9FD069B012B0746A8
:104B500040DC009B002B39D1019BC3F31303002BD6
:104B600036D1019B23F000431B0D1B052BB1059B88
:104B70000133059308F10108012307930E9B002BD5
:104B80002AD1012030E0149BC3F1360395E7079B3F
:104B900009F1FF37BB42BFBF079B0797FA1A0E9B6D
:104BA000BBBF9B180E93DF1B0027B9F1000FB5BFE9
:104BB000059B059DA3EB09054B46B8BF00237EE787
:104BC000079F059D0A9E83E7079AABE70023D4E77A
:104BD000009BD2E7002307933B6907EB8303186927
:104BE00000F06EFCC0F12000404410F01F0047D0E0
:104BF000C0F12003042B3BDD059BC0F11C000344E6
:104C0000059305448044059B002B05DD1A46049955
:104C1000204600F091FD0490B8F1000F05DD394603
:104C20004246204600F088FD07460F9B53B33946A5
:104C3000049800F0D5FD002824DA00230A22049904
:104C4000204600F002FC0A9B04900AF1FF3A002B78
:104C500000F04D81002331460A22204600F0F5FB8A
:104C6000029B002B06464FDC069B022B4CDD11E01D
:104C7000C9D0059A1C331A4405921D449844C2E7D2
:104C80000346F6E7B9F1000F38DC069B022B35DD51
:104C9000CDF80890029B63B939460522204600F002
:104CA000D4FB01460746049800F09AFD00283FF720
:104CB000CCAD0B9B5D466FEA030A4FF00009394605
:104CC000204600F0ABFB002E3FF4B7AEB9F1000F69
:104CD00005D0B14503D04946204600F09FFB314640
:104CE000204600F09BFBA8E600273E46E1E7DDF802
:104CF00020A03E46A9E500BF000024400A9BCDF855
:104D00000890002B00F0FA80002D05DD31462A4680
:104D1000204600F011FD0646079B002B4CD0716821
:104D2000204600F047FB326902320546920006F148
:104D30000C010C30FEF71FFA01222946204600F034
:104D4000FBFC009BCDF814B003F00103B1460793C0
:104D5000064639460498FFF7A6FA4946054600F18B
:104D60003008049800F03CFD324600903946204659
:104D700000F050FDC368024603BB0146089004984A
:104D800000F02EFD089A034611462046089300F0D5
:104D900045FB089BA3B9069A92B9079A82B9B8F164
:104DA000390F29D0009B002B01DD05F13108059B4F
:104DB0005D1C83F8008082E73046C2E70123E3E709
:104DC000009A002A04DB25D1069A1ABB079A0ABB6F
:104DD000002BECDD01220499204600F0ADFC3946A1
:104DE000049000F0FDFC002803DCE0D118F0010F76
:104DF000DDD0B8F1390FD8D1059B059A5D1C392358
:104E0000137015F8013C392B05F1FF324FD00133F7
:104E1000137054E7059A002B02F1010506DDB8F185
:104E2000390FE9D008F10108059BC2E7029A05F89D
:104E3000018CA5EB0B03934221D000230A22049995
:104E4000204600F002FBB14504904FF000034FF004
:104E50000A024946204605D100F0F7FA8146064687
:104E6000059576E700F0F1FA3146814600230A22E3
:104E7000204600F0EAFA0646F2E74FF00009012268
:104E80000499204600F058FC3946049000F0A8FC34
:104E90000028B6DC02D118F0010FB2D115F8013CA0
:104EA000302B05F1FF327FF40AAF1546F6E7934544
:104EB00005D131230AF1010A8BF80030FFE61546CF
:104EC0009FE7DFF864B007E0219BDFF860B01BB11B
:104ED0000BF10803219A1360584617B0BDE8F08F14
:104EE000069B012B7FF735AE0E9B079349E6029B8D
:104EF000002B03DC069B022B3FF7CCAE5D46394608
:104F00000498FFF7D0F900F1300805F8018B029AF8
:104F1000A5EB0B039A42B0DD00230A220499204638
:104F200000F093FA0490EAE7C38D0400E88E0400D1
:104F30008A892DE9F041054610070C4658D44B6884
:104F4000002B05DC0B6C002B02DC0020BDE8F0819F
:104F5000E66A002EF9D0002312F480522F68216AED
:104F60002B6032D0606DA3895A0705D56368C01ADB
:104F7000636B0BB1236CC01A00230246E66A216AF8
:104F80002846B047431CA38906D129681D2948D863
:104F9000294ACA40D60744D500226260D904226952
:104FA000226004D5421C01D12B6803B96065616B96
:104FB0002F600029C9D004F14403994202D0284649
:104FC000FEF706F900206063C0E701232846B047DA
:104FD000411CC8D12B68002BC5D01D2B01D0162B2E
:104FE00001D12F60B1E7A38943F04003A381ADE76E
:104FF0000F69002FA9D093070E6808BF4B690F6097
:1050000018BF0023A6EB07088B60B8F1000F9CDDEA
:1050100043463A46216AA66A2846B047002806DC7D
:10502000A38943F04003A3814FF0FF308EE707448C
:10503000A8EB0008E9E700BF0100402038B50B6984
:1050400005460C46DBB118B183690BB900F060F876
:105050000C4B9C4209D16C68B4F90C307BB12146F1
:105060002846BDE83840FFF763BF074B9C4201D19B
:10507000AC68F1E7054B9C4208BFEC68ECE7002008
:1050800038BD00BF188F0400388F0400F88E04006C
:10509000002310B50446C0E9003383608181436674
:1050A000C281C0E904338361194608225C30FEF7EF
:1050B00086F8054B6362054BA362054BE362054B23
:1050C0002462236310BD00BFFD5C04001F5D04006B
:1050D000575D04007B5D0400014900F085B800BF06
:1050E0003D50040070B54A1E682555430E4605F133
:1050F0007401FEF7BBF8044640B10021C0E9001678
:105100000C30A06005F16802FEF759F8204670BD2A
:10511000836910B5044633BBC0E912330365124BF3
:10512000124A1B688262984204BF0123836100F027
:105130001FF86060204600F01BF8A060204600F0D9
:1051400017F80022E06004216068FFF7A1FF012248
:105150000921A068FFF79CFF02221221E068FFF7F7
:1051600097FF0123A36110BD948D0400D950040062
:10517000F8B51B4B1E68B369074613B93046FFF7F5
:10518000C7FF4836D6E90134013B03D5336833B154
:105190003668F7E7B4F90C506DB16834F4E70421D0
:1051A0003846FFF79FFF30600028F1D10C233B60A9
:1051B00004462046F8BD0B4B6566C4E90055A56062
:1051C000C4E90335C4E905550822294604F15C0009
:1051D000FDF7F5FFC4E90D55C4E91255E9E700BF35
:1051E000948D04000100FFFF2DE9F84380468946B5
:1051F00000F14804002614B93046BDE8F883D4E92C
:105200000175013F01D52468F5E7AB89012B07D96A
:10521000B5F90E30013303D029464046C84706434E
:105220006835EEE7044B1B68186A044B002808BF7A
:105230001846F030704700BF84610020E86100200C
:1052400070B50E46B1F90E10002996B014461D46F1
:1052500007DA00232B60B3891A0610D44FF4806359
:105260000EE06A4600F0B0FD0028F2DB019A02F47D
:105270007042A2F500535A425A412A60EEE7402399
:105280000020236016B070BD8B8973B59D0706465C
:105290000C4607D504F147032360236101236361B2
:1052A00002B070BD01AB6A46FFF7CAFF0099054620
:1052B0003046FDF7DBFF48B9B4F90C309A05EFD45E
:1052C00023F0030343F00203A381E3E70D4BB36232
:1052D000A389206043F08003A381009B6361019B4D
:1052E00020615BB1B4F90E10304600F07FFD28B1AB
:1052F000A38923F0030343F00103A381A3891D4382
:10530000A581CDE7D9500400000000000000000096
:1053100001F0FF01102A2BDB10F0070F08D010F866
:10532000013B013A8B422DD010F0070F42B3F6D16A
:10533000F0B441EA012141EA014122F007047FF083
:1053400000070023F0E80256083C85EA010586EADA
:10535000010685FA47F5A3FA87F586FA47F6A5FA16
:1053600087F68EB9EED1F0BC01F0FF0102F0070222
:1053700032B110F8013B013A83EA010313B1F8D1CD
:105380000020704701387047002D06BF35460338AE
:10539000073815F0010F07D1013015F4807F02BFE7
:1053A000013015F4C03F0130F0BC0138704700BF38
:1053B0007047704770B5456A04460E463DB91020E7
:1053C000F4F746FF6062C0E901550560C560656A93
:1053D000EB6883B1636ADB6853F82600B8B9012132
:1053E00001FA06F56A1D9200204600F0BFFA60B18E
:1053F000C0E901650EE021220421204600F0B6FA42
:10540000636AE860DB68002BE4D1002070BD0268AD
:1054100043F826200023C0E90333F7E770B5446A58
:1054200006460D463CB91020F4F712FF7062C0E941
:1054300001440460C4603DB1736A6A68DB6853F874
:105440002210296043F8225070BD2DE9F0410D690A
:105450001F4606460C4601F1140C0023DCF8000040
:1054600081B202FB01710F0C000C02FB007089B2CB
:10547000013301EB00419D424FEA10474CF8041BF9
:10548000ECDCD7B1A368AB4212DC61683046013175
:10549000FFF790FF2269023204F10C01804692006E
:1054A0000C30FDF768FE21463046FFF7B7FF444653
:1054B00004EB850301355F6125612046BDE8F0817D
:1054C000020C12040346B2B90304102013F07F4FFC
:1054D00004BF1B02083013F0704F04BF1B010430DF
:1054E00013F0404F04BF9B000230002B06DB5B0033
:1054F00003D5013070470020E8E72020704703689B
:1055000013F0070201460BD0DA0723D4980749BFEE
:105510005B089B0801200B605CBF0B60022070479A
:1055200098B2A8B91B0C102013F0FF0F04BF1B0A80
:1055300008301A0704BF1B0904309A0704BF9B08F0
:105540000230DA0702D45B0806D001300B607047E6
:105550001046E9E7002070472020704710B50C4640
:105560000121FFF727FF01224461026110BD2DE9EF
:10557000F74F14460A6923699A42B8BF0B4688461A
:10558000BCBFA0461C46D8F81070D4F81090D8F8CC
:105590000830D8F8041007EB0906B342B8BF013150
:1055A000FFF708FF00F1140505EB860E2B460022DD
:1055B000734516D304F1140208F1140102EB8903B8
:1055C00001EB87070093009B019293420CD8002EB9
:1055D00003DD5EF8043D002B5DD0066103B0BDE83D
:1055E000F08F43F8042BE3E7B2F800B0BBF1000FF3
:1055F00023D08946AC464FF0000859F8044BDCF83C
:1056000000A0A3B21FFA8AFA0BFB03A34FEA144AC5
:10561000DCF8004043444FEA14480BFB0A8404EBD7
:105620001344E2469BB243EA04434F454FEA144811
:105630004AF8043B2BD8CCF80480019BB3F802A0B5
:105640000432BAF1000F20D02B688946A8464FF0EB
:10565000000BB9F800C0B8F802400AFB0C445C44E7
:10566000C4469BB243EA04434CF8043B59F8043B5C
:10567000B8F804B01B0C0AFB03B303EB14434F450B
:105680004FEA134B05D8C8F8043004359BE7D446DD
:10569000B3E7E046DDE7013E99E700002DE9F84376
:1056A000154612F0030206460F4607D0013A214C78
:1056B000002354F82220FFF7C8FE0746AD1035D06E
:1056C000746A3CB91020F4F7C3FD7062C0E901446C
:1056D0000460C460D6F82480D8F808404CB940F281
:1056E00071213046FFF73AFF0023C8F8080004464E
:1056F00003604FF00008EB070AD5394622463046D2
:10570000FFF735FF394681463046FFF787FE4F46A3
:105710006D100BD0206838B9224621463046FFF77D
:1057200026FF2060C0F800800446E4E73846BDE864
:10573000F88300BF489004002DE9F0470C464FEA7B
:10574000621A236949680AEB0309A36807461646EB
:1057500009F10105AB4232DB3846FFF72BFE00238F
:10576000804600F114011A4653452BDB20692AEAD2
:10577000EA7A04F1140316F01F0201EB8A0103EB2D
:10578000800C25D0C2F1200E00201E688A4696406B
:1057900030434AF8040B53F8040B9C4520FA0EF0F2
:1057A00014D8486008B109F10205013D3846C8F82F
:1057B00010502146FFF732FE4046BDE8F087013128
:1057C0005B00C7E741F823200133CDE75146DCE712
:1057D000043953F8042B41F8042F9C45F9D8E4E729
:1057E00003690A699B1A30B50CD192001430143148
:1057F0008418114454F8045D51F8042D954203D0E7
:1058000005D30123184630BDA042F3D3FAE74FF089
:10581000FF33F7E72DE9F0470D46074611462846C6
:105820001446FFF7DDFF061E08D131463846FFF764
:10583000C1FD0123C0E90436BDE8F087A4BF2346BB
:105840002C4638466168A6BF1D4600260126FFF794
:10585000B1FD2B69C660266905F1140904F1140233
:1058600002EB860709EB830800F114054FF0000EE8
:1058700052F804AB59F8044B1EFA8AF1A3B2C91AC4
:10588000230CC3EB1A4303EB214389B24FEA234EA7
:10589000C84541EA0343944645F8043BE8D8BC4573
:1058A00004D355F8043D83B10661C5E75CF8041BD9
:1058B0001EFA81F31A1402EB11429BB243EA02432F
:1058C0004FEA224E45F8043BE9E7013EE9E72DE9BE
:1058D000F7430E46012159EC108B1546FFF76AFD80
:1058E000C9F30A540746C9F3130334BB0193B8F153
:1058F000000327D002A840F8083DFFF700FE0099FA
:10590000F0B1019AC0F1200302FA03F30B43C24045
:105910007B610192019BBB61002B14BF022101211D
:105920003961C4B1A4F2334404443460C0F1350099
:105930002860384603B0BDE8F08343F48013D5E710
:105940007961E7E701A8FFF7DAFD019B7B6101219F
:1059500039612030E5E707EB8103A0F23240306087
:105960001869FFF7ADFDC0EB4110E1E738B502FB68
:1059700001F42146FDF77AFC054618B122460021C4
:10598000FDF71DFC284638BDF8B5074614460E46FF
:1059900021B91146BDE8F840FDF768BC22B9FDF712
:1059A00017FC25462846F8BD00F042FAA0420FD267
:1059B00021463846FDF75AFC05460028F2D031460C
:1059C0002246FDF7D8FB31463846FDF701FCE9E7F2
:1059D0003546E7E72DE9F0478E689E4282460C4641
:1059E0009046994637D88A8912F4906F31D025684D
:1059F00009696F1A6569022305EB450595FBF3F507
:105A000009F101033B449D4238BF1D46530530D583
:105A10002946FDF72BFC064650B90C23CAF8003086
:105A2000A38943F04003A3814FF0FF30BDE8F08726
:105A30003A462169FDF79FFBA38923F4906343F065
:105A40008003A381266165613E44ED1B2660A5604D
:105A50004E464E4500D94E46324641462068FDF737
:105A600095FBA3689B1BA36023681E44266000204F
:105A7000DCE72A46FFF788FF06460028E2D12169C5
:105A80005046FDF7A5FBC8E72DE9F04F9DB08046D5
:105A900003938B891D060C4616460FD50B696BB90F
:105AA0004021FDF7E3FB2060206128B90C23C8F8F2
:105AB00000304FF0FF30C7E04023636100230993BB
:105AC00020238DF8293030238DF82A304FF0010B38
:105AD00037463D4615F8013B0BB1252B3ED1B7EBC0
:105AE000060A0BD05346324621464046FFF772FF66
:105AF000013000F0A480099B534409933B78002BAC
:105B000000F09D8000234FF0FF32CDE90523049380
:105B100007938DF853301A932F46052217F8011B6F
:105B20004F48FFF7F5FB049BD0B9D90644BF2022AC
:105B30008DF853201A0744BF2B228DF853202A7862
:105B40002A2A15D0079A2F4600200A25394611F82F
:105B5000013B303B092B4DD9B8B10FE02F46B8E7D8
:105B60003F4A801A0BFA00F0184304903D46D3E7F1
:105B7000039A111D12680391002A01DB079204E0C9
:105B8000524243F00203079204933B782E2B0CD130
:105B90007B782A2B33D1039B1A1D1B680392002BA1
:105BA000B8BF4FF0FF33023705932E4D39780322EB
:105BB0002846FFF7ADFB38B14023401B03FA00F045
:105BC000049B034301370493397827488DF8281044
:105BD00006227E1CFFF79CFB002838D0234B13BB0A
:105BE000039B073323F0070308330393099B4B44BC
:105BF00009936DE705FB023201200F46A6E700235B
:105C00000137059319460A25384610F8012B303A1A
:105C1000092A03D9002BC8D00591C6E705FB01214D
:105C200001230746F0E703AB00932246104B04A97B
:105C30004046FDF747FDB0F1FF3F8146D6D1A3892D
:105C40005B063FF536AF09981DB0BDE8F08F03AB9A
:105C500000932246064B04A94046FDF7E9FFEAE718
:105C6000A28D0400A88D0400AC8D0400C53604008C
:105C7000D55904001F2938B504460D4604D916230A
:105C800003604FF0FF3038BD426C12B152F8213042
:105C90004BB9204600F030F82A4601462046BDE8C0
:105CA000384000F017B8012B0AD0591C03D1162335
:105CB00003600120E7E7002442F825402846984782
:105CC0000020E0E7024B01461868FFF7D3BF00BF92
:105CD0008461002038B5074C00230546084611466C
:105CE000236000F07DF9431C02D1236803B12B60CF
:105CF00038BD00BF04A6002000F062B910B50C4604
:105D0000B1F90E1000F09CF80028ABBF636DA389B9
:105D10001B1823F48053ACBF6365A38110BD2DE92C
:105D2000F0411F468B89DB0505460C46164605D516
:105D300002230022B1F90E1000F068F8A389B4F92B
:105D40000E1023F48053A38132463B462846BDE81B
:105D5000F04100F017B810B50C46B1F90E1000F084
:105D600055F8431CA38915BF606523F4805343F4A1
:105D70008053A38118BFA38110BDB1F90E1000F0AC
:105D800013B8000038B5074C0546084611460022F6
:105D900022601A46F6F7ACFD431C02D1236803B11A
:105DA0002B6038BD04A6002038B5064C00230546FC
:105DB0000846236000F0F4F8431C02D1236803B1C5
:105DC0002B6038BD04A6002038B5074C00230546DB
:105DD00008461146236000F0EBF8431C02D123680B
:105DE00003B12B6038BD00BF04A6002038B5064CB7
:105DF000002305460846236000F0EAF8431C02D160
:105E0000236803B12B6038BD04A6002038B5074CC9
:105E1000054608461146002222601A4600F0E8F8BE
:105E2000431C02D1236803B12B6038BD04A60020B7
:105E300051F8043C181F002BBCBF0B58C01870470A
:105E400038B5074C054608461146002222601A461E
:105E500000F0D6F8431C02D1236803B12B6038BD93
:105E600004A600204FF0FF3C06E000BF4FF0010CFD
:105E700002E000BF4FF0010C4DF804CD4FEA410C99
:105E80007FEA6C5C4FEA430C18BF7FEA6C5C1BD066
:105E900001B050EA410C0CBF52EA430C91EA030FE7
:105EA00002BF90EA020F0020704710F1000F91EA44
:105EB000030F58BF994208BF90422CBFD8176FEA12
:105EC000E37040F0010070474FEA410C7FEA6C5CE0
:105ED00002D150EA013C07D14FEA430C7FEA6C5CE7
:105EE000D6D152EA033CD3D05DF8040B704700BF13
:105EF0008446104662468C461946634600E000BF61
:105F000001B5FFF7B7FF002848BF10F1000F01BD32
:105F10004DF808EDFFF7F4FF0CBF012000205DF8FD
:105F200008FB00BF4DF808EDFFF7EAFF34BF012082
:105F300000205DF808FB00BF4DF808EDFFF7E0FF1B
:105F400094BF012000205DF808FB00BF4DF808ED6C
:105F5000FFF7CEFF94BF012000205DF808FB00BFD3
:105F60004DF808EDFFF7C4FF34BF012000205DF8B5
:105F700008FB00BF4FEA410C7FEA6C5C02D150EA9B
:105F8000013C0AD14FEA430C7FEA6C5C02D152EA31
:105F9000033C02D14FF0000070474FF00100704702
:105FA000024B58221A604FF0FF30704704A60020C1
:105FB000024B58221A604FF0FF30704704A60020B1
:105FC000024B58221A604FF0FF30704704A60020A1
:105FD000024B58221A600020704700BF04A6002020
:105FE000024B58221A604FF0FF30704704A6002081
:105FF000024B58221A604FF0FF30704704A6002071
:10600000024B58221A604FF0FF30704704A6002060
:10601000FEE700BFF8B500BFF8BC08BC9E4670475D
:10602000F8B500BFF8BC08BC9E46704754696E794D
:106030005553422053657269616C000000000000F6
:1060400000000000C9740200817402007174020033
:10605000E9730200357402000974020065740200DD
:10606000ED720200F0FFFFFF00000000E17302008C
:106070001201000200000040862844800001010255
:106080000301000009020900000100A03200000025
:10609000303132333435363738394142434445465E
:1060A00053656565642053747564696F0000000072
:1060B0005849414F206E5246353238343000000086
:1060C0004164616672756974000000004D6173730C
:1060D0002053746F7261676500000000312E30003C
:1060E0007573626400000000050F39000218100586
:1060F0000038B60834A909A0478BFDA0768815B6EC
:1061000065000101011C100500DF60DDD88945C76D
:106110004C9CD2659D9E648A9F00000306B20002DB
:1061200000000000F17E0200657F0200917F020006
:10613000858002004581020000000000958A02006F
:10614000A58A0200B58A0200498B0200818C0200F8
:1061500000000000CD820200DD820200ED8202001C
:10616000A9830200A185020000000000258602002C
:1061700081860200A9860200C1870200C58702004D
:1061800000000000F19202004D9302006D930200A6
:106190003D7C020055940200000000000000000059
:1061A0000338FDD8704700005B73656375726974CE
:1061B000795D205472757374656420686F73742000
:1061C00073617665640000005B7365637572697462
:1061D000795D205365637572656420686F73742000
:1061E0006973206E6F7420696E20616C6C6F776CC0
:1061F000697374005B73656E736F725D20424E4FFE
:10620000303835206E6F7420666F756E6400000044
:106210005B73656E736F725D20424E4F3038352070
:1062200047616D6520526F746174696F6E205665A9
:1062300063746F7220656E61626C656400000000BB
:106240005B73656375726974795D20506169726909
:106250006E67206661696C65643A200059554E533B
:10626000482056312028476C6173736573290000FC
:1062700059554E534800000059554E534820563149
:1062800020476C617373657320436F6E74726F6C1B
:106290006C65720046303030414130332D3034353A
:1062A000312D343030302D423030302D30303030E0
:1062B0003030303030303030000000004630303088
:1062C000414130322D303435312D343030302D4293
:1062D0003030302D303030303030303030303030C1
:1062E0000000000046303030414130312D3034352F
:1062F000312D343030302D423030302D3030303090
:106300003030303030303030000000004630303037
:10631000414130302D303435312D343030302D4244
:106320003030302D30303030303030303030303070
:10633000000000005B73656375726974795D2054B9
:1063400072757374656420686F73747320616E6412
:1063500020626F6E647320636C6561726564000017
:106360007061697200000000636C6561720000007A
:1063700074617265000000005B73656E736F725D1F
:106380002053747265616D207265737461727465F7
:10639000643B2075736520686F73742D7369646541
:1063A00020726563656E74657220666F7220334477
:1063B0006F460000737461747573000062617474D9
:1063C0006572795F6D563D00206261747465727903
:1063D0005F7063743D0000002073656E736F723DE3
:1063E0000000000020686F7374733D005B73656389
:1063F00075726974795D2050616972696E67207782
:10640000696E646F77206F70656E656400000000D0
:106410005849414F206E5246353238343020636F30
:106420006D70617469626C6500000000312E302E61
:106430003000000059554E53482056312028476CF3
:1064400061737365732920726561647900000000CF
:10645000436F6E736F6C653A20737461747573204B
:106460007C2070616972207C20636C656172207C85
:1064700020746172650000002F79756E73682D6756
:106480006C61737365732E62696E00002F79756E8F
:1064900073682D676C61737365732E746D70000083
:1064A0000000000000000000C9D70200F1D7020080
:1064B000F9790200B1D70200B9D70200C1D70200B2
:1064C000ADD702000500010001000000424E4F3030
:1064D0003878202D204572726F72206465636F6476
:1064E000696E672073656E736F72206576656E7472
:1064F00000000000493243206164647265737320B8
:106500006E6F7420666F756E6400000000000000FE
:106510000000000035DF02000000000079E1020009
:10652000B5E30200646576696365000065786563BC
:10653000757461626C650000636F6E74726F6C00DD
:1065400073656E736F726875620000000000000072
:10655000A1E1020000000000696E7075744E6F7258
:106560006D616C00696E70757457616B6500000039
:10657000696E7075744779726F5276000001000081
:10658000636F6D6D616E640000000000000000002C
:1065900015FE020019FE02002E0000002E2E000043
:1065A0002F0000000000000000000000F9010300BF
:1065B00079000300F9790200290103009D0103001D
:1065C000B90003006D0103006C66735F636163686B
:1065D000655F7265616400006C66735F6361636828
:1065E000655F70726F6700006C66735F63747A5FDB
:1065F00066696E64000000006C66735F63747A5FA6
:10660000657874656E6400006C66735F66696C65BE
:106610005F73796E630000006C66735F72656D6F07
:10662000766500006C66735F72656E616D65000073
:106630006C66735F696E697400000000706361636B
:1066400068652D3E626C6F636B203D3D203078663F
:106650006666666666666600626C6F636B203C20E9
:106660006C66732D3E6366672D3E626C6F636B5F75
:10667000636F756E740000002F55736572732F740D
:10668000696D2F2E706C6174666F726D696F2F70FB
:1066900061636B616765732F6672616D65776F7299
:1066A0006B2D61726475696E6F6164616672756984
:1066B000746E726635322F6C6962726172696573CD
:1066C0002F41646166727569745F4C6974746C659E
:1066D00046532F7372632F6C6974746C6566732FE5
:1066E0006C66732E6300000068656164203E3D2087
:1066F000322026262068656164203C3D206C66734C
:106700002D3E6366672D3E626C6F636B5F636F75D2
:106710006E740000656E7472792E642E74797065E3
:10672000203D3D204C46535F545950455F524547EC
:10673000000000006E626C6F636B203E3D203220D3
:106740002626206E626C6F636B203C3D206C667366
:106750002D3E6366672D3E626C6F636B5F636F7582
:106760006E7400006C66732D3E6366672D3E6C6F21
:106770006F6B61686561642025203332203D3D20C8
:10678000300000006C66732D3E6366672D3E6C6FB3
:106790006F6B6168656164203E2030006C66732D0C
:1067A0003E6366672D3E70726F675F73697A65201E
:1067B00025206C66732D3E6366672D3E72656164AD
:1067C0005F73697A65203D3D203000006C66732D53
:1067D0003E6366672D3E626C6F636B5F73697A65BB
:1067E0002025206C66732D3E6366672D3E70726FA8
:1067F000675F73697A65203D3D203000342A6C66FE
:10680000735F6E7077322830786666666666666695
:1068100066202F20286C66732D3E6366672D3E62CE
:106820006C6F636B5F73697A652D322A3429292076
:106830003C3D206C66732D3E6366672D3E626C6F37
:10684000636B5F73697A65006C6974746C656673F9
:106850000000000072657300000000006410B71DA6
:10686000C8206E3BAC30D9269041DC76F4516B6B7E
:106870005861B24D3C7105502083B8ED44930FF040
:10688000E8A3D6D68CB361CBB0C2649BD4D2D386F6
:1068900078E20AA01CF2BDBD00000000000000006C
:1068A000F95A03000D5B0300110000000000000016
:1068B0000000000091630300A9630300C5630300A7
:1068C000E96503000000000000000000356D0300D2
:1068D000596D0300100018000000C80000000000FF
:1068E00000000000C17F0300C17F0300C57F0300DB
:1068F00000000000000000003D8003004180030014
:1069000030690400386904004069040054690400D7
:106910000100000711000000D8ECF0F4F8FC0002C0
:106920000304050607080000424C4500534F43008E
:106930005075626C69630000537461746963000090
:1069400050726976617465205265736F6C7661620E
:106950006C65000050726976617465204E6F6E2020
:106960005265736F6C7661626C65000023D1BCEA7E
:106970005F782315DEEF12123015000023D1BCEA38
:106980005F782315DEEF12123215000023D1BCEA26
:106990005F782315DEEF12123115000023D1BCEA17
:1069A0005F782315DEEF121234150000000000009E
:1069B00000000000C17F0300C17F03000D8E0300B3
:1069C000312E312E310000004164616672756974A8
:1069D00020496E647573747269657300000000006D
:1069E00000000000C17F0300C17F03006D8F030022
:1069F0002F61646166727569742F626F6E645F7077
:106A00007270682F25303258253032582530325870
:106A100025303258253032582530325800000000D9
:106A20002F61646166727569742F626F6E645F6353
:106A30006E74722F25303258253032582530325836
:106A400025303258253032582530325800000000A9
:106A50002F61646166727569742F626F6E645F7016
:106A6000727068002F61646166727569742F626F5D
:106A70006E645F636E747200253032583A2530328E
:106A8000583A253032583A253032583A2530325863
:106A90003A253032580000000200000003000000D8
:106AA0001C0000001D0000000400000005000000A4
:106AB0002B0000002C0000002D0000002E00000024
:106AC0002F0000001A000000060000001E00000059
:106AD0000E000000280000001B000000070000005E
:106AE0000B0000002A000000200000001000000041
:106AF0000D0000001100000015000000190000004A
:106B0000140000001800000016000000170000002C
:106B1000090000000A0000001F000000546D7251BF
:106B200000000000546D7220537663006C6F6F702C
:106B30000000000043616C6C6261636B0000000048
:106B400073256C7520256C752E256C752E256C753E
:106B5000000000002530386C582530386C58000093
:106B60004661696C20746F2061637175697265207C
:106B70006D757465780A00004661696C20746F2039
:106B800072656C65617365206D757465780A0000C7
:106B90004661696C20746F20696E6372656173650C
:106BA00020504D20636F756E7465720A00000000FE
:106BB0004661696C20746F206465637265617365FA
:106BC00020504D20636F756E7465720A00000000DE
:106BD000000102030405060708090A0B0C0D0E0F3D
:106BE000101112131415161718191A1B1C1D1E1F2D
:106BF000C6A13B37878F5B826F4F8162A1C8D8796E
:106C00009503E3A2245A2BE43C9874EDFE1BED9E01
:106C1000F29000B62A499FD0A9F39A6ADD2E7780B8
:106C20009DBA41A777F3B46A37B7AAAE49D6DF8DCC
:106C30002F7A3C600708D124ACD3C5DE3B6584477E
:106C4000000000000100000003000000020000003E
:106C5000FFFFFFFF070000004661696C20746F2092
:106C60006765742054524E47206368617261637493
:106C70006572697A6174696F6E20706172616D65A9
:106C800074657273200A00004661696C20746F207D
:106C90006372656174652053594D206D7574657814
:106CA0000A0000004661696C20746F2063726561A0
:106CB0007465204153594D206D757465780A000044
:106CC0004661696C656420746F20637265617465E8
:106CD00020506F776572206D757465780A0000002A
:106CE0004661696C20746F2063726561746520472A
:106CF000656E566563206D757465780A0000000046
:106D000043616E277420696E697469616C697A6584
:106D1000206D757465782C20776173204E554C4C2E
:106D20000D0A000043616E2774206C6F636B206D49
:106D3000757465782C20776173204E554C4C0D0A84
:106D40000000000043616E277420756E6C6F636BEA
:106D5000206D757465782C20776173204E554C4CEE
:106D60000D0A0000536153695F48616C5761697493
:106D7000496E746572727570742063616E742077E9
:106D800061697420666F72206E6F7468696E670A3D
:106D900000000000000102030405060708090A0BB1
:106DA0000C0D0E0F101112131415161718191A1BAB
:106DB0001C1D1E1F2123040029230400312304006D
:106DC0003923040041230400492304005123040013
:106DD0005923040061230400692304007123040083
:106DE0000000000073ACFFFFFEFFFFFFFFFFFFFF8F
:106DF000FFFFFFFFFFFFFFFF00000000000000009B
:106E00000000000000000000000000000000000082
:106E10000000000000000000000000000000000072
:106E20000000000000000000000000000000000062
:106E30000000000000000000000000000000000052
:106E40000000000000000000000000000000000042
:106E50000000000000000000000000000000000032
:106E60000000000000000000000000000000000022
:106E7000000000000700000000000000000000000B
:106E80000000000000000000000000000000000002
:106E900000000000000000000000000000000000F2
:106EA00000000000000000000000000000000000E2
:106EB000000000000000000000000000B3B616CA89
:106EC0009AABDF16FAB801000000000000000000D5
:106ED00001000000000000000000000000000000B1
:106EE00000000000000000000000000000000000A2
:106EF0000000000000000000000000000000000092
:106F00000000000000000000BB7E4DDDF5F43630CF
:106F1000769E01A492A17AE32C384C3B000000003D
:106F20000000000000000000000000000000000061
:106F30000000000000000000000000000000000051
:106F40000000000000000000000000000000000041
:106F5000EE4F3CF0C33317538682C26BEDDC8F31AA
:106F600035F98C93000000000000000000000000D4
:106F70000000000000000000000000000000000011
:106F80000000000000000000000000000000000001
:106F900000000000000000000100000000000000F0
:106FA0000000000080000000000000000000000061
:106FB000FFFFFFFFFFFFFFFFFF00000000000000DA
:106FC00000000000000000000000000000000000C1
:106FD00000000000000000000000000000000000B1
:106FE00000000000000000000000000000000000A1
:106FF0000000000000000000000000000000000091
:107000000000000000000000000000000000000080
:107010000000000000000000000000000000000070
:107020000000000000000000000000000000000060
:107030000000000000000000000000000000000050
:107040000000000000000000000000000000000040
:107050000000000000000000000000000000000030
:107060000000000000000000000000000000000020
:107070000000000000000000000000000000000010
:107080000000000000000000000000000000000000
:10709000000000000000000000000000A000000050
:1070A000A100000005000000000000005345434718
:1070B0005F5052494D455F3136304B310000000082
:1070C000FFFFFF7FFFFFFFFFFFFFFFFFFFFFFFFF50
:1070D000FFFFFFFF000000000000000000000000B4
:1070E00000000000000000000000000000000000A0
:1070F0000000000000000000000000000000000090
:107100000000000000000000FCFFFF7FFFFFFFFF0A
:10711000FFFFFFFFFFFFFFFFFFFFFFFF000000007B
:10712000000000000000000000000000000000005F
:10713000000000000000000000000000000000004F
:10714000000000000000000000000000000000003F
:1071500045FA65C5ADD4D4819FF8AC658B7ABD5432
:10716000FCBE971C000000000000000000000000B2
:10717000000000000000000000000000000000000F
:1071800000000000000000000000000000000000FF
:107190000000000000000000572275CAD3AE27F996
:1071A000C8F4010000000000000000000100000021
:1071B00000000000000000000000000000000000CF
:1071C00000000000000000000000000000000000BF
:1071D00000000000000000000000000000000000AF
:1071E0000000000082FCCB13B98BC3688969644638
:1071F0002873F58E68B5964A000000000000000074
:10720000000000000000000000000000000000007E
:10721000000000000000000000000000000000006E
:1072200000000000000000000000000032FBC57AF2
:107230003751230412C9DC597D9468315528A6239F
:10724000000000000000000000000000000000003E
:10725000000000000000000000000000000000002E
:10726000000000000000000000000000000000001E
:10727000000000000100000000000000000000000D
:10728000800000000000000000000000FFFFFFFF82
:10729000FFFFFFFFFF0000000000000000000000F3
:1072A00000000000000000000000000000000000DE
:1072B00000000000000000000000000000000000CE
:1072C00000000000000000000000000000000000BE
:1072D00000000000000000000000000000000000AE
:1072E000000000000000000000000000000000009E
:1072F000000000000000000000000000000000008E
:10730000000000000000000000000000000000007D
:10731000000000000000000000000000000000006D
:10732000000000000000000000000000000000005D
:10733000000000000000000000000000000000004D
:10734000000000000000000000000000000000003D
:10735000000000000000000000000000000000002D
:10736000000000000000000000000000000000001D
:107370000000000000000000A0000000A1000000CC
:107380000500000001000000534543475F5052498B
:107390004D455F31363052310000000073ACFFFFC5
:1073A000FEFFFFFFFFFFFFFFFFFFFFFFFFFFFFFFEE
:1073B00000000000000000000000000000000000CD
:1073C00000000000000000000000000000000000BD
:1073D00000000000000000000000000000000000AD
:1073E0000000000070ACFFFFFEFFFFFFFFFFFFFF8C
:1073F000FFFFFFFFFFFFFFFF000000000000000095
:10740000000000000000000000000000000000007C
:10741000000000000000000000000000000000006C
:10742000000000000000000000000000BA8803F522
:107430005A4D6604492757AB8BEB59FBD334E1B463
:10744000000000000000000000000000000000003C
:10745000000000000000000000000000000000002C
:10746000000000000000000000000000000000001C
:10747000000000006BA1A1F318A886E71E350000EC
:1074800000000000000000000100000000000000FB
:1074900000000000000000000000000000000000EC
:1074A00000000000000000000000000000000000DC
:1074B00000000000000000000000000000000000CC
:1074C0006DCE44319D19F7301BF14F1F7E113A29C3
:1074D00034B0DC520000000000000000000000009A
:1074E000000000000000000000000000000000009C
:1074F000000000000000000000000000000000008C
:1075000000000000000000002E3FD4A7FE2C98F9D8
:107510000DFA71E096F231E3F2FEAFFE00000000DA
:10752000000000000000000000000000000000005B
:10753000000000000000000000000000000000004B
:10754000000000000000000000000000000000003B
:1075500001000000000000000000000080000000AA
:107560000000000000000000FFFFFFFFFFFFFFFF23
:10757000FF0000000000000000000000000000000C
:1075800000000000000000000000000000000000FB
:1075900000000000000000000000000000000000EB
:1075A00000000000000000000000000000000000DB
:1075B00000000000000000000000000000000000CB
:1075C00000000000000000000000000000000000BB
:1075D00000000000000000000000000000000000AB
:1075E000000000000000000000000000000000009B
:1075F000000000000000000000000000000000008B
:10760000000000000000000000000000000000007A
:10761000000000000000000000000000000000006A
:10762000000000000000000000000000000000005A
:10763000000000000000000000000000000000004A
:10764000000000000000000000000000000000003A
:1076500000000000A0000000A100000005000000E4
:1076600002000000534543475F5052494D455F318A
:10767000363052320000000037EEFFFFFEFFFFFF02
:10768000FFFFFFFFFFFFFFFFFFFFFFFFFFFFFFFF0A
:1076900000000000000000000000000000000000EA
:1076A00000000000000000000000000000000000DA
:1076B00000000000000000000000000000000000CA
:1076C00000000000000000000000000000000000BA
:1076D00000000000000000000000000000000000AA
:1076E000000000000000000000000000000000009A
:1076F000000000000000000000000000000000008A
:107700000000000000000000030000000000000076
:107710000000000000000000000000000000000069
:107720000000000000000000000000000000000059
:107730000000000000000000000000000000000049
:107740000000000000000000000000000000000039
:107750008DFDDE746A46690F17FCF226FEFFFFFFFF
:10776000FFFFFFFFFFFFFFFF000000000000000021
:107770000000000000000000000000000000000009
:1077800000000000000000000000000000000000F9
:107790000000000000000000000000007D6CE0EA36
:1077A000B1D1A51D34F4B780027DB026AEE957C033
:1077B0000EF14FDB000000000000000000000000A0
:1077C00000000000000000000000000000000000B9
:1077D00000000000000000000000000000000000A9
:1077E000000000009D2F5ED988AA82403486BE1515
:1077F000D0634184A728569C6D2F2F9B000000006A
:107800000000000000000000000000000000000078
:107810000000000000000000000000000000000068
:107820000000000000000000000000000100000057
:1078300000000000000000008000000000000000C8
:1078400000000000000000000000000080000000B8
:107850000000000000000000000000000000000028
:107860000000000000000000000000000000000018
:107870000000000000000000000000000000000008
:1078800000000000000000000000000000000000F8
:1078900000000000000000000000000000000000E8
:1078A00000000000000000000000000000000000D8
:1078B00000000000000000000000000000000000C8
:1078C00000000000000000000000000000000000B8
:1078D00000000000000000000000000000000000A8
:1078E0000000000000000000000000000000000098
:1078F0000000000000000000000000000000000088
:107900000000000000000000000000000000000077
:107910000000000000000000000000000000000067
:107920000000000000000000000000000000000057
:10793000C0000000C00000000500000003000000BF
:10794000534543475F5052494D455F3139324B31C2
:1079500000000000FFFFFFFFFFFFFFFFFEFFFFFF34
:10796000FFFFFFFFFFFFFFFFFFFFFFFF0000000023
:107970000000000000000000000000000000000007
:1079800000000000000000000000000000000000F7
:10799000000000000000000000000000FCFFFFFFEE
:1079A000FFFFFFFFFEFFFFFFFFFFFFFFFFFFFFFFE8
:1079B000FFFFFFFF000000000000000000000000CB
:1079C00000000000000000000000000000000000B7
:1079D00000000000000000000000000000000000A7
:1079E00000000000B1B946C1ECDEB8FE4930247297
:1079F000ABE9A70FE7809CE51905216400000000B2
:107A00000000000000000000000000000000000076
:107A10000000000000000000000000000000000066
:107A20000000000000000000000000003128D2B477
:107A3000B1C96B1436F8DE99FFFFFFFFFFFFFFFFB0
:107A4000FFFFFFFF0000000000000000000000003A
:107A50000000000000000000000000000000000026
:107A60000000000000000000000000000000000016
:107A700000000000000000001210FF82FD0AFFF469
:107A80000088A143EB20BF7CF69030B00EA88D1883
:107A900000000000000000000000000000000000E6
:107AA00000000000000000000000000000000000D6
:107AB00000000000000000000000000000000000C6
:107AC0001148791EA177F973D5CD246BED111063A0
:107AD00078DAC8FF952B19070000000000000000AD
:107AE0000000000000000000000000000000000096
:107AF0000000000000000000000000000000000086
:107B00000000000000000000010000000000000074
:107B100000000000800000000000000000000000E5
:107B200000000000000000008000000000000000D5
:107B30000000000000000000000000000000000045
:107B40000000000000000000000000000000000035
:107B50000000000000000000000000000000000025
:107B60000000000000000000000000000000000015
:107B70000000000000000000000000000000000005
:107B800000000000000000000000000000000000F5
:107B900000000000000000000000000000000000E5
:107BA00000000000000000000000000000000000D5
:107BB00000000000000000000000000000000000C5
:107BC00000000000000000000000000000000000B5
:107BD00000000000000000000000000000000000A5
:107BE0000000000000000000000000000000000095
:107BF0000000000000000000000000000000000085
:107C0000000000000000000000000000C0000000B4
:107C1000C000000005000000040000005345434779
:107C20005F5052494D455F313932523100000000FA
:107C30006DE5FFFFFEFFFFFFFFFFFFFFFFFFFFFF01
:107C4000FFFFFFFFFFFFFFFFFFFFFFFF0000000040
:107C50000000000000000000000000000000000024
:107C60000000000000000000000000000000000014
:107C70000000000000000000000000000000000004
:107C800000000000000000000000000000000000F4
:107C900000000000000000000000000000000000E4
:107CA00000000000000000000000000000000000D4
:107CB00000000000000000000000000000000000C4
:107CC00005000000000000000000000000000000AF
:107CD00000000000000000000000000000000000A4
:107CE0000000000000000000000000000000000094
:107CF0000000000000000000000000000000000084
:107D00000000000000000000F7B19F7671A9F0CAE2
:107D10008461ECD2E8DC01000000000000000000FB
:107D20000000000001000000000000000000000052
:107D30000000000000000000000000000000000043
:107D40000000000000000000000000000000000033
:107D5000000000005CA4B7B60E657E0FA97570E444
:107D6000E967A469A128FC30DF99F04D335B45A198
:107D70000000000000000000000000000000000003
:107D800000000000000000000000000000000000F3
:107D9000000000000000000000000000A5616D551B
:107DA000DB4BCAE259BDB0C0F719E3F7D6FBCA8274
:107DB0004234BA7FED9F087E000000000000000002
:107DC00000000000000000000000000000000000B3
:107DD00000000000000000000000000000000000A3
:107DE0000000000001000000000000000000000092
:107DF000800000000000000000000000FFFFFFFF07
:107E0000FFFFFFFFFF000000000000000000000077
:107E10000000000000000000000000000000000062
:107E20000000000000000000000000000000000052
:107E30000000000000000000000000000000000042
:107E40000000000000000000000000000000000032
:107E50000000000000000000000000000000000022
:107E60000000000000000000000000000000000012
:107E70000000000000000000000000000000000002
:107E800000000000000000000000000000000000F2
:107E900000000000000000000000000000000000E2
:107EA00000000000000000000000000000000000D2
:107EB00000000000000000000000000000000000C2
:107EC00000000000000000000000000000000000B2
:107ED00000000000000000000000000000000000A2
:107EE0000000000000000000E0000000E1000000D1
:107EF0000500000005000000534543475F5052490C
:107F00004D455F3232344B3100000000010000006B
:107F10000000000000000000FFFFFFFFFFFFFFFF69
:107F2000FFFFFFFFFFFFFFFF000000000000000059
:107F30000000000000000000000000000000000041
:107F40000000000000000000000000000000000031
:107F500000000000FEFFFFFFFFFFFFFFFFFFFFFF2E
:107F6000FEFFFFFFFFFFFFFFFFFFFFFFFFFFFFFF22
:107F70000000000000000000000000000000000001
:107F800000000000000000000000000000000000F1
:107F9000000000000000000000000000B4FF5523B6
:107FA00043390B27BAD8BFD7B7B04450563241F542
:107FB000ABB3040C850A05B400000000000000000B
:107FC00000000000000000000000000000000000B1
:107FD00000000000000000000000000000000000A1
:107FE000000000003D2A5C5C4529DD133EF0B8E04E
:107FF000A216FFFFFFFFFFFFFFFFFFFFFFFFFFFFD7
:108000000000000000000000000000000000000070
:108010000000000000000000000000000000000060
:108020000000000000000000000000000000000050
:10803000211D5C11D68032342211C256D3C1034AAD
:10804000B99013327FBFB46BBD0C0EB700000000B7
:108050000000000000000000000000000000000020
:108060000000000000000000000000000000000010
:108070000000000000000000347E00859981D54496
:108080006447075AA07543CDE6DF224CFB23F7B5C2
:10809000886337BD00000000000000000000000001
:1080A00000000000000000000000000000000000D0
:1080B00000000000000000000000000000000000C0
:1080C000010000000000000000000000800000002F
:1080D00000000000000000000000000000000000A0
:1080E0008000000000000000000000000000000010
:1080F0000000000000000000000000000000000080
:10810000000000000000000000000000000000006F
:10811000000000000000000000000000000000005F
:10812000000000000000000000000000000000004F
:10813000000000000000000000000000000000003F
:10814000000000000000000000000000000000002F
:10815000000000000000000000000000000000001F
:10816000000000000000000000000000000000000F
:1081700000000000000000000000000000000000FF
:1081800000000000000000000000000000000000EF
:1081900000000000000000000000000000000000DF
:1081A00000000000000000000000000000000000CF
:1081B00000000000000000000000000000000000BF
:1081C00000000000E0000000E000000005000000EA
:1081D00006000000534543475F5052494D455F320A
:1081E00032345231000000002FFCFFFFFEFFFFFF82
:1081F000FFFFFFFFFFFFFFFFFFFFFFFFFFFFFFFF8F
:10820000FFFFFFFFFFFFFFFF000000000000000076
:10821000000000000000000000000000000000005E
:10822000000000000000000000000000000000004E
:10823000000000000000000000000000000000003E
:10824000000000000000000000000000000000002E
:10825000000000000000000000000000000000001E
:10826000000000000000000000000000000000000E
:1082700000000000000000000700000000000000F7
:1082800000000000000000000000000000000000EE
:1082900000000000000000000000000000000000DE
:1082A00000000000000000000000000000000000CE
:1082B00000000000000000000000000000000000BE
:1082C000414136D08C5ED2BF3BA048AFE6DCAEBAAF
:1082D000FEFFFFFFFFFFFFFFFFFFFFFFFFFFFFFFAF
:1082E000000000000000000000000000000000008E
:1082F000000000000000000000000000000000007E
:108300000000000000000000000000009817F816B0
:108310005B81F259D928CE2DDBFC9B02070B87CE5F
:108320009562A055ACBBDCF97E66BE79000000000A
:10833000000000000000000000000000000000003D
:10834000000000000000000000000000000000002D
:1083500000000000B8D410FB8FD0479C195485A6AC
:1083600048B417FDA808110EFCFBA45D65C4A32644
:1083700077DA3A480000000000000000000000002A
:1083800000000000000000000000000000000000ED
:1083900000000000000000000000000001000000DC
:1083A000000000000000000080000000000000004D
:1083B000000000000000000000000000800000003D
:1083C00000000000000000000000000000000000AD
:1083D000000000000000000000000000000000009D
:1083E000000000000000000000000000000000008D
:1083F000000000000000000000000000000000007D
:10840000000000000000000000000000000000006C
:10841000000000000000000000000000000000005C
:10842000000000000000000000000000000000004C
:10843000000000000000000000000000000000003C
:10844000000000000000000000000000000000002C
:10845000000000000000000000000000000000001C
:10846000000000000000000000000000000000000C
:1084700000000000000000000000000000000000FC
:1084800000000000000000000000000000000000EC
:1084900000000000000000000000000000000000DC
:1084A00000010000000100000500000007000000BE
:1084B000534543475F5052494D455F3235364B3146
:1084C00000000000FFFFFFFFFFFFFFFFFFFFFFFFB8
:1084D000000000000000000000000000010000009B
:1084E000FFFFFFFF00000000000000000000000090
:1084F000000000000000000000000000000000007C
:10850000000000000000000000000000FCFFFFFF72
:10851000FFFFFFFFFFFFFFFF000000000000000063
:108520000000000001000000FFFFFFFF000000004E
:10853000000000000000000000000000000000003B
:10854000000000000000000000000000000000002B
:10855000000000004B60D2273E3CCE3BF6B053CC2F
:10856000B0061D65BC86987655BDEBB3E7933AAA75
:10857000D835C65A000000000000000000000000CE
:1085800000000000000000000000000000000000EB
:10859000000000000000000000000000512563FC06
:1085A000C2CAB9F3849E17A7ADFAE6BCFFFFFFFF6E
:1085B000FFFFFFFF00000000FFFFFFFF00000000C3
:1085C00000000000000000000000000000000000AB
:1085D000000000000000000000000000000000009B
:1085E000000000000000000096C298D84539A1F4B0
:1085F000A033EB2D817D0377F240A463E5E6BCF860
:1086000047422CE1F2D1176B00000000000000008F
:10861000000000000000000000000000000000005A
:10862000000000000000000000000000000000004A
:10863000F551BF376840B6CBCE5E316B5733CE2B8A
:10864000169E0F7C4AEBE78E9B7F1AFEE242E34FB9
:10865000000000000000000000000000000000001A
:10866000000000000000000000000000000000000A
:10867000000000000000000001000000FFFFFFFFFD
:108680007F000000800000000000000000000000EB
:10869000FFFFFFFF7F0000008000000000000000DF
:1086A00000000000000000000000000000000000CA
:1086B00000000000000000000000000000000000BA
:1086C00000000000000000000000000000000000AA
:1086D000000000000000000000000000000000009A
:1086E000000000000000000000000000000000008A
:1086F000000000000000000000000000000000007A
:108700000000000000000000000000000000000069
:108710000000000000000000000000000000000059
:108720000000000000000000000000000000000049
:108730000000000000000000000000000000000039
:108740000000000000000000000000000000000029
:108750000000000000000000000000000000000019
:108760000000000000000000000000000000000009
:1087700000000000000000000000000000010000F8
:1087800000010000050000000800000053454347B9
:108790005F5052494D455F3235365231000000007E
:1087A000FFFFFFFF0000000000000000FFFFFFFFD1
:1087B000FEFFFFFFFFFFFFFFFFFFFFFFFFFFFFFFCA
:1087C000FFFFFFFFFFFFFFFFFFFFFFFFFFFFFFFFB9
:1087D0000000000000000000000000000000000099
:1087E0000000000000000000FCFFFFFF0000000090
:1087F00000000000FFFFFFFFFEFFFFFFFFFFFFFF86
:10880000FFFFFFFFFFFFFFFFFFFFFFFFFFFFFFFF78
:10881000FFFFFFFFFFFFFFFF000000000000000060
:108820000000000000000000000000000000000048
:10883000EF2AECD3EDC8852A9DD12E8A8D3956C6F4
:108840005A8713508F081403124181FE6E9C1D1825
:10885000192DF8E36B058E98E4E73EE2A72F31B3BC
:108860000000000000000000000000000000000008
:1088700000000000000000007329C5CC6A19ECEC70
:108880007AA7B048B20D1A58DF2D37F4814D63C76F
:10889000FFFFFFFFFFFFFFFFFFFFFFFFFFFFFFFFE8
:1088A000FFFFFFFFFFFFFFFF0000000000000000D0
:1088B00000000000000000000000000000000000B8
:1088C00000000000B70A7672385E543A6C2955BF32
:1088D0005DF20255382A5482E041F759989BA78BE4
:1088E000623B1D6E74AD20F31EC7B18E37058BBE83
:1088F00022CA87AA0000000000000000000000005B
:108900000000000000000000000000005F0EEA9080
:108910007C1D437A9D817E1DCEB1600AC0B8F0B542
:108920001331DAE97C149A28BD1DF4F829DC9292FF
:10893000BF989E5D6F2C26964ADE17360000000019
:108940000000000000000000000000000000000027
:108950000000000001000000000000000000000016
:108960008000000000000000000000000000000087
:108970000000000080000000000000000000000077
:1089800000000000000000000000000000000000E7
:1089900000000000000000000000000000000000D7
:1089A00000000000000000000000000000000000C7
:1089B00000000000000000000000000000000000B7
:1089C00000000000000000000000000000000000A7
:1089D0000000000000000000000000000000000097
:1089E0000000000000000000000000000000000087
:1089F0000000000000000000000000000000000077
:108A00000000000000000000000000000000000066
:108A10000000000000000000000000000000000056
:108A20000000000000000000000000000000000046
:108A30000000000000000000000000000000000036
:108A40000000000000000000000000000000000026
:108A50000000000000000000800100008001000014
:108A60000500000009000000534543475F5052498C
:108A70004D455F333834523100000000FFFFFFFFE7
:108A8000FFFFFFFFFFFFFFFFFFFFFFFFFFFFFFFFF6
:108A9000FFFFFFFFFFFFFFFFFFFFFFFFFFFFFFFFE6
:108AA000FFFFFFFFFFFFFFFFFFFFFFFFFFFFFFFFD6
:108AB000FFFFFFFFFFFFFFFFFFFFFFFFFF010000C2
:108AC00000000000FCFFFFFFFFFFFFFFFFFFFFFFB5
:108AD000FFFFFFFFFFFFFFFFFFFFFFFFFFFFFFFFA6
:108AE000FFFFFFFFFFFFFFFFFFFFFFFFFFFFFFFF96
:108AF000FFFFFFFFFFFFFFFFFFFFFFFFFFFFFFFF86
:108B0000FFFFFFFFFF01000000000000003F506B6F
:108B1000D41F45EFF1342C3D88DF733507BFB13BDF
:108B2000BDC052167B937EEC51391956E109F18E86
:108B30009189B4B8F315B3995B72DAA2EE4085B6A9
:108B4000A0219A921F9A1C8E61B93E955100000097
:108B500000000000096438911EB76FBBAE479C89C6
:108B6000B8C9B53BD0A509F74801CC7F6B962FBF9C
:108B700083878651FAFFFFFFFFFFFFFFFFFFFFFF25
:108B8000FFFFFFFFFFFFFFFFFFFFFFFFFFFFFFFFF5
:108B9000FFFFFFFFFF0100000000000000000000D9
:108BA00066BDE5C2317E7EF99B426A85C1B348331A
:108BB000DEA8FFA227C11DFE2859E7EF775E4BA173
:108BC000BA3D4D6B60AF28F821B53F053981649CF3
:108BD00042B4952366CB3E9ECDE90404B7068E854C
:108BE000C6000000000000005066D19F7694BE8849
:108BF00040C272A286703C356107AD3F01B950C5D5
:108C00004026F45E9972EE972C663E2717BDAF178B
:108C100068449B574944F598D91B7D2CB45F8A5C06
:108C200004C03B9A786A293918010000000000004E
:108C300001000000000000000000000080000000B3
:108C40000000000000000000000000000000000024
:108C50008000000000000000000000000000000094
:108C60000000000000000000000000000000000004
:108C700000000000000000000000000000000000F4
:108C800000000000000000000000000000000000E4
:108C900000000000000000000000000000000000D4
:108CA00000000000000000000000000000000000C4
:108CB00000000000000000000000000000000000B4
:108CC00000000000000000000000000000000000A4
:108CD0000000000000000000000000000000000094
:108CE0000000000000000000000000000000000084
:108CF0000000000000000000000000000000000074
:108D00000000000000000000000000000000000063
:108D10000000000000000000000000000000000053
:108D20000000000000000000000000000000000043
:108D30000000000009020000090200000500000018
:108D40000A000000534543475F5052494D455F3587
:108D500032315231000000002C2066756E63746958
:108D60006F6E3A2000617373657274696F6E2022B2
:108D7000257322206661696C65643A2066696C65BA
:108D800020222573222C206C696E652025642573B2
:108D900025730A00886100204300504F5349580052
:108DA0002E00232D302B2000686C4C006566674533
:108DB000464700494E4600696E66004E414E006EC1
:108DC000616E003000303132333435363738394156
:108DD0004243444546003031323334353637383932
:108DE000616263646566000020202020202020202E
:108DF000202828282828202020202020202020204B
:108E0000202020202020202088101010101010106A
:108E100010101010101010100404040404040404B2
:108E20000404101010101010104141414141410143
:108E30000101010101010101010101010101010122
:108E40000101011010101010104242424242420231
:108E500002020202020202020202020202020202F2
:108E6000020202101010102000000000000000009C
:108E700000000000000000000000000000000000F2
:108E800000000000000000000000000000000000E2
:108E900000000000000000000000000000000000D2
:108EA00000000000000000000000000000000000C2
:108EB00000000000000000000000000000000000B2
:108EC00000000000000000000000000000000000A2
:108ED0000000000000000000000000000000000092
:108EE0000000000000000000496E66696E69747938
:108EF000004E614E00000000000000000000000075
:108F00000000000000000000000000000000000061
:108F10000000000000000000000000000000000051
:108F20000000000000000000000000000000000041
:108F30000000000000000000000000000000000031
:108F40000000000000000000000000000000000021
:108F500000000000000000000080E03779C34143BA
:108F6000176E05B5B5B89346F5F93FE9034F384D8F
:108F7000321D30F94877825A3CBF737FDD4F15753B
:108F8000000000000000F03F00000000000024404E
:108F900000000000000059400000000000408F4029
:108FA000000000000088C34000000000006AF84094
:108FB0000000000080842E4100000000D0126341B8
:108FC0000000000084D797410000000065CDCD412E
:108FD000000000205FA00242000000E8764837420F
:108FE000000000A2941A6D42000040E59C30A242AD
:108FF0000000901EC4BCD64200003426F56B0C4322
:109000000080E03779C3414300A0D88557347643C8
:1090100000C84E676DC1AB43003D9160E458E14329
:10902000408CB5781DAF154450EFE2D6E41A4B449E
:1090300092D54D06CFF08044F64AE1C7022DB544E3
:10904000B49DD9794378EA44050000001900000076
:089050007D000000000000009B
:08905800F8E1FD7F01000000BA
:10906000000000000A00000000000306B200080033
:1090700001000000A800080002000000A000140089
:10908000030057494E555342000000000000000005
:1090900000008400040007002A00440065007600F8
:1090A00069006300650049006E007400650072008D
:1090B00066006100630065004700550049004400F8
:1090C0007300000050007B00390037003500460077
:1090D00034003400440039002D00300044003000DA
:1090E00038002D0034003300460044002D003800C5
:1090F0004200330045002D003100320037004300AC
:109100004100380041004600460046003900440056
:109110007D0000000000000010000C00F46D002035
:10912000000000000000000000000000000000003F
:10913000000000000000000000000000000000002F
:10914000000000000000000000000000000000001F
:10915000000000000000000000000000000000000F
:1091600000000000000000000000000000000000FF
:109170000146FFFF000000007D5B0300615B030010
:10918000355B0300295B03008000000080000000C5
:1091900080000000E00000008000000000000000EF
:1091A000000000000000000000000000C55C03009B
:1091B000315C0300255C0300155C0300FFFFFFFF2B
:1091C000D07D002008A600200090D00308000000F9
:1091D0000A000000AC9F0020C09F0020D49F002008
:1091E000E89F00208861002000000000188F040024
:1091F000388F0400F88E040000000000000000001A
:10920000000000000000000000000000000000005E
:10921000000000000000000000000000000000004E
:10922000000000000000000000000000000000003E
:10923000000000000000000000000000000000002E
:1092400000000000000000004300000000000000DB
:10925000000000000000000000000000000000000E
:1092600000000000000000004300000000000000BB
:1092700000000000000000000000000000000000EE
:10928000000000000000000043000000000000009B
:1092900000000000000000000000000000000000CE
:1092A000000000000000000043000000000000007B
:1092B00000000000000000000000000000000000AE
:1092C000000000000000000043000000000000005B
:1092D000000000000000000000000000000000008E
:1092E000000000000000000043000000000000003B
:1092F000000000000000000000000000000000006E
:10930000000000000000000043000000000000001A
:10931000000000000000000000000000000000004D
:109320000000000000000000A141040035310400ED
:1093300000000000E78D0400A08D0400938D040060
:10934000938D0400938D0400938D0400938D04008D
:10935000938D0400938D0400938D0400938D04007D
:10936000FFFFFFFFFFFFFFFFFFFFFFFFFFFF00000B
:109370000100415343494900000000000000000083
:1093800000000000000000000000000000000000DD
:109390000000415343494900000000000000000064
:1093A00000000000000000000000000000000000BD
:1093B000000000000172020035720200BD7502005B
:1093C000BDD2020011DD0200D55B0300118C030049
:1093D00031D9030051DB030079230400117202002C
:040000033000C7F111
:00000001FF
